[2021-09-05 13:06:53] production.ERROR: Undefined index: name {"exception":"[object] (ErrorException(code: 0): Undefined index: name at /home/bora/Projeler/enerjiyonetim/vendor/laravel/framework/src/Illuminate/Foundation/PackageManifest.php:122)
[stacktrace]
#0 /home/bora/Projeler/enerjiyonetim/vendor/laravel/framework/src/Illuminate/Foundation/PackageManifest.php(122): Illuminate\\Foundation\\Bootstrap\\HandleExceptions->handleError()
#1 /home/bora/Projeler/enerjiyonetim/vendor/laravel/framework/src/Illuminate/Support/Collection.php(685): Illuminate\\Foundation\\PackageManifest->Illuminate\\Foundation\\{closure}()
#2 /home/bora/Projeler/enerjiyonetim/vendor/laravel/framework/src/Illuminate/Foundation/PackageManifest.php(123): Illuminate\\Support\\Collection->mapWithKeys()
#3 /home/bora/Projeler/enerjiyonetim/vendor/laravel/framework/src/Illuminate/Foundation/PackageManifest.php(97): Illuminate\\Foundation\\PackageManifest->build()
#4 /home/bora/Projeler/enerjiyonetim/vendor/laravel/framework/src/Illuminate/Foundation/PackageManifest.php(80): Illuminate\\Foundation\\PackageManifest->getManifest()
#5 /home/bora/Projeler/enerjiyonetim/vendor/laravel/framework/src/Illuminate/Foundation/Bootstrap/RegisterFacades.php(26): Illuminate\\Foundation\\PackageManifest->aliases()
#6 /home/bora/Projeler/enerjiyonetim/vendor/laravel/framework/src/Illuminate/Foundation/Application.php(212): Illuminate\\Foundation\\Bootstrap\\RegisterFacades->bootstrap()
#7 /home/bora/Projeler/enerjiyonetim/vendor/laravel/framework/src/Illuminate/Foundation/Console/Kernel.php(320): Illuminate\\Foundation\\Application->bootstrapWith()
#8 /home/bora/Projeler/enerjiyonetim/vendor/laravel/framework/src/Illuminate/Foundation/Console/Kernel.php(129): Illuminate\\Foundation\\Console\\Kernel->bootstrap()
#9 /home/bora/Projeler/enerjiyonetim/artisan(37): Illuminate\\Foundation\\Console\\Kernel->handle()
#10 {main}
"} 
[2021-09-05 13:07:37] production.ERROR: Undefined index: name {"exception":"[object] (ErrorException(code: 0): Undefined index: name at /home/bora/Projeler/enerjiyonetim/vendor/laravel/framework/src/Illuminate/Foundation/PackageManifest.php:122)
[stacktrace]
#0 /home/bora/Projeler/enerjiyonetim/vendor/laravel/framework/src/Illuminate/Foundation/PackageManifest.php(122): Illuminate\\Foundation\\Bootstrap\\HandleExceptions->handleError()
#1 /home/bora/Projeler/enerjiyonetim/vendor/laravel/framework/src/Illuminate/Support/Collection.php(685): Illuminate\\Foundation\\PackageManifest->Illuminate\\Foundation\\{closure}()
#2 /home/bora/Projeler/enerjiyonetim/vendor/laravel/framework/src/Illuminate/Foundation/PackageManifest.php(123): Illuminate\\Support\\Collection->mapWithKeys()
#3 /home/bora/Projeler/enerjiyonetim/vendor/laravel/framework/src/Illuminate/Foundation/PackageManifest.php(97): Illuminate\\Foundation\\PackageManifest->build()
#4 /home/bora/Projeler/enerjiyonetim/vendor/laravel/framework/src/Illuminate/Foundation/PackageManifest.php(80): Illuminate\\Foundation\\PackageManifest->getManifest()
#5 /home/bora/Projeler/enerjiyonetim/vendor/laravel/framework/src/Illuminate/Foundation/Bootstrap/RegisterFacades.php(26): Illuminate\\Foundation\\PackageManifest->aliases()
#6 /home/bora/Projeler/enerjiyonetim/vendor/laravel/framework/src/Illuminate/Foundation/Application.php(212): Illuminate\\Foundation\\Bootstrap\\RegisterFacades->bootstrap()
#7 /home/bora/Projeler/enerjiyonetim/vendor/laravel/framework/src/Illuminate/Foundation/Console/Kernel.php(320): Illuminate\\Foundation\\Application->bootstrapWith()
#8 /home/bora/Projeler/enerjiyonetim/vendor/laravel/framework/src/Illuminate/Foundation/Console/Kernel.php(129): Illuminate\\Foundation\\Console\\Kernel->bootstrap()
#9 /home/bora/Projeler/enerjiyonetim/artisan(37): Illuminate\\Foundation\\Console\\Kernel->handle()
#10 {main}
"} 
[2021-09-05 13:07:56] production.ERROR: Undefined index: name {"exception":"[object] (ErrorException(code: 0): Undefined index: name at /home/bora/Projeler/enerjiyonetim/vendor/laravel/framework/src/Illuminate/Foundation/PackageManifest.php:122)
[stacktrace]
#0 /home/bora/Projeler/enerjiyonetim/vendor/laravel/framework/src/Illuminate/Foundation/PackageManifest.php(122): Illuminate\\Foundation\\Bootstrap\\HandleExceptions->handleError()
#1 /home/bora/Projeler/enerjiyonetim/vendor/laravel/framework/src/Illuminate/Support/Collection.php(685): Illuminate\\Foundation\\PackageManifest->Illuminate\\Foundation\\{closure}()
#2 /home/bora/Projeler/enerjiyonetim/vendor/laravel/framework/src/Illuminate/Foundation/PackageManifest.php(123): Illuminate\\Support\\Collection->mapWithKeys()
#3 /home/bora/Projeler/enerjiyonetim/vendor/laravel/framework/src/Illuminate/Foundation/PackageManifest.php(97): Illuminate\\Foundation\\PackageManifest->build()
#4 /home/bora/Projeler/enerjiyonetim/vendor/laravel/framework/src/Illuminate/Foundation/PackageManifest.php(80): Illuminate\\Foundation\\PackageManifest->getManifest()
#5 /home/bora/Projeler/enerjiyonetim/vendor/laravel/framework/src/Illuminate/Foundation/Bootstrap/RegisterFacades.php(26): Illuminate\\Foundation\\PackageManifest->aliases()
#6 /home/bora/Projeler/enerjiyonetim/vendor/laravel/framework/src/Illuminate/Foundation/Application.php(212): Illuminate\\Foundation\\Bootstrap\\RegisterFacades->bootstrap()
#7 /home/bora/Projeler/enerjiyonetim/vendor/laravel/framework/src/Illuminate/Foundation/Console/Kernel.php(320): Illuminate\\Foundation\\Application->bootstrapWith()
#8 /home/bora/Projeler/enerjiyonetim/vendor/laravel/framework/src/Illuminate/Foundation/Console/Kernel.php(129): Illuminate\\Foundation\\Console\\Kernel->bootstrap()
#9 /home/bora/Projeler/enerjiyonetim/artisan(37): Illuminate\\Foundation\\Console\\Kernel->handle()
#10 {main}
"} 
[2021-09-05 13:11:54] production.ERROR: Target class [TCG\Voyager\FormFields\imageHandler] does not exist. {"exception":"[object] (Illuminate\\Contracts\\Container\\BindingResolutionException(code: 0): Target class [TCG\\Voyager\\FormFields\\imageHandler] does not exist. at /home/bora/Projeler/enerjiyonetim/vendor/laravel/framework/src/Illuminate/Container/Container.php:805)
[stacktrace]
#0 /home/bora/Projeler/enerjiyonetim/vendor/laravel/framework/src/Illuminate/Container/Container.php(681): Illuminate\\Container\\Container->build()
#1 /home/bora/Projeler/enerjiyonetim/vendor/laravel/framework/src/Illuminate/Foundation/Application.php(785): Illuminate\\Container\\Container->resolve()
#2 /home/bora/Projeler/enerjiyonetim/vendor/laravel/framework/src/Illuminate/Container/Container.php(629): Illuminate\\Foundation\\Application->resolve()
#3 /home/bora/Projeler/enerjiyonetim/vendor/laravel/framework/src/Illuminate/Foundation/Application.php(770): Illuminate\\Container\\Container->make()
#4 /home/bora/Projeler/enerjiyonetim/vendor/laravel/framework/src/Illuminate/Foundation/helpers.php(120): Illuminate\\Foundation\\Application->make()
#5 /home/bora/Projeler/enerjiyonetim/vendor/tcg/voyager/src/Voyager.php(140): app()
#6 /home/bora/Projeler/enerjiyonetim/vendor/laravel/framework/src/Illuminate/Support/Facades/Facade.php(261): TCG\\Voyager\\Voyager->addFormField()
#7 /home/bora/Projeler/enerjiyonetim/vendor/tcg/voyager/src/VoyagerServiceProvider.php(342): Illuminate\\Support\\Facades\\Facade::__callStatic()
#8 /home/bora/Projeler/enerjiyonetim/vendor/tcg/voyager/src/VoyagerServiceProvider.php(78): TCG\\Voyager\\VoyagerServiceProvider->registerFormFields()
#9 /home/bora/Projeler/enerjiyonetim/vendor/laravel/framework/src/Illuminate/Foundation/Application.php(616): TCG\\Voyager\\VoyagerServiceProvider->register()
#10 /home/bora/Projeler/enerjiyonetim/vendor/laravel/framework/src/Illuminate/Foundation/ProviderRepository.php(75): Illuminate\\Foundation\\Application->register()
#11 /home/bora/Projeler/enerjiyonetim/vendor/laravel/framework/src/Illuminate/Foundation/Application.php(593): Illuminate\\Foundation\\ProviderRepository->load()
#12 /home/bora/Projeler/enerjiyonetim/vendor/laravel/framework/src/Illuminate/Foundation/Bootstrap/RegisterProviders.php(17): Illuminate\\Foundation\\Application->registerConfiguredProviders()
#13 /home/bora/Projeler/enerjiyonetim/vendor/laravel/framework/src/Illuminate/Foundation/Application.php(219): Illuminate\\Foundation\\Bootstrap\\RegisterProviders->bootstrap()
#14 /home/bora/Projeler/enerjiyonetim/vendor/laravel/framework/src/Illuminate/Foundation/Console/Kernel.php(320): Illuminate\\Foundation\\Application->bootstrapWith()
#15 /home/bora/Projeler/enerjiyonetim/vendor/laravel/framework/src/Illuminate/Foundation/Console/Kernel.php(129): Illuminate\\Foundation\\Console\\Kernel->bootstrap()
#16 /home/bora/Projeler/enerjiyonetim/artisan(37): Illuminate\\Foundation\\Console\\Kernel->handle()
#17 {main}

[previous exception] [object] (ReflectionException(code: -1): Class TCG\\Voyager\\FormFields\\imageHandler does not exist at /home/bora/Projeler/enerjiyonetim/vendor/laravel/framework/src/Illuminate/Container/Container.php:803)
[stacktrace]
#0 /home/bora/Projeler/enerjiyonetim/vendor/laravel/framework/src/Illuminate/Container/Container.php(803): ReflectionClass->__construct()
#1 /home/bora/Projeler/enerjiyonetim/vendor/laravel/framework/src/Illuminate/Container/Container.php(681): Illuminate\\Container\\Container->build()
#2 /home/bora/Projeler/enerjiyonetim/vendor/laravel/framework/src/Illuminate/Foundation/Application.php(785): Illuminate\\Container\\Container->resolve()
#3 /home/bora/Projeler/enerjiyonetim/vendor/laravel/framework/src/Illuminate/Container/Container.php(629): Illuminate\\Foundation\\Application->resolve()
#4 /home/bora/Projeler/enerjiyonetim/vendor/laravel/framework/src/Illuminate/Foundation/Application.php(770): Illuminate\\Container\\Container->make()
#5 /home/bora/Projeler/enerjiyonetim/vendor/laravel/framework/src/Illuminate/Foundation/helpers.php(120): Illuminate\\Foundation\\Application->make()
#6 /home/bora/Projeler/enerjiyonetim/vendor/tcg/voyager/src/Voyager.php(140): app()
#7 /home/bora/Projeler/enerjiyonetim/vendor/laravel/framework/src/Illuminate/Support/Facades/Facade.php(261): TCG\\Voyager\\Voyager->addFormField()
#8 /home/bora/Projeler/enerjiyonetim/vendor/tcg/voyager/src/VoyagerServiceProvider.php(342): Illuminate\\Support\\Facades\\Facade::__callStatic()
#9 /home/bora/Projeler/enerjiyonetim/vendor/tcg/voyager/src/VoyagerServiceProvider.php(78): TCG\\Voyager\\VoyagerServiceProvider->registerFormFields()
#10 /home/bora/Projeler/enerjiyonetim/vendor/laravel/framework/src/Illuminate/Foundation/Application.php(616): TCG\\Voyager\\VoyagerServiceProvider->register()
#11 /home/bora/Projeler/enerjiyonetim/vendor/laravel/framework/src/Illuminate/Foundation/ProviderRepository.php(75): Illuminate\\Foundation\\Application->register()
#12 /home/bora/Projeler/enerjiyonetim/vendor/laravel/framework/src/Illuminate/Foundation/Application.php(593): Illuminate\\Foundation\\ProviderRepository->load()
#13 /home/bora/Projeler/enerjiyonetim/vendor/laravel/framework/src/Illuminate/Foundation/Bootstrap/RegisterProviders.php(17): Illuminate\\Foundation\\Application->registerConfiguredProviders()
#14 /home/bora/Projeler/enerjiyonetim/vendor/laravel/framework/src/Illuminate/Foundation/Application.php(219): Illuminate\\Foundation\\Bootstrap\\RegisterProviders->bootstrap()
#15 /home/bora/Projeler/enerjiyonetim/vendor/laravel/framework/src/Illuminate/Foundation/Console/Kernel.php(320): Illuminate\\Foundation\\Application->bootstrapWith()
#16 /home/bora/Projeler/enerjiyonetim/vendor/laravel/framework/src/Illuminate/Foundation/Console/Kernel.php(129): Illuminate\\Foundation\\Console\\Kernel->bootstrap()
#17 /home/bora/Projeler/enerjiyonetim/artisan(37): Illuminate\\Foundation\\Console\\Kernel->handle()
#18 {main}
"} 
[2021-09-05 13:12:46] production.ERROR: Target class [TCG\Voyager\FormFields\imageHandler] does not exist. {"exception":"[object] (Illuminate\\Contracts\\Container\\BindingResolutionException(code: 0): Target class [TCG\\Voyager\\FormFields\\imageHandler] does not exist. at /home/bora/Projeler/enerjiyonetim/vendor/laravel/framework/src/Illuminate/Container/Container.php:805)
[stacktrace]
#0 /home/bora/Projeler/enerjiyonetim/vendor/laravel/framework/src/Illuminate/Container/Container.php(681): Illuminate\\Container\\Container->build()
#1 /home/bora/Projeler/enerjiyonetim/vendor/laravel/framework/src/Illuminate/Foundation/Application.php(785): Illuminate\\Container\\Container->resolve()
#2 /home/bora/Projeler/enerjiyonetim/vendor/laravel/framework/src/Illuminate/Container/Container.php(629): Illuminate\\Foundation\\Application->resolve()
#3 /home/bora/Projeler/enerjiyonetim/vendor/laravel/framework/src/Illuminate/Foundation/Application.php(770): Illuminate\\Container\\Container->make()
#4 /home/bora/Projeler/enerjiyonetim/vendor/laravel/framework/src/Illuminate/Foundation/helpers.php(120): Illuminate\\Foundation\\Application->make()
#5 /home/bora/Projeler/enerjiyonetim/vendor/tcg/voyager/src/Voyager.php(140): app()
#6 /home/bora/Projeler/enerjiyonetim/vendor/laravel/framework/src/Illuminate/Support/Facades/Facade.php(261): TCG\\Voyager\\Voyager->addFormField()
#7 /home/bora/Projeler/enerjiyonetim/vendor/tcg/voyager/src/VoyagerServiceProvider.php(342): Illuminate\\Support\\Facades\\Facade::__callStatic()
#8 /home/bora/Projeler/enerjiyonetim/vendor/tcg/voyager/src/VoyagerServiceProvider.php(78): TCG\\Voyager\\VoyagerServiceProvider->registerFormFields()
#9 /home/bora/Projeler/enerjiyonetim/vendor/laravel/framework/src/Illuminate/Foundation/Application.php(616): TCG\\Voyager\\VoyagerServiceProvider->register()
#10 /home/bora/Projeler/enerjiyonetim/vendor/laravel/framework/src/Illuminate/Foundation/ProviderRepository.php(75): Illuminate\\Foundation\\Application->register()
#11 /home/bora/Projeler/enerjiyonetim/vendor/laravel/framework/src/Illuminate/Foundation/Application.php(593): Illuminate\\Foundation\\ProviderRepository->load()
#12 /home/bora/Projeler/enerjiyonetim/vendor/laravel/framework/src/Illuminate/Foundation/Bootstrap/RegisterProviders.php(17): Illuminate\\Foundation\\Application->registerConfiguredProviders()
#13 /home/bora/Projeler/enerjiyonetim/vendor/laravel/framework/src/Illuminate/Foundation/Application.php(219): Illuminate\\Foundation\\Bootstrap\\RegisterProviders->bootstrap()
#14 /home/bora/Projeler/enerjiyonetim/vendor/laravel/framework/src/Illuminate/Foundation/Console/Kernel.php(320): Illuminate\\Foundation\\Application->bootstrapWith()
#15 /home/bora/Projeler/enerjiyonetim/vendor/laravel/framework/src/Illuminate/Foundation/Console/Kernel.php(129): Illuminate\\Foundation\\Console\\Kernel->bootstrap()
#16 /home/bora/Projeler/enerjiyonetim/artisan(37): Illuminate\\Foundation\\Console\\Kernel->handle()
#17 {main}

[previous exception] [object] (ReflectionException(code: -1): Class TCG\\Voyager\\FormFields\\imageHandler does not exist at /home/bora/Projeler/enerjiyonetim/vendor/laravel/framework/src/Illuminate/Container/Container.php:803)
[stacktrace]
#0 /home/bora/Projeler/enerjiyonetim/vendor/laravel/framework/src/Illuminate/Container/Container.php(803): ReflectionClass->__construct()
#1 /home/bora/Projeler/enerjiyonetim/vendor/laravel/framework/src/Illuminate/Container/Container.php(681): Illuminate\\Container\\Container->build()
#2 /home/bora/Projeler/enerjiyonetim/vendor/laravel/framework/src/Illuminate/Foundation/Application.php(785): Illuminate\\Container\\Container->resolve()
#3 /home/bora/Projeler/enerjiyonetim/vendor/laravel/framework/src/Illuminate/Container/Container.php(629): Illuminate\\Foundation\\Application->resolve()
#4 /home/bora/Projeler/enerjiyonetim/vendor/laravel/framework/src/Illuminate/Foundation/Application.php(770): Illuminate\\Container\\Container->make()
#5 /home/bora/Projeler/enerjiyonetim/vendor/laravel/framework/src/Illuminate/Foundation/helpers.php(120): Illuminate\\Foundation\\Application->make()
#6 /home/bora/Projeler/enerjiyonetim/vendor/tcg/voyager/src/Voyager.php(140): app()
#7 /home/bora/Projeler/enerjiyonetim/vendor/laravel/framework/src/Illuminate/Support/Facades/Facade.php(261): TCG\\Voyager\\Voyager->addFormField()
#8 /home/bora/Projeler/enerjiyonetim/vendor/tcg/voyager/src/VoyagerServiceProvider.php(342): Illuminate\\Support\\Facades\\Facade::__callStatic()
#9 /home/bora/Projeler/enerjiyonetim/vendor/tcg/voyager/src/VoyagerServiceProvider.php(78): TCG\\Voyager\\VoyagerServiceProvider->registerFormFields()
#10 /home/bora/Projeler/enerjiyonetim/vendor/laravel/framework/src/Illuminate/Foundation/Application.php(616): TCG\\Voyager\\VoyagerServiceProvider->register()
#11 /home/bora/Projeler/enerjiyonetim/vendor/laravel/framework/src/Illuminate/Foundation/ProviderRepository.php(75): Illuminate\\Foundation\\Application->register()
#12 /home/bora/Projeler/enerjiyonetim/vendor/laravel/framework/src/Illuminate/Foundation/Application.php(593): Illuminate\\Foundation\\ProviderRepository->load()
#13 /home/bora/Projeler/enerjiyonetim/vendor/laravel/framework/src/Illuminate/Foundation/Bootstrap/RegisterProviders.php(17): Illuminate\\Foundation\\Application->registerConfiguredProviders()
#14 /home/bora/Projeler/enerjiyonetim/vendor/laravel/framework/src/Illuminate/Foundation/Application.php(219): Illuminate\\Foundation\\Bootstrap\\RegisterProviders->bootstrap()
#15 /home/bora/Projeler/enerjiyonetim/vendor/laravel/framework/src/Illuminate/Foundation/Console/Kernel.php(320): Illuminate\\Foundation\\Application->bootstrapWith()
#16 /home/bora/Projeler/enerjiyonetim/vendor/laravel/framework/src/Illuminate/Foundation/Console/Kernel.php(129): Illuminate\\Foundation\\Console\\Kernel->bootstrap()
#17 /home/bora/Projeler/enerjiyonetim/artisan(37): Illuminate\\Foundation\\Console\\Kernel->handle()
#18 {main}
"} 
[2021-09-05 13:15:22] production.ERROR: Target class [TCG\Voyager\FormFields\imageHandler] does not exist. {"exception":"[object] (Illuminate\\Contracts\\Container\\BindingResolutionException(code: 0): Target class [TCG\\Voyager\\FormFields\\imageHandler] does not exist. at /home/bora/Projeler/enerjiyonetim/vendor/laravel/framework/src/Illuminate/Container/Container.php:805)
[stacktrace]
#0 /home/bora/Projeler/enerjiyonetim/vendor/laravel/framework/src/Illuminate/Container/Container.php(681): Illuminate\\Container\\Container->build()
#1 /home/bora/Projeler/enerjiyonetim/vendor/laravel/framework/src/Illuminate/Foundation/Application.php(785): Illuminate\\Container\\Container->resolve()
#2 /home/bora/Projeler/enerjiyonetim/vendor/laravel/framework/src/Illuminate/Container/Container.php(629): Illuminate\\Foundation\\Application->resolve()
#3 /home/bora/Projeler/enerjiyonetim/vendor/laravel/framework/src/Illuminate/Foundation/Application.php(770): Illuminate\\Container\\Container->make()
#4 /home/bora/Projeler/enerjiyonetim/vendor/laravel/framework/src/Illuminate/Foundation/helpers.php(120): Illuminate\\Foundation\\Application->make()
#5 /home/bora/Projeler/enerjiyonetim/vendor/tcg/voyager/src/Voyager.php(140): app()
#6 /home/bora/Projeler/enerjiyonetim/vendor/laravel/framework/src/Illuminate/Support/Facades/Facade.php(261): TCG\\Voyager\\Voyager->addFormField()
#7 /home/bora/Projeler/enerjiyonetim/vendor/tcg/voyager/src/VoyagerServiceProvider.php(342): Illuminate\\Support\\Facades\\Facade::__callStatic()
#8 /home/bora/Projeler/enerjiyonetim/vendor/tcg/voyager/src/VoyagerServiceProvider.php(78): TCG\\Voyager\\VoyagerServiceProvider->registerFormFields()
#9 /home/bora/Projeler/enerjiyonetim/vendor/laravel/framework/src/Illuminate/Foundation/Application.php(616): TCG\\Voyager\\VoyagerServiceProvider->register()
#10 /home/bora/Projeler/enerjiyonetim/vendor/laravel/framework/src/Illuminate/Foundation/ProviderRepository.php(75): Illuminate\\Foundation\\Application->register()
#11 /home/bora/Projeler/enerjiyonetim/vendor/laravel/framework/src/Illuminate/Foundation/Application.php(593): Illuminate\\Foundation\\ProviderRepository->load()
#12 /home/bora/Projeler/enerjiyonetim/vendor/laravel/framework/src/Illuminate/Foundation/Bootstrap/RegisterProviders.php(17): Illuminate\\Foundation\\Application->registerConfiguredProviders()
#13 /home/bora/Projeler/enerjiyonetim/vendor/laravel/framework/src/Illuminate/Foundation/Application.php(219): Illuminate\\Foundation\\Bootstrap\\RegisterProviders->bootstrap()
#14 /home/bora/Projeler/enerjiyonetim/vendor/laravel/framework/src/Illuminate/Foundation/Console/Kernel.php(320): Illuminate\\Foundation\\Application->bootstrapWith()
#15 /home/bora/Projeler/enerjiyonetim/vendor/laravel/framework/src/Illuminate/Foundation/Console/Kernel.php(129): Illuminate\\Foundation\\Console\\Kernel->bootstrap()
#16 /home/bora/Projeler/enerjiyonetim/artisan(37): Illuminate\\Foundation\\Console\\Kernel->handle()
#17 {main}

[previous exception] [object] (ReflectionException(code: -1): Class TCG\\Voyager\\FormFields\\imageHandler does not exist at /home/bora/Projeler/enerjiyonetim/vendor/laravel/framework/src/Illuminate/Container/Container.php:803)
[stacktrace]
#0 /home/bora/Projeler/enerjiyonetim/vendor/laravel/framework/src/Illuminate/Container/Container.php(803): ReflectionClass->__construct()
#1 /home/bora/Projeler/enerjiyonetim/vendor/laravel/framework/src/Illuminate/Container/Container.php(681): Illuminate\\Container\\Container->build()
#2 /home/bora/Projeler/enerjiyonetim/vendor/laravel/framework/src/Illuminate/Foundation/Application.php(785): Illuminate\\Container\\Container->resolve()
#3 /home/bora/Projeler/enerjiyonetim/vendor/laravel/framework/src/Illuminate/Container/Container.php(629): Illuminate\\Foundation\\Application->resolve()
#4 /home/bora/Projeler/enerjiyonetim/vendor/laravel/framework/src/Illuminate/Foundation/Application.php(770): Illuminate\\Container\\Container->make()
#5 /home/bora/Projeler/enerjiyonetim/vendor/laravel/framework/src/Illuminate/Foundation/helpers.php(120): Illuminate\\Foundation\\Application->make()
#6 /home/bora/Projeler/enerjiyonetim/vendor/tcg/voyager/src/Voyager.php(140): app()
#7 /home/bora/Projeler/enerjiyonetim/vendor/laravel/framework/src/Illuminate/Support/Facades/Facade.php(261): TCG\\Voyager\\Voyager->addFormField()
#8 /home/bora/Projeler/enerjiyonetim/vendor/tcg/voyager/src/VoyagerServiceProvider.php(342): Illuminate\\Support\\Facades\\Facade::__callStatic()
#9 /home/bora/Projeler/enerjiyonetim/vendor/tcg/voyager/src/VoyagerServiceProvider.php(78): TCG\\Voyager\\VoyagerServiceProvider->registerFormFields()
#10 /home/bora/Projeler/enerjiyonetim/vendor/laravel/framework/src/Illuminate/Foundation/Application.php(616): TCG\\Voyager\\VoyagerServiceProvider->register()
#11 /home/bora/Projeler/enerjiyonetim/vendor/laravel/framework/src/Illuminate/Foundation/ProviderRepository.php(75): Illuminate\\Foundation\\Application->register()
#12 /home/bora/Projeler/enerjiyonetim/vendor/laravel/framework/src/Illuminate/Foundation/Application.php(593): Illuminate\\Foundation\\ProviderRepository->load()
#13 /home/bora/Projeler/enerjiyonetim/vendor/laravel/framework/src/Illuminate/Foundation/Bootstrap/RegisterProviders.php(17): Illuminate\\Foundation\\Application->registerConfiguredProviders()
#14 /home/bora/Projeler/enerjiyonetim/vendor/laravel/framework/src/Illuminate/Foundation/Application.php(219): Illuminate\\Foundation\\Bootstrap\\RegisterProviders->bootstrap()
#15 /home/bora/Projeler/enerjiyonetim/vendor/laravel/framework/src/Illuminate/Foundation/Console/Kernel.php(320): Illuminate\\Foundation\\Application->bootstrapWith()
#16 /home/bora/Projeler/enerjiyonetim/vendor/laravel/framework/src/Illuminate/Foundation/Console/Kernel.php(129): Illuminate\\Foundation\\Console\\Kernel->bootstrap()
#17 /home/bora/Projeler/enerjiyonetim/artisan(37): Illuminate\\Foundation\\Console\\Kernel->handle()
#18 {main}
"} 
[2021-09-05 13:15:32] production.ERROR: Target class [TCG\Voyager\FormFields\imageHandler] does not exist. {"exception":"[object] (Illuminate\\Contracts\\Container\\BindingResolutionException(code: 0): Target class [TCG\\Voyager\\FormFields\\imageHandler] does not exist. at /home/bora/Projeler/enerjiyonetim/vendor/laravel/framework/src/Illuminate/Container/Container.php:805)
[stacktrace]
#0 /home/bora/Projeler/enerjiyonetim/vendor/laravel/framework/src/Illuminate/Container/Container.php(681): Illuminate\\Container\\Container->build()
#1 /home/bora/Projeler/enerjiyonetim/vendor/laravel/framework/src/Illuminate/Foundation/Application.php(785): Illuminate\\Container\\Container->resolve()
#2 /home/bora/Projeler/enerjiyonetim/vendor/laravel/framework/src/Illuminate/Container/Container.php(629): Illuminate\\Foundation\\Application->resolve()
#3 /home/bora/Projeler/enerjiyonetim/vendor/laravel/framework/src/Illuminate/Foundation/Application.php(770): Illuminate\\Container\\Container->make()
#4 /home/bora/Projeler/enerjiyonetim/vendor/laravel/framework/src/Illuminate/Foundation/helpers.php(120): Illuminate\\Foundation\\Application->make()
#5 /home/bora/Projeler/enerjiyonetim/vendor/tcg/voyager/src/Voyager.php(140): app()
#6 /home/bora/Projeler/enerjiyonetim/vendor/laravel/framework/src/Illuminate/Support/Facades/Facade.php(261): TCG\\Voyager\\Voyager->addFormField()
#7 /home/bora/Projeler/enerjiyonetim/vendor/tcg/voyager/src/VoyagerServiceProvider.php(342): Illuminate\\Support\\Facades\\Facade::__callStatic()
#8 /home/bora/Projeler/enerjiyonetim/vendor/tcg/voyager/src/VoyagerServiceProvider.php(78): TCG\\Voyager\\VoyagerServiceProvider->registerFormFields()
#9 /home/bora/Projeler/enerjiyonetim/vendor/laravel/framework/src/Illuminate/Foundation/Application.php(616): TCG\\Voyager\\VoyagerServiceProvider->register()
#10 /home/bora/Projeler/enerjiyonetim/vendor/laravel/framework/src/Illuminate/Foundation/ProviderRepository.php(75): Illuminate\\Foundation\\Application->register()
#11 /home/bora/Projeler/enerjiyonetim/vendor/laravel/framework/src/Illuminate/Foundation/Application.php(593): Illuminate\\Foundation\\ProviderRepository->load()
#12 /home/bora/Projeler/enerjiyonetim/vendor/laravel/framework/src/Illuminate/Foundation/Bootstrap/RegisterProviders.php(17): Illuminate\\Foundation\\Application->registerConfiguredProviders()
#13 /home/bora/Projeler/enerjiyonetim/vendor/laravel/framework/src/Illuminate/Foundation/Application.php(219): Illuminate\\Foundation\\Bootstrap\\RegisterProviders->bootstrap()
#14 /home/bora/Projeler/enerjiyonetim/vendor/laravel/framework/src/Illuminate/Foundation/Console/Kernel.php(320): Illuminate\\Foundation\\Application->bootstrapWith()
#15 /home/bora/Projeler/enerjiyonetim/vendor/laravel/framework/src/Illuminate/Foundation/Console/Kernel.php(129): Illuminate\\Foundation\\Console\\Kernel->bootstrap()
#16 /home/bora/Projeler/enerjiyonetim/artisan(37): Illuminate\\Foundation\\Console\\Kernel->handle()
#17 {main}

[previous exception] [object] (ReflectionException(code: -1): Class TCG\\Voyager\\FormFields\\imageHandler does not exist at /home/bora/Projeler/enerjiyonetim/vendor/laravel/framework/src/Illuminate/Container/Container.php:803)
[stacktrace]
#0 /home/bora/Projeler/enerjiyonetim/vendor/laravel/framework/src/Illuminate/Container/Container.php(803): ReflectionClass->__construct()
#1 /home/bora/Projeler/enerjiyonetim/vendor/laravel/framework/src/Illuminate/Container/Container.php(681): Illuminate\\Container\\Container->build()
#2 /home/bora/Projeler/enerjiyonetim/vendor/laravel/framework/src/Illuminate/Foundation/Application.php(785): Illuminate\\Container\\Container->resolve()
#3 /home/bora/Projeler/enerjiyonetim/vendor/laravel/framework/src/Illuminate/Container/Container.php(629): Illuminate\\Foundation\\Application->resolve()
#4 /home/bora/Projeler/enerjiyonetim/vendor/laravel/framework/src/Illuminate/Foundation/Application.php(770): Illuminate\\Container\\Container->make()
#5 /home/bora/Projeler/enerjiyonetim/vendor/laravel/framework/src/Illuminate/Foundation/helpers.php(120): Illuminate\\Foundation\\Application->make()
#6 /home/bora/Projeler/enerjiyonetim/vendor/tcg/voyager/src/Voyager.php(140): app()
#7 /home/bora/Projeler/enerjiyonetim/vendor/laravel/framework/src/Illuminate/Support/Facades/Facade.php(261): TCG\\Voyager\\Voyager->addFormField()
#8 /home/bora/Projeler/enerjiyonetim/vendor/tcg/voyager/src/VoyagerServiceProvider.php(342): Illuminate\\Support\\Facades\\Facade::__callStatic()
#9 /home/bora/Projeler/enerjiyonetim/vendor/tcg/voyager/src/VoyagerServiceProvider.php(78): TCG\\Voyager\\VoyagerServiceProvider->registerFormFields()
#10 /home/bora/Projeler/enerjiyonetim/vendor/laravel/framework/src/Illuminate/Foundation/Application.php(616): TCG\\Voyager\\VoyagerServiceProvider->register()
#11 /home/bora/Projeler/enerjiyonetim/vendor/laravel/framework/src/Illuminate/Foundation/ProviderRepository.php(75): Illuminate\\Foundation\\Application->register()
#12 /home/bora/Projeler/enerjiyonetim/vendor/laravel/framework/src/Illuminate/Foundation/Application.php(593): Illuminate\\Foundation\\ProviderRepository->load()
#13 /home/bora/Projeler/enerjiyonetim/vendor/laravel/framework/src/Illuminate/Foundation/Bootstrap/RegisterProviders.php(17): Illuminate\\Foundation\\Application->registerConfiguredProviders()
#14 /home/bora/Projeler/enerjiyonetim/vendor/laravel/framework/src/Illuminate/Foundation/Application.php(219): Illuminate\\Foundation\\Bootstrap\\RegisterProviders->bootstrap()
#15 /home/bora/Projeler/enerjiyonetim/vendor/laravel/framework/src/Illuminate/Foundation/Console/Kernel.php(320): Illuminate\\Foundation\\Application->bootstrapWith()
#16 /home/bora/Projeler/enerjiyonetim/vendor/laravel/framework/src/Illuminate/Foundation/Console/Kernel.php(129): Illuminate\\Foundation\\Console\\Kernel->bootstrap()
#17 /home/bora/Projeler/enerjiyonetim/artisan(37): Illuminate\\Foundation\\Console\\Kernel->handle()
#18 {main}
"} 
[2021-09-05 13:17:53] production.ERROR: Target class [TCG\Voyager\FormFields\imageHandler] does not exist. {"exception":"[object] (Illuminate\\Contracts\\Container\\BindingResolutionException(code: 0): Target class [TCG\\Voyager\\FormFields\\imageHandler] does not exist. at /home/bora/Projeler/enerjiyonetim/vendor/laravel/framework/src/Illuminate/Container/Container.php:805)
[stacktrace]
#0 /home/bora/Projeler/enerjiyonetim/vendor/laravel/framework/src/Illuminate/Container/Container.php(681): Illuminate\\Container\\Container->build()
#1 /home/bora/Projeler/enerjiyonetim/vendor/laravel/framework/src/Illuminate/Foundation/Application.php(785): Illuminate\\Container\\Container->resolve()
#2 /home/bora/Projeler/enerjiyonetim/vendor/laravel/framework/src/Illuminate/Container/Container.php(629): Illuminate\\Foundation\\Application->resolve()
#3 /home/bora/Projeler/enerjiyonetim/vendor/laravel/framework/src/Illuminate/Foundation/Application.php(770): Illuminate\\Container\\Container->make()
#4 /home/bora/Projeler/enerjiyonetim/vendor/laravel/framework/src/Illuminate/Foundation/helpers.php(120): Illuminate\\Foundation\\Application->make()
#5 /home/bora/Projeler/enerjiyonetim/vendor/tcg/voyager/src/Voyager.php(140): app()
#6 /home/bora/Projeler/enerjiyonetim/vendor/laravel/framework/src/Illuminate/Support/Facades/Facade.php(261): TCG\\Voyager\\Voyager->addFormField()
#7 /home/bora/Projeler/enerjiyonetim/vendor/tcg/voyager/src/VoyagerServiceProvider.php(342): Illuminate\\Support\\Facades\\Facade::__callStatic()
#8 /home/bora/Projeler/enerjiyonetim/vendor/tcg/voyager/src/VoyagerServiceProvider.php(78): TCG\\Voyager\\VoyagerServiceProvider->registerFormFields()
#9 /home/bora/Projeler/enerjiyonetim/vendor/laravel/framework/src/Illuminate/Foundation/Application.php(616): TCG\\Voyager\\VoyagerServiceProvider->register()
#10 /home/bora/Projeler/enerjiyonetim/vendor/laravel/framework/src/Illuminate/Foundation/ProviderRepository.php(75): Illuminate\\Foundation\\Application->register()
#11 /home/bora/Projeler/enerjiyonetim/vendor/laravel/framework/src/Illuminate/Foundation/Application.php(593): Illuminate\\Foundation\\ProviderRepository->load()
#12 /home/bora/Projeler/enerjiyonetim/vendor/laravel/framework/src/Illuminate/Foundation/Bootstrap/RegisterProviders.php(17): Illuminate\\Foundation\\Application->registerConfiguredProviders()
#13 /home/bora/Projeler/enerjiyonetim/vendor/laravel/framework/src/Illuminate/Foundation/Application.php(219): Illuminate\\Foundation\\Bootstrap\\RegisterProviders->bootstrap()
#14 /home/bora/Projeler/enerjiyonetim/vendor/laravel/framework/src/Illuminate/Foundation/Console/Kernel.php(320): Illuminate\\Foundation\\Application->bootstrapWith()
#15 /home/bora/Projeler/enerjiyonetim/vendor/laravel/framework/src/Illuminate/Foundation/Console/Kernel.php(129): Illuminate\\Foundation\\Console\\Kernel->bootstrap()
#16 /home/bora/Projeler/enerjiyonetim/artisan(37): Illuminate\\Foundation\\Console\\Kernel->handle()
#17 {main}

[previous exception] [object] (ReflectionException(code: -1): Class TCG\\Voyager\\FormFields\\imageHandler does not exist at /home/bora/Projeler/enerjiyonetim/vendor/laravel/framework/src/Illuminate/Container/Container.php:803)
[stacktrace]
#0 /home/bora/Projeler/enerjiyonetim/vendor/laravel/framework/src/Illuminate/Container/Container.php(803): ReflectionClass->__construct()
#1 /home/bora/Projeler/enerjiyonetim/vendor/laravel/framework/src/Illuminate/Container/Container.php(681): Illuminate\\Container\\Container->build()
#2 /home/bora/Projeler/enerjiyonetim/vendor/laravel/framework/src/Illuminate/Foundation/Application.php(785): Illuminate\\Container\\Container->resolve()
#3 /home/bora/Projeler/enerjiyonetim/vendor/laravel/framework/src/Illuminate/Container/Container.php(629): Illuminate\\Foundation\\Application->resolve()
#4 /home/bora/Projeler/enerjiyonetim/vendor/laravel/framework/src/Illuminate/Foundation/Application.php(770): Illuminate\\Container\\Container->make()
#5 /home/bora/Projeler/enerjiyonetim/vendor/laravel/framework/src/Illuminate/Foundation/helpers.php(120): Illuminate\\Foundation\\Application->make()
#6 /home/bora/Projeler/enerjiyonetim/vendor/tcg/voyager/src/Voyager.php(140): app()
#7 /home/bora/Projeler/enerjiyonetim/vendor/laravel/framework/src/Illuminate/Support/Facades/Facade.php(261): TCG\\Voyager\\Voyager->addFormField()
#8 /home/bora/Projeler/enerjiyonetim/vendor/tcg/voyager/src/VoyagerServiceProvider.php(342): Illuminate\\Support\\Facades\\Facade::__callStatic()
#9 /home/bora/Projeler/enerjiyonetim/vendor/tcg/voyager/src/VoyagerServiceProvider.php(78): TCG\\Voyager\\VoyagerServiceProvider->registerFormFields()
#10 /home/bora/Projeler/enerjiyonetim/vendor/laravel/framework/src/Illuminate/Foundation/Application.php(616): TCG\\Voyager\\VoyagerServiceProvider->register()
#11 /home/bora/Projeler/enerjiyonetim/vendor/laravel/framework/src/Illuminate/Foundation/ProviderRepository.php(75): Illuminate\\Foundation\\Application->register()
#12 /home/bora/Projeler/enerjiyonetim/vendor/laravel/framework/src/Illuminate/Foundation/Application.php(593): Illuminate\\Foundation\\ProviderRepository->load()
#13 /home/bora/Projeler/enerjiyonetim/vendor/laravel/framework/src/Illuminate/Foundation/Bootstrap/RegisterProviders.php(17): Illuminate\\Foundation\\Application->registerConfiguredProviders()
#14 /home/bora/Projeler/enerjiyonetim/vendor/laravel/framework/src/Illuminate/Foundation/Application.php(219): Illuminate\\Foundation\\Bootstrap\\RegisterProviders->bootstrap()
#15 /home/bora/Projeler/enerjiyonetim/vendor/laravel/framework/src/Illuminate/Foundation/Console/Kernel.php(320): Illuminate\\Foundation\\Application->bootstrapWith()
#16 /home/bora/Projeler/enerjiyonetim/vendor/laravel/framework/src/Illuminate/Foundation/Console/Kernel.php(129): Illuminate\\Foundation\\Console\\Kernel->bootstrap()
#17 /home/bora/Projeler/enerjiyonetim/artisan(37): Illuminate\\Foundation\\Console\\Kernel->handle()
#18 {main}
"} 
[2021-09-05 13:17:55] production.ERROR: Target class [TCG\Voyager\FormFields\imageHandler] does not exist. {"exception":"[object] (Illuminate\\Contracts\\Container\\BindingResolutionException(code: 0): Target class [TCG\\Voyager\\FormFields\\imageHandler] does not exist. at /home/bora/Projeler/enerjiyonetim/vendor/laravel/framework/src/Illuminate/Container/Container.php:805)
[stacktrace]
#0 /home/bora/Projeler/enerjiyonetim/vendor/laravel/framework/src/Illuminate/Container/Container.php(681): Illuminate\\Container\\Container->build()
#1 /home/bora/Projeler/enerjiyonetim/vendor/laravel/framework/src/Illuminate/Foundation/Application.php(785): Illuminate\\Container\\Container->resolve()
#2 /home/bora/Projeler/enerjiyonetim/vendor/laravel/framework/src/Illuminate/Container/Container.php(629): Illuminate\\Foundation\\Application->resolve()
#3 /home/bora/Projeler/enerjiyonetim/vendor/laravel/framework/src/Illuminate/Foundation/Application.php(770): Illuminate\\Container\\Container->make()
#4 /home/bora/Projeler/enerjiyonetim/vendor/laravel/framework/src/Illuminate/Foundation/helpers.php(120): Illuminate\\Foundation\\Application->make()
#5 /home/bora/Projeler/enerjiyonetim/vendor/tcg/voyager/src/Voyager.php(140): app()
#6 /home/bora/Projeler/enerjiyonetim/vendor/laravel/framework/src/Illuminate/Support/Facades/Facade.php(261): TCG\\Voyager\\Voyager->addFormField()
#7 /home/bora/Projeler/enerjiyonetim/vendor/tcg/voyager/src/VoyagerServiceProvider.php(342): Illuminate\\Support\\Facades\\Facade::__callStatic()
#8 /home/bora/Projeler/enerjiyonetim/vendor/tcg/voyager/src/VoyagerServiceProvider.php(78): TCG\\Voyager\\VoyagerServiceProvider->registerFormFields()
#9 /home/bora/Projeler/enerjiyonetim/vendor/laravel/framework/src/Illuminate/Foundation/Application.php(616): TCG\\Voyager\\VoyagerServiceProvider->register()
#10 /home/bora/Projeler/enerjiyonetim/vendor/laravel/framework/src/Illuminate/Foundation/ProviderRepository.php(75): Illuminate\\Foundation\\Application->register()
#11 /home/bora/Projeler/enerjiyonetim/vendor/laravel/framework/src/Illuminate/Foundation/Application.php(593): Illuminate\\Foundation\\ProviderRepository->load()
#12 /home/bora/Projeler/enerjiyonetim/vendor/laravel/framework/src/Illuminate/Foundation/Bootstrap/RegisterProviders.php(17): Illuminate\\Foundation\\Application->registerConfiguredProviders()
#13 /home/bora/Projeler/enerjiyonetim/vendor/laravel/framework/src/Illuminate/Foundation/Application.php(219): Illuminate\\Foundation\\Bootstrap\\RegisterProviders->bootstrap()
#14 /home/bora/Projeler/enerjiyonetim/vendor/laravel/framework/src/Illuminate/Foundation/Console/Kernel.php(320): Illuminate\\Foundation\\Application->bootstrapWith()
#15 /home/bora/Projeler/enerjiyonetim/vendor/laravel/framework/src/Illuminate/Foundation/Console/Kernel.php(129): Illuminate\\Foundation\\Console\\Kernel->bootstrap()
#16 /home/bora/Projeler/enerjiyonetim/artisan(37): Illuminate\\Foundation\\Console\\Kernel->handle()
#17 {main}

[previous exception] [object] (ReflectionException(code: -1): Class TCG\\Voyager\\FormFields\\imageHandler does not exist at /home/bora/Projeler/enerjiyonetim/vendor/laravel/framework/src/Illuminate/Container/Container.php:803)
[stacktrace]
#0 /home/bora/Projeler/enerjiyonetim/vendor/laravel/framework/src/Illuminate/Container/Container.php(803): ReflectionClass->__construct()
#1 /home/bora/Projeler/enerjiyonetim/vendor/laravel/framework/src/Illuminate/Container/Container.php(681): Illuminate\\Container\\Container->build()
#2 /home/bora/Projeler/enerjiyonetim/vendor/laravel/framework/src/Illuminate/Foundation/Application.php(785): Illuminate\\Container\\Container->resolve()
#3 /home/bora/Projeler/enerjiyonetim/vendor/laravel/framework/src/Illuminate/Container/Container.php(629): Illuminate\\Foundation\\Application->resolve()
#4 /home/bora/Projeler/enerjiyonetim/vendor/laravel/framework/src/Illuminate/Foundation/Application.php(770): Illuminate\\Container\\Container->make()
#5 /home/bora/Projeler/enerjiyonetim/vendor/laravel/framework/src/Illuminate/Foundation/helpers.php(120): Illuminate\\Foundation\\Application->make()
#6 /home/bora/Projeler/enerjiyonetim/vendor/tcg/voyager/src/Voyager.php(140): app()
#7 /home/bora/Projeler/enerjiyonetim/vendor/laravel/framework/src/Illuminate/Support/Facades/Facade.php(261): TCG\\Voyager\\Voyager->addFormField()
#8 /home/bora/Projeler/enerjiyonetim/vendor/tcg/voyager/src/VoyagerServiceProvider.php(342): Illuminate\\Support\\Facades\\Facade::__callStatic()
#9 /home/bora/Projeler/enerjiyonetim/vendor/tcg/voyager/src/VoyagerServiceProvider.php(78): TCG\\Voyager\\VoyagerServiceProvider->registerFormFields()
#10 /home/bora/Projeler/enerjiyonetim/vendor/laravel/framework/src/Illuminate/Foundation/Application.php(616): TCG\\Voyager\\VoyagerServiceProvider->register()
#11 /home/bora/Projeler/enerjiyonetim/vendor/laravel/framework/src/Illuminate/Foundation/ProviderRepository.php(75): Illuminate\\Foundation\\Application->register()
#12 /home/bora/Projeler/enerjiyonetim/vendor/laravel/framework/src/Illuminate/Foundation/Application.php(593): Illuminate\\Foundation\\ProviderRepository->load()
#13 /home/bora/Projeler/enerjiyonetim/vendor/laravel/framework/src/Illuminate/Foundation/Bootstrap/RegisterProviders.php(17): Illuminate\\Foundation\\Application->registerConfiguredProviders()
#14 /home/bora/Projeler/enerjiyonetim/vendor/laravel/framework/src/Illuminate/Foundation/Application.php(219): Illuminate\\Foundation\\Bootstrap\\RegisterProviders->bootstrap()
#15 /home/bora/Projeler/enerjiyonetim/vendor/laravel/framework/src/Illuminate/Foundation/Console/Kernel.php(320): Illuminate\\Foundation\\Application->bootstrapWith()
#16 /home/bora/Projeler/enerjiyonetim/vendor/laravel/framework/src/Illuminate/Foundation/Console/Kernel.php(129): Illuminate\\Foundation\\Console\\Kernel->bootstrap()
#17 /home/bora/Projeler/enerjiyonetim/artisan(37): Illuminate\\Foundation\\Console\\Kernel->handle()
#18 {main}
"} 
[2021-09-05 13:18:24] production.ERROR: Target class [TCG\Voyager\FormFields\imageHandler] does not exist. {"exception":"[object] (Illuminate\\Contracts\\Container\\BindingResolutionException(code: 0): Target class [TCG\\Voyager\\FormFields\\imageHandler] does not exist. at /home/bora/Projeler/enerjiyonetim/vendor/laravel/framework/src/Illuminate/Container/Container.php:805)
[stacktrace]
#0 /home/bora/Projeler/enerjiyonetim/vendor/laravel/framework/src/Illuminate/Container/Container.php(681): Illuminate\\Container\\Container->build()
#1 /home/bora/Projeler/enerjiyonetim/vendor/laravel/framework/src/Illuminate/Foundation/Application.php(785): Illuminate\\Container\\Container->resolve()
#2 /home/bora/Projeler/enerjiyonetim/vendor/laravel/framework/src/Illuminate/Container/Container.php(629): Illuminate\\Foundation\\Application->resolve()
#3 /home/bora/Projeler/enerjiyonetim/vendor/laravel/framework/src/Illuminate/Foundation/Application.php(770): Illuminate\\Container\\Container->make()
#4 /home/bora/Projeler/enerjiyonetim/vendor/laravel/framework/src/Illuminate/Foundation/helpers.php(120): Illuminate\\Foundation\\Application->make()
#5 /home/bora/Projeler/enerjiyonetim/vendor/tcg/voyager/src/Voyager.php(140): app()
#6 /home/bora/Projeler/enerjiyonetim/vendor/laravel/framework/src/Illuminate/Support/Facades/Facade.php(261): TCG\\Voyager\\Voyager->addFormField()
#7 /home/bora/Projeler/enerjiyonetim/vendor/tcg/voyager/src/VoyagerServiceProvider.php(342): Illuminate\\Support\\Facades\\Facade::__callStatic()
#8 /home/bora/Projeler/enerjiyonetim/vendor/tcg/voyager/src/VoyagerServiceProvider.php(78): TCG\\Voyager\\VoyagerServiceProvider->registerFormFields()
#9 /home/bora/Projeler/enerjiyonetim/vendor/laravel/framework/src/Illuminate/Foundation/Application.php(616): TCG\\Voyager\\VoyagerServiceProvider->register()
#10 /home/bora/Projeler/enerjiyonetim/vendor/laravel/framework/src/Illuminate/Foundation/ProviderRepository.php(75): Illuminate\\Foundation\\Application->register()
#11 /home/bora/Projeler/enerjiyonetim/vendor/laravel/framework/src/Illuminate/Foundation/Application.php(593): Illuminate\\Foundation\\ProviderRepository->load()
#12 /home/bora/Projeler/enerjiyonetim/vendor/laravel/framework/src/Illuminate/Foundation/Bootstrap/RegisterProviders.php(17): Illuminate\\Foundation\\Application->registerConfiguredProviders()
#13 /home/bora/Projeler/enerjiyonetim/vendor/laravel/framework/src/Illuminate/Foundation/Application.php(219): Illuminate\\Foundation\\Bootstrap\\RegisterProviders->bootstrap()
#14 /home/bora/Projeler/enerjiyonetim/vendor/laravel/framework/src/Illuminate/Foundation/Console/Kernel.php(320): Illuminate\\Foundation\\Application->bootstrapWith()
#15 /home/bora/Projeler/enerjiyonetim/vendor/laravel/framework/src/Illuminate/Foundation/Console/Kernel.php(129): Illuminate\\Foundation\\Console\\Kernel->bootstrap()
#16 /home/bora/Projeler/enerjiyonetim/artisan(37): Illuminate\\Foundation\\Console\\Kernel->handle()
#17 {main}

[previous exception] [object] (ReflectionException(code: -1): Class TCG\\Voyager\\FormFields\\imageHandler does not exist at /home/bora/Projeler/enerjiyonetim/vendor/laravel/framework/src/Illuminate/Container/Container.php:803)
[stacktrace]
#0 /home/bora/Projeler/enerjiyonetim/vendor/laravel/framework/src/Illuminate/Container/Container.php(803): ReflectionClass->__construct()
#1 /home/bora/Projeler/enerjiyonetim/vendor/laravel/framework/src/Illuminate/Container/Container.php(681): Illuminate\\Container\\Container->build()
#2 /home/bora/Projeler/enerjiyonetim/vendor/laravel/framework/src/Illuminate/Foundation/Application.php(785): Illuminate\\Container\\Container->resolve()
#3 /home/bora/Projeler/enerjiyonetim/vendor/laravel/framework/src/Illuminate/Container/Container.php(629): Illuminate\\Foundation\\Application->resolve()
#4 /home/bora/Projeler/enerjiyonetim/vendor/laravel/framework/src/Illuminate/Foundation/Application.php(770): Illuminate\\Container\\Container->make()
#5 /home/bora/Projeler/enerjiyonetim/vendor/laravel/framework/src/Illuminate/Foundation/helpers.php(120): Illuminate\\Foundation\\Application->make()
#6 /home/bora/Projeler/enerjiyonetim/vendor/tcg/voyager/src/Voyager.php(140): app()
#7 /home/bora/Projeler/enerjiyonetim/vendor/laravel/framework/src/Illuminate/Support/Facades/Facade.php(261): TCG\\Voyager\\Voyager->addFormField()
#8 /home/bora/Projeler/enerjiyonetim/vendor/tcg/voyager/src/VoyagerServiceProvider.php(342): Illuminate\\Support\\Facades\\Facade::__callStatic()
#9 /home/bora/Projeler/enerjiyonetim/vendor/tcg/voyager/src/VoyagerServiceProvider.php(78): TCG\\Voyager\\VoyagerServiceProvider->registerFormFields()
#10 /home/bora/Projeler/enerjiyonetim/vendor/laravel/framework/src/Illuminate/Foundation/Application.php(616): TCG\\Voyager\\VoyagerServiceProvider->register()
#11 /home/bora/Projeler/enerjiyonetim/vendor/laravel/framework/src/Illuminate/Foundation/ProviderRepository.php(75): Illuminate\\Foundation\\Application->register()
#12 /home/bora/Projeler/enerjiyonetim/vendor/laravel/framework/src/Illuminate/Foundation/Application.php(593): Illuminate\\Foundation\\ProviderRepository->load()
#13 /home/bora/Projeler/enerjiyonetim/vendor/laravel/framework/src/Illuminate/Foundation/Bootstrap/RegisterProviders.php(17): Illuminate\\Foundation\\Application->registerConfiguredProviders()
#14 /home/bora/Projeler/enerjiyonetim/vendor/laravel/framework/src/Illuminate/Foundation/Application.php(219): Illuminate\\Foundation\\Bootstrap\\RegisterProviders->bootstrap()
#15 /home/bora/Projeler/enerjiyonetim/vendor/laravel/framework/src/Illuminate/Foundation/Console/Kernel.php(320): Illuminate\\Foundation\\Application->bootstrapWith()
#16 /home/bora/Projeler/enerjiyonetim/vendor/laravel/framework/src/Illuminate/Foundation/Console/Kernel.php(129): Illuminate\\Foundation\\Console\\Kernel->bootstrap()
#17 /home/bora/Projeler/enerjiyonetim/artisan(37): Illuminate\\Foundation\\Console\\Kernel->handle()
#18 {main}
"} 
[2021-09-05 13:38:17] production.INFO: No database connection yet in VoyagerServiceProvider loadAuth(). No worries, this is not a problem!  
[2021-09-05 13:38:17] production.ERROR: SQLSTATE[HY000] [2002] Connection refused {"exception":"[object] (Doctrine\\DBAL\\Driver\\PDO\\Exception(code: 2002): SQLSTATE[HY000] [2002] Connection refused at /home/bora/Projeler/enerjiyonetim/vendor/doctrine/dbal/lib/Doctrine/DBAL/Driver/PDO/Exception.php:18)
[stacktrace]
#0 /home/bora/Projeler/enerjiyonetim/vendor/doctrine/dbal/lib/Doctrine/DBAL/Driver/PDOConnection.php(43): Doctrine\\DBAL\\Driver\\PDO\\Exception::new()
#1 /home/bora/Projeler/enerjiyonetim/vendor/laravel/framework/src/Illuminate/Database/Connectors/Connector.php(67): Doctrine\\DBAL\\Driver\\PDOConnection->__construct()
#2 /home/bora/Projeler/enerjiyonetim/vendor/laravel/framework/src/Illuminate/Database/Connectors/Connector.php(100): Illuminate\\Database\\Connectors\\Connector->createPdoConnection()
#3 /home/bora/Projeler/enerjiyonetim/vendor/laravel/framework/src/Illuminate/Database/Connectors/Connector.php(50): Illuminate\\Database\\Connectors\\Connector->tryAgainIfCausedByLostConnection()
#4 /home/bora/Projeler/enerjiyonetim/vendor/laravel/framework/src/Illuminate/Database/Connectors/MySqlConnector.php(24): Illuminate\\Database\\Connectors\\Connector->createConnection()
#5 /home/bora/Projeler/enerjiyonetim/vendor/laravel/framework/src/Illuminate/Database/Connectors/ConnectionFactory.php(182): Illuminate\\Database\\Connectors\\MySqlConnector->connect()
#6 [internal function]: Illuminate\\Database\\Connectors\\ConnectionFactory->Illuminate\\Database\\Connectors\\{closure}()
#7 /home/bora/Projeler/enerjiyonetim/vendor/laravel/framework/src/Illuminate/Database/Connection.php(924): call_user_func()
#8 /home/bora/Projeler/enerjiyonetim/vendor/laravel/framework/src/Illuminate/Database/Connection.php(906): Illuminate\\Database\\Connection->getPdo()
#9 /home/bora/Projeler/enerjiyonetim/vendor/larapack/doctrine-support/src/DoctrineSupportServiceProvider.php(55): Illuminate\\Database\\Connection->getDoctrineConnection()
#10 /home/bora/Projeler/enerjiyonetim/vendor/larapack/doctrine-support/src/DoctrineSupportServiceProvider.php(35): Larapack\\DoctrineSupport\\DoctrineSupportServiceProvider->addDoctrineTypes()
#11 /home/bora/Projeler/enerjiyonetim/vendor/laravel/framework/src/Illuminate/Database/Connectors/ConnectionFactory.php(271): Larapack\\DoctrineSupport\\DoctrineSupportServiceProvider->Larapack\\DoctrineSupport\\{closure}()
#12 /home/bora/Projeler/enerjiyonetim/vendor/laravel/framework/src/Illuminate/Database/Connectors/ConnectionFactory.php(76): Illuminate\\Database\\Connectors\\ConnectionFactory->createConnection()
#13 /home/bora/Projeler/enerjiyonetim/vendor/laravel/framework/src/Illuminate/Database/Connectors/ConnectionFactory.php(50): Illuminate\\Database\\Connectors\\ConnectionFactory->createSingleConnection()
#14 /home/bora/Projeler/enerjiyonetim/vendor/laravel/framework/src/Illuminate/Database/DatabaseManager.php(131): Illuminate\\Database\\Connectors\\ConnectionFactory->make()
#15 /home/bora/Projeler/enerjiyonetim/vendor/laravel/framework/src/Illuminate/Database/DatabaseManager.php(86): Illuminate\\Database\\DatabaseManager->makeConnection()
#16 /home/bora/Projeler/enerjiyonetim/vendor/laravel/framework/src/Illuminate/Support/Facades/Schema.php(41): Illuminate\\Database\\DatabaseManager->connection()
#17 /home/bora/Projeler/enerjiyonetim/vendor/laravel/framework/src/Illuminate/Support/Facades/Facade.php(166): Illuminate\\Support\\Facades\\Schema::getFacadeAccessor()
#18 /home/bora/Projeler/enerjiyonetim/vendor/laravel/framework/src/Illuminate/Support/Facades/Facade.php(255): Illuminate\\Support\\Facades\\Facade::getFacadeRoot()
#19 /home/bora/Projeler/enerjiyonetim/app/Providers/AppServiceProvider.php(37): Illuminate\\Support\\Facades\\Facade::__callStatic()
#20 /home/bora/Projeler/enerjiyonetim/vendor/laravel/framework/src/Illuminate/Container/BoundMethod.php(36): App\\Providers\\AppServiceProvider->boot()
#21 /home/bora/Projeler/enerjiyonetim/vendor/laravel/framework/src/Illuminate/Container/Util.php(37): Illuminate\\Container\\BoundMethod::Illuminate\\Container\\{closure}()
#22 /home/bora/Projeler/enerjiyonetim/vendor/laravel/framework/src/Illuminate/Container/BoundMethod.php(93): Illuminate\\Container\\Util::unwrapIfClosure()
#23 /home/bora/Projeler/enerjiyonetim/vendor/laravel/framework/src/Illuminate/Container/BoundMethod.php(37): Illuminate\\Container\\BoundMethod::callBoundMethod()
#24 /home/bora/Projeler/enerjiyonetim/vendor/laravel/framework/src/Illuminate/Container/Container.php(590): Illuminate\\Container\\BoundMethod::call()
#25 /home/bora/Projeler/enerjiyonetim/vendor/laravel/framework/src/Illuminate/Foundation/Application.php(856): Illuminate\\Container\\Container->call()
#26 /home/bora/Projeler/enerjiyonetim/vendor/laravel/framework/src/Illuminate/Foundation/Application.php(839): Illuminate\\Foundation\\Application->bootProvider()
#27 [internal function]: Illuminate\\Foundation\\Application->Illuminate\\Foundation\\{closure}()
#28 /home/bora/Projeler/enerjiyonetim/vendor/laravel/framework/src/Illuminate/Foundation/Application.php(840): array_walk()
#29 /home/bora/Projeler/enerjiyonetim/vendor/laravel/framework/src/Illuminate/Foundation/Bootstrap/BootProviders.php(17): Illuminate\\Foundation\\Application->boot()
#30 /home/bora/Projeler/enerjiyonetim/vendor/laravel/framework/src/Illuminate/Foundation/Application.php(219): Illuminate\\Foundation\\Bootstrap\\BootProviders->bootstrap()
#31 /home/bora/Projeler/enerjiyonetim/vendor/laravel/framework/src/Illuminate/Foundation/Console/Kernel.php(320): Illuminate\\Foundation\\Application->bootstrapWith()
#32 /home/bora/Projeler/enerjiyonetim/vendor/laravel/framework/src/Illuminate/Foundation/Console/Kernel.php(129): Illuminate\\Foundation\\Console\\Kernel->bootstrap()
#33 /home/bora/Projeler/enerjiyonetim/artisan(37): Illuminate\\Foundation\\Console\\Kernel->handle()
#34 {main}

[previous exception] [object] (PDOException(code: 2002): SQLSTATE[HY000] [2002] Connection refused at /home/bora/Projeler/enerjiyonetim/vendor/doctrine/dbal/lib/Doctrine/DBAL/Driver/PDOConnection.php:39)
[stacktrace]
#0 /home/bora/Projeler/enerjiyonetim/vendor/doctrine/dbal/lib/Doctrine/DBAL/Driver/PDOConnection.php(39): PDO->__construct()
#1 /home/bora/Projeler/enerjiyonetim/vendor/laravel/framework/src/Illuminate/Database/Connectors/Connector.php(67): Doctrine\\DBAL\\Driver\\PDOConnection->__construct()
#2 /home/bora/Projeler/enerjiyonetim/vendor/laravel/framework/src/Illuminate/Database/Connectors/Connector.php(100): Illuminate\\Database\\Connectors\\Connector->createPdoConnection()
#3 /home/bora/Projeler/enerjiyonetim/vendor/laravel/framework/src/Illuminate/Database/Connectors/Connector.php(50): Illuminate\\Database\\Connectors\\Connector->tryAgainIfCausedByLostConnection()
#4 /home/bora/Projeler/enerjiyonetim/vendor/laravel/framework/src/Illuminate/Database/Connectors/MySqlConnector.php(24): Illuminate\\Database\\Connectors\\Connector->createConnection()
#5 /home/bora/Projeler/enerjiyonetim/vendor/laravel/framework/src/Illuminate/Database/Connectors/ConnectionFactory.php(182): Illuminate\\Database\\Connectors\\MySqlConnector->connect()
#6 [internal function]: Illuminate\\Database\\Connectors\\ConnectionFactory->Illuminate\\Database\\Connectors\\{closure}()
#7 /home/bora/Projeler/enerjiyonetim/vendor/laravel/framework/src/Illuminate/Database/Connection.php(924): call_user_func()
#8 /home/bora/Projeler/enerjiyonetim/vendor/laravel/framework/src/Illuminate/Database/Connection.php(906): Illuminate\\Database\\Connection->getPdo()
#9 /home/bora/Projeler/enerjiyonetim/vendor/larapack/doctrine-support/src/DoctrineSupportServiceProvider.php(55): Illuminate\\Database\\Connection->getDoctrineConnection()
#10 /home/bora/Projeler/enerjiyonetim/vendor/larapack/doctrine-support/src/DoctrineSupportServiceProvider.php(35): Larapack\\DoctrineSupport\\DoctrineSupportServiceProvider->addDoctrineTypes()
#11 /home/bora/Projeler/enerjiyonetim/vendor/laravel/framework/src/Illuminate/Database/Connectors/ConnectionFactory.php(271): Larapack\\DoctrineSupport\\DoctrineSupportServiceProvider->Larapack\\DoctrineSupport\\{closure}()
#12 /home/bora/Projeler/enerjiyonetim/vendor/laravel/framework/src/Illuminate/Database/Connectors/ConnectionFactory.php(76): Illuminate\\Database\\Connectors\\ConnectionFactory->createConnection()
#13 /home/bora/Projeler/enerjiyonetim/vendor/laravel/framework/src/Illuminate/Database/Connectors/ConnectionFactory.php(50): Illuminate\\Database\\Connectors\\ConnectionFactory->createSingleConnection()
#14 /home/bora/Projeler/enerjiyonetim/vendor/laravel/framework/src/Illuminate/Database/DatabaseManager.php(131): Illuminate\\Database\\Connectors\\ConnectionFactory->make()
#15 /home/bora/Projeler/enerjiyonetim/vendor/laravel/framework/src/Illuminate/Database/DatabaseManager.php(86): Illuminate\\Database\\DatabaseManager->makeConnection()
#16 /home/bora/Projeler/enerjiyonetim/vendor/laravel/framework/src/Illuminate/Support/Facades/Schema.php(41): Illuminate\\Database\\DatabaseManager->connection()
#17 /home/bora/Projeler/enerjiyonetim/vendor/laravel/framework/src/Illuminate/Support/Facades/Facade.php(166): Illuminate\\Support\\Facades\\Schema::getFacadeAccessor()
#18 /home/bora/Projeler/enerjiyonetim/vendor/laravel/framework/src/Illuminate/Support/Facades/Facade.php(255): Illuminate\\Support\\Facades\\Facade::getFacadeRoot()
#19 /home/bora/Projeler/enerjiyonetim/app/Providers/AppServiceProvider.php(37): Illuminate\\Support\\Facades\\Facade::__callStatic()
#20 /home/bora/Projeler/enerjiyonetim/vendor/laravel/framework/src/Illuminate/Container/BoundMethod.php(36): App\\Providers\\AppServiceProvider->boot()
#21 /home/bora/Projeler/enerjiyonetim/vendor/laravel/framework/src/Illuminate/Container/Util.php(37): Illuminate\\Container\\BoundMethod::Illuminate\\Container\\{closure}()
#22 /home/bora/Projeler/enerjiyonetim/vendor/laravel/framework/src/Illuminate/Container/BoundMethod.php(93): Illuminate\\Container\\Util::unwrapIfClosure()
#23 /home/bora/Projeler/enerjiyonetim/vendor/laravel/framework/src/Illuminate/Container/BoundMethod.php(37): Illuminate\\Container\\BoundMethod::callBoundMethod()
#24 /home/bora/Projeler/enerjiyonetim/vendor/laravel/framework/src/Illuminate/Container/Container.php(590): Illuminate\\Container\\BoundMethod::call()
#25 /home/bora/Projeler/enerjiyonetim/vendor/laravel/framework/src/Illuminate/Foundation/Application.php(856): Illuminate\\Container\\Container->call()
#26 /home/bora/Projeler/enerjiyonetim/vendor/laravel/framework/src/Illuminate/Foundation/Application.php(839): Illuminate\\Foundation\\Application->bootProvider()
#27 [internal function]: Illuminate\\Foundation\\Application->Illuminate\\Foundation\\{closure}()
#28 /home/bora/Projeler/enerjiyonetim/vendor/laravel/framework/src/Illuminate/Foundation/Application.php(840): array_walk()
#29 /home/bora/Projeler/enerjiyonetim/vendor/laravel/framework/src/Illuminate/Foundation/Bootstrap/BootProviders.php(17): Illuminate\\Foundation\\Application->boot()
#30 /home/bora/Projeler/enerjiyonetim/vendor/laravel/framework/src/Illuminate/Foundation/Application.php(219): Illuminate\\Foundation\\Bootstrap\\BootProviders->bootstrap()
#31 /home/bora/Projeler/enerjiyonetim/vendor/laravel/framework/src/Illuminate/Foundation/Console/Kernel.php(320): Illuminate\\Foundation\\Application->bootstrapWith()
#32 /home/bora/Projeler/enerjiyonetim/vendor/laravel/framework/src/Illuminate/Foundation/Console/Kernel.php(129): Illuminate\\Foundation\\Console\\Kernel->bootstrap()
#33 /home/bora/Projeler/enerjiyonetim/artisan(37): Illuminate\\Foundation\\Console\\Kernel->handle()
#34 {main}
"} 
[2021-09-05 13:39:05] production.INFO: No database connection yet in VoyagerServiceProvider loadAuth(). No worries, this is not a problem!  
[2021-09-05 13:39:05] production.ERROR: SQLSTATE[HY000] [2002] Connection refused {"exception":"[object] (Doctrine\\DBAL\\Driver\\PDO\\Exception(code: 2002): SQLSTATE[HY000] [2002] Connection refused at /home/bora/Projeler/enerjiyonetim/vendor/doctrine/dbal/lib/Doctrine/DBAL/Driver/PDO/Exception.php:18)
[stacktrace]
#0 /home/bora/Projeler/enerjiyonetim/vendor/doctrine/dbal/lib/Doctrine/DBAL/Driver/PDOConnection.php(43): Doctrine\\DBAL\\Driver\\PDO\\Exception::new()
#1 /home/bora/Projeler/enerjiyonetim/vendor/laravel/framework/src/Illuminate/Database/Connectors/Connector.php(67): Doctrine\\DBAL\\Driver\\PDOConnection->__construct()
#2 /home/bora/Projeler/enerjiyonetim/vendor/laravel/framework/src/Illuminate/Database/Connectors/Connector.php(100): Illuminate\\Database\\Connectors\\Connector->createPdoConnection()
#3 /home/bora/Projeler/enerjiyonetim/vendor/laravel/framework/src/Illuminate/Database/Connectors/Connector.php(50): Illuminate\\Database\\Connectors\\Connector->tryAgainIfCausedByLostConnection()
#4 /home/bora/Projeler/enerjiyonetim/vendor/laravel/framework/src/Illuminate/Database/Connectors/MySqlConnector.php(24): Illuminate\\Database\\Connectors\\Connector->createConnection()
#5 /home/bora/Projeler/enerjiyonetim/vendor/laravel/framework/src/Illuminate/Database/Connectors/ConnectionFactory.php(182): Illuminate\\Database\\Connectors\\MySqlConnector->connect()
#6 [internal function]: Illuminate\\Database\\Connectors\\ConnectionFactory->Illuminate\\Database\\Connectors\\{closure}()
#7 /home/bora/Projeler/enerjiyonetim/vendor/laravel/framework/src/Illuminate/Database/Connection.php(924): call_user_func()
#8 /home/bora/Projeler/enerjiyonetim/vendor/laravel/framework/src/Illuminate/Database/Connection.php(906): Illuminate\\Database\\Connection->getPdo()
#9 /home/bora/Projeler/enerjiyonetim/vendor/larapack/doctrine-support/src/DoctrineSupportServiceProvider.php(55): Illuminate\\Database\\Connection->getDoctrineConnection()
#10 /home/bora/Projeler/enerjiyonetim/vendor/larapack/doctrine-support/src/DoctrineSupportServiceProvider.php(35): Larapack\\DoctrineSupport\\DoctrineSupportServiceProvider->addDoctrineTypes()
#11 /home/bora/Projeler/enerjiyonetim/vendor/laravel/framework/src/Illuminate/Database/Connectors/ConnectionFactory.php(271): Larapack\\DoctrineSupport\\DoctrineSupportServiceProvider->Larapack\\DoctrineSupport\\{closure}()
#12 /home/bora/Projeler/enerjiyonetim/vendor/laravel/framework/src/Illuminate/Database/Connectors/ConnectionFactory.php(76): Illuminate\\Database\\Connectors\\ConnectionFactory->createConnection()
#13 /home/bora/Projeler/enerjiyonetim/vendor/laravel/framework/src/Illuminate/Database/Connectors/ConnectionFactory.php(50): Illuminate\\Database\\Connectors\\ConnectionFactory->createSingleConnection()
#14 /home/bora/Projeler/enerjiyonetim/vendor/laravel/framework/src/Illuminate/Database/DatabaseManager.php(131): Illuminate\\Database\\Connectors\\ConnectionFactory->make()
#15 /home/bora/Projeler/enerjiyonetim/vendor/laravel/framework/src/Illuminate/Database/DatabaseManager.php(86): Illuminate\\Database\\DatabaseManager->makeConnection()
#16 /home/bora/Projeler/enerjiyonetim/vendor/laravel/framework/src/Illuminate/Support/Facades/Schema.php(41): Illuminate\\Database\\DatabaseManager->connection()
#17 /home/bora/Projeler/enerjiyonetim/vendor/laravel/framework/src/Illuminate/Support/Facades/Facade.php(166): Illuminate\\Support\\Facades\\Schema::getFacadeAccessor()
#18 /home/bora/Projeler/enerjiyonetim/vendor/laravel/framework/src/Illuminate/Support/Facades/Facade.php(255): Illuminate\\Support\\Facades\\Facade::getFacadeRoot()
#19 /home/bora/Projeler/enerjiyonetim/app/Providers/AppServiceProvider.php(37): Illuminate\\Support\\Facades\\Facade::__callStatic()
#20 /home/bora/Projeler/enerjiyonetim/vendor/laravel/framework/src/Illuminate/Container/BoundMethod.php(36): App\\Providers\\AppServiceProvider->boot()
#21 /home/bora/Projeler/enerjiyonetim/vendor/laravel/framework/src/Illuminate/Container/Util.php(37): Illuminate\\Container\\BoundMethod::Illuminate\\Container\\{closure}()
#22 /home/bora/Projeler/enerjiyonetim/vendor/laravel/framework/src/Illuminate/Container/BoundMethod.php(93): Illuminate\\Container\\Util::unwrapIfClosure()
#23 /home/bora/Projeler/enerjiyonetim/vendor/laravel/framework/src/Illuminate/Container/BoundMethod.php(37): Illuminate\\Container\\BoundMethod::callBoundMethod()
#24 /home/bora/Projeler/enerjiyonetim/vendor/laravel/framework/src/Illuminate/Container/Container.php(590): Illuminate\\Container\\BoundMethod::call()
#25 /home/bora/Projeler/enerjiyonetim/vendor/laravel/framework/src/Illuminate/Foundation/Application.php(856): Illuminate\\Container\\Container->call()
#26 /home/bora/Projeler/enerjiyonetim/vendor/laravel/framework/src/Illuminate/Foundation/Application.php(839): Illuminate\\Foundation\\Application->bootProvider()
#27 [internal function]: Illuminate\\Foundation\\Application->Illuminate\\Foundation\\{closure}()
#28 /home/bora/Projeler/enerjiyonetim/vendor/laravel/framework/src/Illuminate/Foundation/Application.php(840): array_walk()
#29 /home/bora/Projeler/enerjiyonetim/vendor/laravel/framework/src/Illuminate/Foundation/Bootstrap/BootProviders.php(17): Illuminate\\Foundation\\Application->boot()
#30 /home/bora/Projeler/enerjiyonetim/vendor/laravel/framework/src/Illuminate/Foundation/Application.php(219): Illuminate\\Foundation\\Bootstrap\\BootProviders->bootstrap()
#31 /home/bora/Projeler/enerjiyonetim/vendor/laravel/framework/src/Illuminate/Foundation/Console/Kernel.php(320): Illuminate\\Foundation\\Application->bootstrapWith()
#32 /home/bora/Projeler/enerjiyonetim/vendor/laravel/framework/src/Illuminate/Foundation/Console/Kernel.php(129): Illuminate\\Foundation\\Console\\Kernel->bootstrap()
#33 /home/bora/Projeler/enerjiyonetim/artisan(37): Illuminate\\Foundation\\Console\\Kernel->handle()
#34 {main}

[previous exception] [object] (PDOException(code: 2002): SQLSTATE[HY000] [2002] Connection refused at /home/bora/Projeler/enerjiyonetim/vendor/doctrine/dbal/lib/Doctrine/DBAL/Driver/PDOConnection.php:39)
[stacktrace]
#0 /home/bora/Projeler/enerjiyonetim/vendor/doctrine/dbal/lib/Doctrine/DBAL/Driver/PDOConnection.php(39): PDO->__construct()
#1 /home/bora/Projeler/enerjiyonetim/vendor/laravel/framework/src/Illuminate/Database/Connectors/Connector.php(67): Doctrine\\DBAL\\Driver\\PDOConnection->__construct()
#2 /home/bora/Projeler/enerjiyonetim/vendor/laravel/framework/src/Illuminate/Database/Connectors/Connector.php(100): Illuminate\\Database\\Connectors\\Connector->createPdoConnection()
#3 /home/bora/Projeler/enerjiyonetim/vendor/laravel/framework/src/Illuminate/Database/Connectors/Connector.php(50): Illuminate\\Database\\Connectors\\Connector->tryAgainIfCausedByLostConnection()
#4 /home/bora/Projeler/enerjiyonetim/vendor/laravel/framework/src/Illuminate/Database/Connectors/MySqlConnector.php(24): Illuminate\\Database\\Connectors\\Connector->createConnection()
#5 /home/bora/Projeler/enerjiyonetim/vendor/laravel/framework/src/Illuminate/Database/Connectors/ConnectionFactory.php(182): Illuminate\\Database\\Connectors\\MySqlConnector->connect()
#6 [internal function]: Illuminate\\Database\\Connectors\\ConnectionFactory->Illuminate\\Database\\Connectors\\{closure}()
#7 /home/bora/Projeler/enerjiyonetim/vendor/laravel/framework/src/Illuminate/Database/Connection.php(924): call_user_func()
#8 /home/bora/Projeler/enerjiyonetim/vendor/laravel/framework/src/Illuminate/Database/Connection.php(906): Illuminate\\Database\\Connection->getPdo()
#9 /home/bora/Projeler/enerjiyonetim/vendor/larapack/doctrine-support/src/DoctrineSupportServiceProvider.php(55): Illuminate\\Database\\Connection->getDoctrineConnection()
#10 /home/bora/Projeler/enerjiyonetim/vendor/larapack/doctrine-support/src/DoctrineSupportServiceProvider.php(35): Larapack\\DoctrineSupport\\DoctrineSupportServiceProvider->addDoctrineTypes()
#11 /home/bora/Projeler/enerjiyonetim/vendor/laravel/framework/src/Illuminate/Database/Connectors/ConnectionFactory.php(271): Larapack\\DoctrineSupport\\DoctrineSupportServiceProvider->Larapack\\DoctrineSupport\\{closure}()
#12 /home/bora/Projeler/enerjiyonetim/vendor/laravel/framework/src/Illuminate/Database/Connectors/ConnectionFactory.php(76): Illuminate\\Database\\Connectors\\ConnectionFactory->createConnection()
#13 /home/bora/Projeler/enerjiyonetim/vendor/laravel/framework/src/Illuminate/Database/Connectors/ConnectionFactory.php(50): Illuminate\\Database\\Connectors\\ConnectionFactory->createSingleConnection()
#14 /home/bora/Projeler/enerjiyonetim/vendor/laravel/framework/src/Illuminate/Database/DatabaseManager.php(131): Illuminate\\Database\\Connectors\\ConnectionFactory->make()
#15 /home/bora/Projeler/enerjiyonetim/vendor/laravel/framework/src/Illuminate/Database/DatabaseManager.php(86): Illuminate\\Database\\DatabaseManager->makeConnection()
#16 /home/bora/Projeler/enerjiyonetim/vendor/laravel/framework/src/Illuminate/Support/Facades/Schema.php(41): Illuminate\\Database\\DatabaseManager->connection()
#17 /home/bora/Projeler/enerjiyonetim/vendor/laravel/framework/src/Illuminate/Support/Facades/Facade.php(166): Illuminate\\Support\\Facades\\Schema::getFacadeAccessor()
#18 /home/bora/Projeler/enerjiyonetim/vendor/laravel/framework/src/Illuminate/Support/Facades/Facade.php(255): Illuminate\\Support\\Facades\\Facade::getFacadeRoot()
#19 /home/bora/Projeler/enerjiyonetim/app/Providers/AppServiceProvider.php(37): Illuminate\\Support\\Facades\\Facade::__callStatic()
#20 /home/bora/Projeler/enerjiyonetim/vendor/laravel/framework/src/Illuminate/Container/BoundMethod.php(36): App\\Providers\\AppServiceProvider->boot()
#21 /home/bora/Projeler/enerjiyonetim/vendor/laravel/framework/src/Illuminate/Container/Util.php(37): Illuminate\\Container\\BoundMethod::Illuminate\\Container\\{closure}()
#22 /home/bora/Projeler/enerjiyonetim/vendor/laravel/framework/src/Illuminate/Container/BoundMethod.php(93): Illuminate\\Container\\Util::unwrapIfClosure()
#23 /home/bora/Projeler/enerjiyonetim/vendor/laravel/framework/src/Illuminate/Container/BoundMethod.php(37): Illuminate\\Container\\BoundMethod::callBoundMethod()
#24 /home/bora/Projeler/enerjiyonetim/vendor/laravel/framework/src/Illuminate/Container/Container.php(590): Illuminate\\Container\\BoundMethod::call()
#25 /home/bora/Projeler/enerjiyonetim/vendor/laravel/framework/src/Illuminate/Foundation/Application.php(856): Illuminate\\Container\\Container->call()
#26 /home/bora/Projeler/enerjiyonetim/vendor/laravel/framework/src/Illuminate/Foundation/Application.php(839): Illuminate\\Foundation\\Application->bootProvider()
#27 [internal function]: Illuminate\\Foundation\\Application->Illuminate\\Foundation\\{closure}()
#28 /home/bora/Projeler/enerjiyonetim/vendor/laravel/framework/src/Illuminate/Foundation/Application.php(840): array_walk()
#29 /home/bora/Projeler/enerjiyonetim/vendor/laravel/framework/src/Illuminate/Foundation/Bootstrap/BootProviders.php(17): Illuminate\\Foundation\\Application->boot()
#30 /home/bora/Projeler/enerjiyonetim/vendor/laravel/framework/src/Illuminate/Foundation/Application.php(219): Illuminate\\Foundation\\Bootstrap\\BootProviders->bootstrap()
#31 /home/bora/Projeler/enerjiyonetim/vendor/laravel/framework/src/Illuminate/Foundation/Console/Kernel.php(320): Illuminate\\Foundation\\Application->bootstrapWith()
#32 /home/bora/Projeler/enerjiyonetim/vendor/laravel/framework/src/Illuminate/Foundation/Console/Kernel.php(129): Illuminate\\Foundation\\Console\\Kernel->bootstrap()
#33 /home/bora/Projeler/enerjiyonetim/artisan(37): Illuminate\\Foundation\\Console\\Kernel->handle()
#34 {main}
"} 
[2021-09-05 13:46:53] local.INFO: No database connection yet in VoyagerServiceProvider loadAuth(). No worries, this is not a problem!  
[2021-09-05 13:46:53] local.ERROR: SQLSTATE[HY000] [2002] Connection refused {"exception":"[object] (Doctrine\\DBAL\\Driver\\PDO\\Exception(code: 2002): SQLSTATE[HY000] [2002] Connection refused at /home/bora/Projeler/enerjiyonetim/vendor/doctrine/dbal/lib/Doctrine/DBAL/Driver/PDO/Exception.php:18)
[stacktrace]
#0 /home/bora/Projeler/enerjiyonetim/vendor/doctrine/dbal/lib/Doctrine/DBAL/Driver/PDOConnection.php(43): Doctrine\\DBAL\\Driver\\PDO\\Exception::new()
#1 /home/bora/Projeler/enerjiyonetim/vendor/laravel/framework/src/Illuminate/Database/Connectors/Connector.php(67): Doctrine\\DBAL\\Driver\\PDOConnection->__construct()
#2 /home/bora/Projeler/enerjiyonetim/vendor/laravel/framework/src/Illuminate/Database/Connectors/Connector.php(100): Illuminate\\Database\\Connectors\\Connector->createPdoConnection()
#3 /home/bora/Projeler/enerjiyonetim/vendor/laravel/framework/src/Illuminate/Database/Connectors/Connector.php(50): Illuminate\\Database\\Connectors\\Connector->tryAgainIfCausedByLostConnection()
#4 /home/bora/Projeler/enerjiyonetim/vendor/laravel/framework/src/Illuminate/Database/Connectors/MySqlConnector.php(24): Illuminate\\Database\\Connectors\\Connector->createConnection()
#5 /home/bora/Projeler/enerjiyonetim/vendor/laravel/framework/src/Illuminate/Database/Connectors/ConnectionFactory.php(182): Illuminate\\Database\\Connectors\\MySqlConnector->connect()
#6 [internal function]: Illuminate\\Database\\Connectors\\ConnectionFactory->Illuminate\\Database\\Connectors\\{closure}()
#7 /home/bora/Projeler/enerjiyonetim/vendor/laravel/framework/src/Illuminate/Database/Connection.php(924): call_user_func()
#8 /home/bora/Projeler/enerjiyonetim/vendor/laravel/framework/src/Illuminate/Database/Connection.php(906): Illuminate\\Database\\Connection->getPdo()
#9 /home/bora/Projeler/enerjiyonetim/vendor/larapack/doctrine-support/src/DoctrineSupportServiceProvider.php(55): Illuminate\\Database\\Connection->getDoctrineConnection()
#10 /home/bora/Projeler/enerjiyonetim/vendor/larapack/doctrine-support/src/DoctrineSupportServiceProvider.php(35): Larapack\\DoctrineSupport\\DoctrineSupportServiceProvider->addDoctrineTypes()
#11 /home/bora/Projeler/enerjiyonetim/vendor/laravel/framework/src/Illuminate/Database/Connectors/ConnectionFactory.php(271): Larapack\\DoctrineSupport\\DoctrineSupportServiceProvider->Larapack\\DoctrineSupport\\{closure}()
#12 /home/bora/Projeler/enerjiyonetim/vendor/laravel/framework/src/Illuminate/Database/Connectors/ConnectionFactory.php(76): Illuminate\\Database\\Connectors\\ConnectionFactory->createConnection()
#13 /home/bora/Projeler/enerjiyonetim/vendor/laravel/framework/src/Illuminate/Database/Connectors/ConnectionFactory.php(50): Illuminate\\Database\\Connectors\\ConnectionFactory->createSingleConnection()
#14 /home/bora/Projeler/enerjiyonetim/vendor/laravel/framework/src/Illuminate/Database/DatabaseManager.php(131): Illuminate\\Database\\Connectors\\ConnectionFactory->make()
#15 /home/bora/Projeler/enerjiyonetim/vendor/laravel/framework/src/Illuminate/Database/DatabaseManager.php(86): Illuminate\\Database\\DatabaseManager->makeConnection()
#16 /home/bora/Projeler/enerjiyonetim/vendor/laravel/framework/src/Illuminate/Support/Facades/Schema.php(41): Illuminate\\Database\\DatabaseManager->connection()
#17 /home/bora/Projeler/enerjiyonetim/vendor/laravel/framework/src/Illuminate/Support/Facades/Facade.php(166): Illuminate\\Support\\Facades\\Schema::getFacadeAccessor()
#18 /home/bora/Projeler/enerjiyonetim/vendor/laravel/framework/src/Illuminate/Support/Facades/Facade.php(255): Illuminate\\Support\\Facades\\Facade::getFacadeRoot()
#19 /home/bora/Projeler/enerjiyonetim/app/Providers/AppServiceProvider.php(37): Illuminate\\Support\\Facades\\Facade::__callStatic()
#20 /home/bora/Projeler/enerjiyonetim/vendor/laravel/framework/src/Illuminate/Container/BoundMethod.php(36): App\\Providers\\AppServiceProvider->boot()
#21 /home/bora/Projeler/enerjiyonetim/vendor/laravel/framework/src/Illuminate/Container/Util.php(37): Illuminate\\Container\\BoundMethod::Illuminate\\Container\\{closure}()
#22 /home/bora/Projeler/enerjiyonetim/vendor/laravel/framework/src/Illuminate/Container/BoundMethod.php(93): Illuminate\\Container\\Util::unwrapIfClosure()
#23 /home/bora/Projeler/enerjiyonetim/vendor/laravel/framework/src/Illuminate/Container/BoundMethod.php(37): Illuminate\\Container\\BoundMethod::callBoundMethod()
#24 /home/bora/Projeler/enerjiyonetim/vendor/laravel/framework/src/Illuminate/Container/Container.php(590): Illuminate\\Container\\BoundMethod::call()
#25 /home/bora/Projeler/enerjiyonetim/vendor/laravel/framework/src/Illuminate/Foundation/Application.php(856): Illuminate\\Container\\Container->call()
#26 /home/bora/Projeler/enerjiyonetim/vendor/laravel/framework/src/Illuminate/Foundation/Application.php(839): Illuminate\\Foundation\\Application->bootProvider()
#27 [internal function]: Illuminate\\Foundation\\Application->Illuminate\\Foundation\\{closure}()
#28 /home/bora/Projeler/enerjiyonetim/vendor/laravel/framework/src/Illuminate/Foundation/Application.php(840): array_walk()
#29 /home/bora/Projeler/enerjiyonetim/vendor/laravel/framework/src/Illuminate/Foundation/Bootstrap/BootProviders.php(17): Illuminate\\Foundation\\Application->boot()
#30 /home/bora/Projeler/enerjiyonetim/vendor/laravel/framework/src/Illuminate/Foundation/Application.php(219): Illuminate\\Foundation\\Bootstrap\\BootProviders->bootstrap()
#31 /home/bora/Projeler/enerjiyonetim/vendor/laravel/framework/src/Illuminate/Foundation/Console/Kernel.php(320): Illuminate\\Foundation\\Application->bootstrapWith()
#32 /home/bora/Projeler/enerjiyonetim/vendor/laravel/framework/src/Illuminate/Foundation/Console/Kernel.php(129): Illuminate\\Foundation\\Console\\Kernel->bootstrap()
#33 /home/bora/Projeler/enerjiyonetim/artisan(37): Illuminate\\Foundation\\Console\\Kernel->handle()
#34 {main}

[previous exception] [object] (PDOException(code: 2002): SQLSTATE[HY000] [2002] Connection refused at /home/bora/Projeler/enerjiyonetim/vendor/doctrine/dbal/lib/Doctrine/DBAL/Driver/PDOConnection.php:39)
[stacktrace]
#0 /home/bora/Projeler/enerjiyonetim/vendor/doctrine/dbal/lib/Doctrine/DBAL/Driver/PDOConnection.php(39): PDO->__construct()
#1 /home/bora/Projeler/enerjiyonetim/vendor/laravel/framework/src/Illuminate/Database/Connectors/Connector.php(67): Doctrine\\DBAL\\Driver\\PDOConnection->__construct()
#2 /home/bora/Projeler/enerjiyonetim/vendor/laravel/framework/src/Illuminate/Database/Connectors/Connector.php(100): Illuminate\\Database\\Connectors\\Connector->createPdoConnection()
#3 /home/bora/Projeler/enerjiyonetim/vendor/laravel/framework/src/Illuminate/Database/Connectors/Connector.php(50): Illuminate\\Database\\Connectors\\Connector->tryAgainIfCausedByLostConnection()
#4 /home/bora/Projeler/enerjiyonetim/vendor/laravel/framework/src/Illuminate/Database/Connectors/MySqlConnector.php(24): Illuminate\\Database\\Connectors\\Connector->createConnection()
#5 /home/bora/Projeler/enerjiyonetim/vendor/laravel/framework/src/Illuminate/Database/Connectors/ConnectionFactory.php(182): Illuminate\\Database\\Connectors\\MySqlConnector->connect()
#6 [internal function]: Illuminate\\Database\\Connectors\\ConnectionFactory->Illuminate\\Database\\Connectors\\{closure}()
#7 /home/bora/Projeler/enerjiyonetim/vendor/laravel/framework/src/Illuminate/Database/Connection.php(924): call_user_func()
#8 /home/bora/Projeler/enerjiyonetim/vendor/laravel/framework/src/Illuminate/Database/Connection.php(906): Illuminate\\Database\\Connection->getPdo()
#9 /home/bora/Projeler/enerjiyonetim/vendor/larapack/doctrine-support/src/DoctrineSupportServiceProvider.php(55): Illuminate\\Database\\Connection->getDoctrineConnection()
#10 /home/bora/Projeler/enerjiyonetim/vendor/larapack/doctrine-support/src/DoctrineSupportServiceProvider.php(35): Larapack\\DoctrineSupport\\DoctrineSupportServiceProvider->addDoctrineTypes()
#11 /home/bora/Projeler/enerjiyonetim/vendor/laravel/framework/src/Illuminate/Database/Connectors/ConnectionFactory.php(271): Larapack\\DoctrineSupport\\DoctrineSupportServiceProvider->Larapack\\DoctrineSupport\\{closure}()
#12 /home/bora/Projeler/enerjiyonetim/vendor/laravel/framework/src/Illuminate/Database/Connectors/ConnectionFactory.php(76): Illuminate\\Database\\Connectors\\ConnectionFactory->createConnection()
#13 /home/bora/Projeler/enerjiyonetim/vendor/laravel/framework/src/Illuminate/Database/Connectors/ConnectionFactory.php(50): Illuminate\\Database\\Connectors\\ConnectionFactory->createSingleConnection()
#14 /home/bora/Projeler/enerjiyonetim/vendor/laravel/framework/src/Illuminate/Database/DatabaseManager.php(131): Illuminate\\Database\\Connectors\\ConnectionFactory->make()
#15 /home/bora/Projeler/enerjiyonetim/vendor/laravel/framework/src/Illuminate/Database/DatabaseManager.php(86): Illuminate\\Database\\DatabaseManager->makeConnection()
#16 /home/bora/Projeler/enerjiyonetim/vendor/laravel/framework/src/Illuminate/Support/Facades/Schema.php(41): Illuminate\\Database\\DatabaseManager->connection()
#17 /home/bora/Projeler/enerjiyonetim/vendor/laravel/framework/src/Illuminate/Support/Facades/Facade.php(166): Illuminate\\Support\\Facades\\Schema::getFacadeAccessor()
#18 /home/bora/Projeler/enerjiyonetim/vendor/laravel/framework/src/Illuminate/Support/Facades/Facade.php(255): Illuminate\\Support\\Facades\\Facade::getFacadeRoot()
#19 /home/bora/Projeler/enerjiyonetim/app/Providers/AppServiceProvider.php(37): Illuminate\\Support\\Facades\\Facade::__callStatic()
#20 /home/bora/Projeler/enerjiyonetim/vendor/laravel/framework/src/Illuminate/Container/BoundMethod.php(36): App\\Providers\\AppServiceProvider->boot()
#21 /home/bora/Projeler/enerjiyonetim/vendor/laravel/framework/src/Illuminate/Container/Util.php(37): Illuminate\\Container\\BoundMethod::Illuminate\\Container\\{closure}()
#22 /home/bora/Projeler/enerjiyonetim/vendor/laravel/framework/src/Illuminate/Container/BoundMethod.php(93): Illuminate\\Container\\Util::unwrapIfClosure()
#23 /home/bora/Projeler/enerjiyonetim/vendor/laravel/framework/src/Illuminate/Container/BoundMethod.php(37): Illuminate\\Container\\BoundMethod::callBoundMethod()
#24 /home/bora/Projeler/enerjiyonetim/vendor/laravel/framework/src/Illuminate/Container/Container.php(590): Illuminate\\Container\\BoundMethod::call()
#25 /home/bora/Projeler/enerjiyonetim/vendor/laravel/framework/src/Illuminate/Foundation/Application.php(856): Illuminate\\Container\\Container->call()
#26 /home/bora/Projeler/enerjiyonetim/vendor/laravel/framework/src/Illuminate/Foundation/Application.php(839): Illuminate\\Foundation\\Application->bootProvider()
#27 [internal function]: Illuminate\\Foundation\\Application->Illuminate\\Foundation\\{closure}()
#28 /home/bora/Projeler/enerjiyonetim/vendor/laravel/framework/src/Illuminate/Foundation/Application.php(840): array_walk()
#29 /home/bora/Projeler/enerjiyonetim/vendor/laravel/framework/src/Illuminate/Foundation/Bootstrap/BootProviders.php(17): Illuminate\\Foundation\\Application->boot()
#30 /home/bora/Projeler/enerjiyonetim/vendor/laravel/framework/src/Illuminate/Foundation/Application.php(219): Illuminate\\Foundation\\Bootstrap\\BootProviders->bootstrap()
#31 /home/bora/Projeler/enerjiyonetim/vendor/laravel/framework/src/Illuminate/Foundation/Console/Kernel.php(320): Illuminate\\Foundation\\Application->bootstrapWith()
#32 /home/bora/Projeler/enerjiyonetim/vendor/laravel/framework/src/Illuminate/Foundation/Console/Kernel.php(129): Illuminate\\Foundation\\Console\\Kernel->bootstrap()
#33 /home/bora/Projeler/enerjiyonetim/artisan(37): Illuminate\\Foundation\\Console\\Kernel->handle()
#34 {main}
"} 
[2021-09-05 20:43:58] local.INFO: No database connection yet in VoyagerServiceProvider loadAuth(). No worries, this is not a problem!  
[2021-09-05 20:43:58] local.ERROR: SQLSTATE[HY000] [2002] Connection refused {"exception":"[object] (Doctrine\\DBAL\\Driver\\PDO\\Exception(code: 2002): SQLSTATE[HY000] [2002] Connection refused at /home/bora/Projeler/enerjiyonetim/vendor/doctrine/dbal/lib/Doctrine/DBAL/Driver/PDO/Exception.php:18)
[stacktrace]
#0 /home/bora/Projeler/enerjiyonetim/vendor/doctrine/dbal/lib/Doctrine/DBAL/Driver/PDOConnection.php(43): Doctrine\\DBAL\\Driver\\PDO\\Exception::new()
#1 /home/bora/Projeler/enerjiyonetim/vendor/laravel/framework/src/Illuminate/Database/Connectors/Connector.php(67): Doctrine\\DBAL\\Driver\\PDOConnection->__construct()
#2 /home/bora/Projeler/enerjiyonetim/vendor/laravel/framework/src/Illuminate/Database/Connectors/Connector.php(100): Illuminate\\Database\\Connectors\\Connector->createPdoConnection()
#3 /home/bora/Projeler/enerjiyonetim/vendor/laravel/framework/src/Illuminate/Database/Connectors/Connector.php(50): Illuminate\\Database\\Connectors\\Connector->tryAgainIfCausedByLostConnection()
#4 /home/bora/Projeler/enerjiyonetim/vendor/laravel/framework/src/Illuminate/Database/Connectors/MySqlConnector.php(24): Illuminate\\Database\\Connectors\\Connector->createConnection()
#5 /home/bora/Projeler/enerjiyonetim/vendor/laravel/framework/src/Illuminate/Database/Connectors/ConnectionFactory.php(182): Illuminate\\Database\\Connectors\\MySqlConnector->connect()
#6 [internal function]: Illuminate\\Database\\Connectors\\ConnectionFactory->Illuminate\\Database\\Connectors\\{closure}()
#7 /home/bora/Projeler/enerjiyonetim/vendor/laravel/framework/src/Illuminate/Database/Connection.php(924): call_user_func()
#8 /home/bora/Projeler/enerjiyonetim/vendor/laravel/framework/src/Illuminate/Database/Connection.php(906): Illuminate\\Database\\Connection->getPdo()
#9 /home/bora/Projeler/enerjiyonetim/vendor/larapack/doctrine-support/src/DoctrineSupportServiceProvider.php(55): Illuminate\\Database\\Connection->getDoctrineConnection()
#10 /home/bora/Projeler/enerjiyonetim/vendor/larapack/doctrine-support/src/DoctrineSupportServiceProvider.php(35): Larapack\\DoctrineSupport\\DoctrineSupportServiceProvider->addDoctrineTypes()
#11 /home/bora/Projeler/enerjiyonetim/vendor/laravel/framework/src/Illuminate/Database/Connectors/ConnectionFactory.php(271): Larapack\\DoctrineSupport\\DoctrineSupportServiceProvider->Larapack\\DoctrineSupport\\{closure}()
#12 /home/bora/Projeler/enerjiyonetim/vendor/laravel/framework/src/Illuminate/Database/Connectors/ConnectionFactory.php(76): Illuminate\\Database\\Connectors\\ConnectionFactory->createConnection()
#13 /home/bora/Projeler/enerjiyonetim/vendor/laravel/framework/src/Illuminate/Database/Connectors/ConnectionFactory.php(50): Illuminate\\Database\\Connectors\\ConnectionFactory->createSingleConnection()
#14 /home/bora/Projeler/enerjiyonetim/vendor/laravel/framework/src/Illuminate/Database/DatabaseManager.php(131): Illuminate\\Database\\Connectors\\ConnectionFactory->make()
#15 /home/bora/Projeler/enerjiyonetim/vendor/laravel/framework/src/Illuminate/Database/DatabaseManager.php(86): Illuminate\\Database\\DatabaseManager->makeConnection()
#16 /home/bora/Projeler/enerjiyonetim/vendor/laravel/framework/src/Illuminate/Support/Facades/Schema.php(41): Illuminate\\Database\\DatabaseManager->connection()
#17 /home/bora/Projeler/enerjiyonetim/vendor/laravel/framework/src/Illuminate/Support/Facades/Facade.php(166): Illuminate\\Support\\Facades\\Schema::getFacadeAccessor()
#18 /home/bora/Projeler/enerjiyonetim/vendor/laravel/framework/src/Illuminate/Support/Facades/Facade.php(255): Illuminate\\Support\\Facades\\Facade::getFacadeRoot()
#19 /home/bora/Projeler/enerjiyonetim/app/Providers/AppServiceProvider.php(37): Illuminate\\Support\\Facades\\Facade::__callStatic()
#20 /home/bora/Projeler/enerjiyonetim/vendor/laravel/framework/src/Illuminate/Container/BoundMethod.php(36): App\\Providers\\AppServiceProvider->boot()
#21 /home/bora/Projeler/enerjiyonetim/vendor/laravel/framework/src/Illuminate/Container/Util.php(37): Illuminate\\Container\\BoundMethod::Illuminate\\Container\\{closure}()
#22 /home/bora/Projeler/enerjiyonetim/vendor/laravel/framework/src/Illuminate/Container/BoundMethod.php(93): Illuminate\\Container\\Util::unwrapIfClosure()
#23 /home/bora/Projeler/enerjiyonetim/vendor/laravel/framework/src/Illuminate/Container/BoundMethod.php(37): Illuminate\\Container\\BoundMethod::callBoundMethod()
#24 /home/bora/Projeler/enerjiyonetim/vendor/laravel/framework/src/Illuminate/Container/Container.php(590): Illuminate\\Container\\BoundMethod::call()
#25 /home/bora/Projeler/enerjiyonetim/vendor/laravel/framework/src/Illuminate/Foundation/Application.php(856): Illuminate\\Container\\Container->call()
#26 /home/bora/Projeler/enerjiyonetim/vendor/laravel/framework/src/Illuminate/Foundation/Application.php(839): Illuminate\\Foundation\\Application->bootProvider()
#27 [internal function]: Illuminate\\Foundation\\Application->Illuminate\\Foundation\\{closure}()
#28 /home/bora/Projeler/enerjiyonetim/vendor/laravel/framework/src/Illuminate/Foundation/Application.php(840): array_walk()
#29 /home/bora/Projeler/enerjiyonetim/vendor/laravel/framework/src/Illuminate/Foundation/Bootstrap/BootProviders.php(17): Illuminate\\Foundation\\Application->boot()
#30 /home/bora/Projeler/enerjiyonetim/vendor/laravel/framework/src/Illuminate/Foundation/Application.php(219): Illuminate\\Foundation\\Bootstrap\\BootProviders->bootstrap()
#31 /home/bora/Projeler/enerjiyonetim/vendor/laravel/framework/src/Illuminate/Foundation/Console/Kernel.php(320): Illuminate\\Foundation\\Application->bootstrapWith()
#32 /home/bora/Projeler/enerjiyonetim/vendor/laravel/framework/src/Illuminate/Foundation/Console/Kernel.php(129): Illuminate\\Foundation\\Console\\Kernel->bootstrap()
#33 /home/bora/Projeler/enerjiyonetim/artisan(37): Illuminate\\Foundation\\Console\\Kernel->handle()
#34 {main}

[previous exception] [object] (PDOException(code: 2002): SQLSTATE[HY000] [2002] Connection refused at /home/bora/Projeler/enerjiyonetim/vendor/doctrine/dbal/lib/Doctrine/DBAL/Driver/PDOConnection.php:39)
[stacktrace]
#0 /home/bora/Projeler/enerjiyonetim/vendor/doctrine/dbal/lib/Doctrine/DBAL/Driver/PDOConnection.php(39): PDO->__construct()
#1 /home/bora/Projeler/enerjiyonetim/vendor/laravel/framework/src/Illuminate/Database/Connectors/Connector.php(67): Doctrine\\DBAL\\Driver\\PDOConnection->__construct()
#2 /home/bora/Projeler/enerjiyonetim/vendor/laravel/framework/src/Illuminate/Database/Connectors/Connector.php(100): Illuminate\\Database\\Connectors\\Connector->createPdoConnection()
#3 /home/bora/Projeler/enerjiyonetim/vendor/laravel/framework/src/Illuminate/Database/Connectors/Connector.php(50): Illuminate\\Database\\Connectors\\Connector->tryAgainIfCausedByLostConnection()
#4 /home/bora/Projeler/enerjiyonetim/vendor/laravel/framework/src/Illuminate/Database/Connectors/MySqlConnector.php(24): Illuminate\\Database\\Connectors\\Connector->createConnection()
#5 /home/bora/Projeler/enerjiyonetim/vendor/laravel/framework/src/Illuminate/Database/Connectors/ConnectionFactory.php(182): Illuminate\\Database\\Connectors\\MySqlConnector->connect()
#6 [internal function]: Illuminate\\Database\\Connectors\\ConnectionFactory->Illuminate\\Database\\Connectors\\{closure}()
#7 /home/bora/Projeler/enerjiyonetim/vendor/laravel/framework/src/Illuminate/Database/Connection.php(924): call_user_func()
#8 /home/bora/Projeler/enerjiyonetim/vendor/laravel/framework/src/Illuminate/Database/Connection.php(906): Illuminate\\Database\\Connection->getPdo()
#9 /home/bora/Projeler/enerjiyonetim/vendor/larapack/doctrine-support/src/DoctrineSupportServiceProvider.php(55): Illuminate\\Database\\Connection->getDoctrineConnection()
#10 /home/bora/Projeler/enerjiyonetim/vendor/larapack/doctrine-support/src/DoctrineSupportServiceProvider.php(35): Larapack\\DoctrineSupport\\DoctrineSupportServiceProvider->addDoctrineTypes()
#11 /home/bora/Projeler/enerjiyonetim/vendor/laravel/framework/src/Illuminate/Database/Connectors/ConnectionFactory.php(271): Larapack\\DoctrineSupport\\DoctrineSupportServiceProvider->Larapack\\DoctrineSupport\\{closure}()
#12 /home/bora/Projeler/enerjiyonetim/vendor/laravel/framework/src/Illuminate/Database/Connectors/ConnectionFactory.php(76): Illuminate\\Database\\Connectors\\ConnectionFactory->createConnection()
#13 /home/bora/Projeler/enerjiyonetim/vendor/laravel/framework/src/Illuminate/Database/Connectors/ConnectionFactory.php(50): Illuminate\\Database\\Connectors\\ConnectionFactory->createSingleConnection()
#14 /home/bora/Projeler/enerjiyonetim/vendor/laravel/framework/src/Illuminate/Database/DatabaseManager.php(131): Illuminate\\Database\\Connectors\\ConnectionFactory->make()
#15 /home/bora/Projeler/enerjiyonetim/vendor/laravel/framework/src/Illuminate/Database/DatabaseManager.php(86): Illuminate\\Database\\DatabaseManager->makeConnection()
#16 /home/bora/Projeler/enerjiyonetim/vendor/laravel/framework/src/Illuminate/Support/Facades/Schema.php(41): Illuminate\\Database\\DatabaseManager->connection()
#17 /home/bora/Projeler/enerjiyonetim/vendor/laravel/framework/src/Illuminate/Support/Facades/Facade.php(166): Illuminate\\Support\\Facades\\Schema::getFacadeAccessor()
#18 /home/bora/Projeler/enerjiyonetim/vendor/laravel/framework/src/Illuminate/Support/Facades/Facade.php(255): Illuminate\\Support\\Facades\\Facade::getFacadeRoot()
#19 /home/bora/Projeler/enerjiyonetim/app/Providers/AppServiceProvider.php(37): Illuminate\\Support\\Facades\\Facade::__callStatic()
#20 /home/bora/Projeler/enerjiyonetim/vendor/laravel/framework/src/Illuminate/Container/BoundMethod.php(36): App\\Providers\\AppServiceProvider->boot()
#21 /home/bora/Projeler/enerjiyonetim/vendor/laravel/framework/src/Illuminate/Container/Util.php(37): Illuminate\\Container\\BoundMethod::Illuminate\\Container\\{closure}()
#22 /home/bora/Projeler/enerjiyonetim/vendor/laravel/framework/src/Illuminate/Container/BoundMethod.php(93): Illuminate\\Container\\Util::unwrapIfClosure()
#23 /home/bora/Projeler/enerjiyonetim/vendor/laravel/framework/src/Illuminate/Container/BoundMethod.php(37): Illuminate\\Container\\BoundMethod::callBoundMethod()
#24 /home/bora/Projeler/enerjiyonetim/vendor/laravel/framework/src/Illuminate/Container/Container.php(590): Illuminate\\Container\\BoundMethod::call()
#25 /home/bora/Projeler/enerjiyonetim/vendor/laravel/framework/src/Illuminate/Foundation/Application.php(856): Illuminate\\Container\\Container->call()
#26 /home/bora/Projeler/enerjiyonetim/vendor/laravel/framework/src/Illuminate/Foundation/Application.php(839): Illuminate\\Foundation\\Application->bootProvider()
#27 [internal function]: Illuminate\\Foundation\\Application->Illuminate\\Foundation\\{closure}()
#28 /home/bora/Projeler/enerjiyonetim/vendor/laravel/framework/src/Illuminate/Foundation/Application.php(840): array_walk()
#29 /home/bora/Projeler/enerjiyonetim/vendor/laravel/framework/src/Illuminate/Foundation/Bootstrap/BootProviders.php(17): Illuminate\\Foundation\\Application->boot()
#30 /home/bora/Projeler/enerjiyonetim/vendor/laravel/framework/src/Illuminate/Foundation/Application.php(219): Illuminate\\Foundation\\Bootstrap\\BootProviders->bootstrap()
#31 /home/bora/Projeler/enerjiyonetim/vendor/laravel/framework/src/Illuminate/Foundation/Console/Kernel.php(320): Illuminate\\Foundation\\Application->bootstrapWith()
#32 /home/bora/Projeler/enerjiyonetim/vendor/laravel/framework/src/Illuminate/Foundation/Console/Kernel.php(129): Illuminate\\Foundation\\Console\\Kernel->bootstrap()
#33 /home/bora/Projeler/enerjiyonetim/artisan(37): Illuminate\\Foundation\\Console\\Kernel->handle()
#34 {main}
"} 
[2021-09-05 20:46:00] local.INFO: No database connection yet in VoyagerServiceProvider loadAuth(). No worries, this is not a problem!  
[2021-09-05 20:46:00] local.ERROR: SQLSTATE[HY000] [2002] Connection refused {"exception":"[object] (Doctrine\\DBAL\\Driver\\PDO\\Exception(code: 2002): SQLSTATE[HY000] [2002] Connection refused at /home/bora/Projeler/enerjiyonetim/vendor/doctrine/dbal/lib/Doctrine/DBAL/Driver/PDO/Exception.php:18)
[stacktrace]
#0 /home/bora/Projeler/enerjiyonetim/vendor/doctrine/dbal/lib/Doctrine/DBAL/Driver/PDOConnection.php(43): Doctrine\\DBAL\\Driver\\PDO\\Exception::new()
#1 /home/bora/Projeler/enerjiyonetim/vendor/laravel/framework/src/Illuminate/Database/Connectors/Connector.php(67): Doctrine\\DBAL\\Driver\\PDOConnection->__construct()
#2 /home/bora/Projeler/enerjiyonetim/vendor/laravel/framework/src/Illuminate/Database/Connectors/Connector.php(100): Illuminate\\Database\\Connectors\\Connector->createPdoConnection()
#3 /home/bora/Projeler/enerjiyonetim/vendor/laravel/framework/src/Illuminate/Database/Connectors/Connector.php(50): Illuminate\\Database\\Connectors\\Connector->tryAgainIfCausedByLostConnection()
#4 /home/bora/Projeler/enerjiyonetim/vendor/laravel/framework/src/Illuminate/Database/Connectors/MySqlConnector.php(24): Illuminate\\Database\\Connectors\\Connector->createConnection()
#5 /home/bora/Projeler/enerjiyonetim/vendor/laravel/framework/src/Illuminate/Database/Connectors/ConnectionFactory.php(182): Illuminate\\Database\\Connectors\\MySqlConnector->connect()
#6 [internal function]: Illuminate\\Database\\Connectors\\ConnectionFactory->Illuminate\\Database\\Connectors\\{closure}()
#7 /home/bora/Projeler/enerjiyonetim/vendor/laravel/framework/src/Illuminate/Database/Connection.php(924): call_user_func()
#8 /home/bora/Projeler/enerjiyonetim/vendor/laravel/framework/src/Illuminate/Database/Connection.php(906): Illuminate\\Database\\Connection->getPdo()
#9 /home/bora/Projeler/enerjiyonetim/vendor/larapack/doctrine-support/src/DoctrineSupportServiceProvider.php(55): Illuminate\\Database\\Connection->getDoctrineConnection()
#10 /home/bora/Projeler/enerjiyonetim/vendor/larapack/doctrine-support/src/DoctrineSupportServiceProvider.php(35): Larapack\\DoctrineSupport\\DoctrineSupportServiceProvider->addDoctrineTypes()
#11 /home/bora/Projeler/enerjiyonetim/vendor/laravel/framework/src/Illuminate/Database/Connectors/ConnectionFactory.php(271): Larapack\\DoctrineSupport\\DoctrineSupportServiceProvider->Larapack\\DoctrineSupport\\{closure}()
#12 /home/bora/Projeler/enerjiyonetim/vendor/laravel/framework/src/Illuminate/Database/Connectors/ConnectionFactory.php(76): Illuminate\\Database\\Connectors\\ConnectionFactory->createConnection()
#13 /home/bora/Projeler/enerjiyonetim/vendor/laravel/framework/src/Illuminate/Database/Connectors/ConnectionFactory.php(50): Illuminate\\Database\\Connectors\\ConnectionFactory->createSingleConnection()
#14 /home/bora/Projeler/enerjiyonetim/vendor/laravel/framework/src/Illuminate/Database/DatabaseManager.php(131): Illuminate\\Database\\Connectors\\ConnectionFactory->make()
#15 /home/bora/Projeler/enerjiyonetim/vendor/laravel/framework/src/Illuminate/Database/DatabaseManager.php(86): Illuminate\\Database\\DatabaseManager->makeConnection()
#16 /home/bora/Projeler/enerjiyonetim/vendor/laravel/framework/src/Illuminate/Support/Facades/Schema.php(41): Illuminate\\Database\\DatabaseManager->connection()
#17 /home/bora/Projeler/enerjiyonetim/vendor/laravel/framework/src/Illuminate/Support/Facades/Facade.php(166): Illuminate\\Support\\Facades\\Schema::getFacadeAccessor()
#18 /home/bora/Projeler/enerjiyonetim/vendor/laravel/framework/src/Illuminate/Support/Facades/Facade.php(255): Illuminate\\Support\\Facades\\Facade::getFacadeRoot()
#19 /home/bora/Projeler/enerjiyonetim/app/Providers/AppServiceProvider.php(37): Illuminate\\Support\\Facades\\Facade::__callStatic()
#20 /home/bora/Projeler/enerjiyonetim/vendor/laravel/framework/src/Illuminate/Container/BoundMethod.php(36): App\\Providers\\AppServiceProvider->boot()
#21 /home/bora/Projeler/enerjiyonetim/vendor/laravel/framework/src/Illuminate/Container/Util.php(37): Illuminate\\Container\\BoundMethod::Illuminate\\Container\\{closure}()
#22 /home/bora/Projeler/enerjiyonetim/vendor/laravel/framework/src/Illuminate/Container/BoundMethod.php(93): Illuminate\\Container\\Util::unwrapIfClosure()
#23 /home/bora/Projeler/enerjiyonetim/vendor/laravel/framework/src/Illuminate/Container/BoundMethod.php(37): Illuminate\\Container\\BoundMethod::callBoundMethod()
#24 /home/bora/Projeler/enerjiyonetim/vendor/laravel/framework/src/Illuminate/Container/Container.php(590): Illuminate\\Container\\BoundMethod::call()
#25 /home/bora/Projeler/enerjiyonetim/vendor/laravel/framework/src/Illuminate/Foundation/Application.php(856): Illuminate\\Container\\Container->call()
#26 /home/bora/Projeler/enerjiyonetim/vendor/laravel/framework/src/Illuminate/Foundation/Application.php(839): Illuminate\\Foundation\\Application->bootProvider()
#27 [internal function]: Illuminate\\Foundation\\Application->Illuminate\\Foundation\\{closure}()
#28 /home/bora/Projeler/enerjiyonetim/vendor/laravel/framework/src/Illuminate/Foundation/Application.php(840): array_walk()
#29 /home/bora/Projeler/enerjiyonetim/vendor/laravel/framework/src/Illuminate/Foundation/Bootstrap/BootProviders.php(17): Illuminate\\Foundation\\Application->boot()
#30 /home/bora/Projeler/enerjiyonetim/vendor/laravel/framework/src/Illuminate/Foundation/Application.php(219): Illuminate\\Foundation\\Bootstrap\\BootProviders->bootstrap()
#31 /home/bora/Projeler/enerjiyonetim/vendor/laravel/framework/src/Illuminate/Foundation/Console/Kernel.php(320): Illuminate\\Foundation\\Application->bootstrapWith()
#32 /home/bora/Projeler/enerjiyonetim/vendor/laravel/framework/src/Illuminate/Foundation/Console/Kernel.php(129): Illuminate\\Foundation\\Console\\Kernel->bootstrap()
#33 /home/bora/Projeler/enerjiyonetim/artisan(37): Illuminate\\Foundation\\Console\\Kernel->handle()
#34 {main}

[previous exception] [object] (PDOException(code: 2002): SQLSTATE[HY000] [2002] Connection refused at /home/bora/Projeler/enerjiyonetim/vendor/doctrine/dbal/lib/Doctrine/DBAL/Driver/PDOConnection.php:39)
[stacktrace]
#0 /home/bora/Projeler/enerjiyonetim/vendor/doctrine/dbal/lib/Doctrine/DBAL/Driver/PDOConnection.php(39): PDO->__construct()
#1 /home/bora/Projeler/enerjiyonetim/vendor/laravel/framework/src/Illuminate/Database/Connectors/Connector.php(67): Doctrine\\DBAL\\Driver\\PDOConnection->__construct()
#2 /home/bora/Projeler/enerjiyonetim/vendor/laravel/framework/src/Illuminate/Database/Connectors/Connector.php(100): Illuminate\\Database\\Connectors\\Connector->createPdoConnection()
#3 /home/bora/Projeler/enerjiyonetim/vendor/laravel/framework/src/Illuminate/Database/Connectors/Connector.php(50): Illuminate\\Database\\Connectors\\Connector->tryAgainIfCausedByLostConnection()
#4 /home/bora/Projeler/enerjiyonetim/vendor/laravel/framework/src/Illuminate/Database/Connectors/MySqlConnector.php(24): Illuminate\\Database\\Connectors\\Connector->createConnection()
#5 /home/bora/Projeler/enerjiyonetim/vendor/laravel/framework/src/Illuminate/Database/Connectors/ConnectionFactory.php(182): Illuminate\\Database\\Connectors\\MySqlConnector->connect()
#6 [internal function]: Illuminate\\Database\\Connectors\\ConnectionFactory->Illuminate\\Database\\Connectors\\{closure}()
#7 /home/bora/Projeler/enerjiyonetim/vendor/laravel/framework/src/Illuminate/Database/Connection.php(924): call_user_func()
#8 /home/bora/Projeler/enerjiyonetim/vendor/laravel/framework/src/Illuminate/Database/Connection.php(906): Illuminate\\Database\\Connection->getPdo()
#9 /home/bora/Projeler/enerjiyonetim/vendor/larapack/doctrine-support/src/DoctrineSupportServiceProvider.php(55): Illuminate\\Database\\Connection->getDoctrineConnection()
#10 /home/bora/Projeler/enerjiyonetim/vendor/larapack/doctrine-support/src/DoctrineSupportServiceProvider.php(35): Larapack\\DoctrineSupport\\DoctrineSupportServiceProvider->addDoctrineTypes()
#11 /home/bora/Projeler/enerjiyonetim/vendor/laravel/framework/src/Illuminate/Database/Connectors/ConnectionFactory.php(271): Larapack\\DoctrineSupport\\DoctrineSupportServiceProvider->Larapack\\DoctrineSupport\\{closure}()
#12 /home/bora/Projeler/enerjiyonetim/vendor/laravel/framework/src/Illuminate/Database/Connectors/ConnectionFactory.php(76): Illuminate\\Database\\Connectors\\ConnectionFactory->createConnection()
#13 /home/bora/Projeler/enerjiyonetim/vendor/laravel/framework/src/Illuminate/Database/Connectors/ConnectionFactory.php(50): Illuminate\\Database\\Connectors\\ConnectionFactory->createSingleConnection()
#14 /home/bora/Projeler/enerjiyonetim/vendor/laravel/framework/src/Illuminate/Database/DatabaseManager.php(131): Illuminate\\Database\\Connectors\\ConnectionFactory->make()
#15 /home/bora/Projeler/enerjiyonetim/vendor/laravel/framework/src/Illuminate/Database/DatabaseManager.php(86): Illuminate\\Database\\DatabaseManager->makeConnection()
#16 /home/bora/Projeler/enerjiyonetim/vendor/laravel/framework/src/Illuminate/Support/Facades/Schema.php(41): Illuminate\\Database\\DatabaseManager->connection()
#17 /home/bora/Projeler/enerjiyonetim/vendor/laravel/framework/src/Illuminate/Support/Facades/Facade.php(166): Illuminate\\Support\\Facades\\Schema::getFacadeAccessor()
#18 /home/bora/Projeler/enerjiyonetim/vendor/laravel/framework/src/Illuminate/Support/Facades/Facade.php(255): Illuminate\\Support\\Facades\\Facade::getFacadeRoot()
#19 /home/bora/Projeler/enerjiyonetim/app/Providers/AppServiceProvider.php(37): Illuminate\\Support\\Facades\\Facade::__callStatic()
#20 /home/bora/Projeler/enerjiyonetim/vendor/laravel/framework/src/Illuminate/Container/BoundMethod.php(36): App\\Providers\\AppServiceProvider->boot()
#21 /home/bora/Projeler/enerjiyonetim/vendor/laravel/framework/src/Illuminate/Container/Util.php(37): Illuminate\\Container\\BoundMethod::Illuminate\\Container\\{closure}()
#22 /home/bora/Projeler/enerjiyonetim/vendor/laravel/framework/src/Illuminate/Container/BoundMethod.php(93): Illuminate\\Container\\Util::unwrapIfClosure()
#23 /home/bora/Projeler/enerjiyonetim/vendor/laravel/framework/src/Illuminate/Container/BoundMethod.php(37): Illuminate\\Container\\BoundMethod::callBoundMethod()
#24 /home/bora/Projeler/enerjiyonetim/vendor/laravel/framework/src/Illuminate/Container/Container.php(590): Illuminate\\Container\\BoundMethod::call()
#25 /home/bora/Projeler/enerjiyonetim/vendor/laravel/framework/src/Illuminate/Foundation/Application.php(856): Illuminate\\Container\\Container->call()
#26 /home/bora/Projeler/enerjiyonetim/vendor/laravel/framework/src/Illuminate/Foundation/Application.php(839): Illuminate\\Foundation\\Application->bootProvider()
#27 [internal function]: Illuminate\\Foundation\\Application->Illuminate\\Foundation\\{closure}()
#28 /home/bora/Projeler/enerjiyonetim/vendor/laravel/framework/src/Illuminate/Foundation/Application.php(840): array_walk()
#29 /home/bora/Projeler/enerjiyonetim/vendor/laravel/framework/src/Illuminate/Foundation/Bootstrap/BootProviders.php(17): Illuminate\\Foundation\\Application->boot()
#30 /home/bora/Projeler/enerjiyonetim/vendor/laravel/framework/src/Illuminate/Foundation/Application.php(219): Illuminate\\Foundation\\Bootstrap\\BootProviders->bootstrap()
#31 /home/bora/Projeler/enerjiyonetim/vendor/laravel/framework/src/Illuminate/Foundation/Console/Kernel.php(320): Illuminate\\Foundation\\Application->bootstrapWith()
#32 /home/bora/Projeler/enerjiyonetim/vendor/laravel/framework/src/Illuminate/Foundation/Console/Kernel.php(129): Illuminate\\Foundation\\Console\\Kernel->bootstrap()
#33 /home/bora/Projeler/enerjiyonetim/artisan(37): Illuminate\\Foundation\\Console\\Kernel->handle()
#34 {main}
"} 
[2021-09-05 20:51:41] local.INFO: No database connection yet in VoyagerServiceProvider loadAuth(). No worries, this is not a problem!  
[2021-09-05 20:51:41] local.ERROR: SQLSTATE[HY000] [2002] Connection refused {"exception":"[object] (Doctrine\\DBAL\\Driver\\PDO\\Exception(code: 2002): SQLSTATE[HY000] [2002] Connection refused at /home/bora/Projeler/enerjiyonetim/vendor/doctrine/dbal/lib/Doctrine/DBAL/Driver/PDO/Exception.php:18)
[stacktrace]
#0 /home/bora/Projeler/enerjiyonetim/vendor/doctrine/dbal/lib/Doctrine/DBAL/Driver/PDOConnection.php(43): Doctrine\\DBAL\\Driver\\PDO\\Exception::new()
#1 /home/bora/Projeler/enerjiyonetim/vendor/laravel/framework/src/Illuminate/Database/Connectors/Connector.php(67): Doctrine\\DBAL\\Driver\\PDOConnection->__construct()
#2 /home/bora/Projeler/enerjiyonetim/vendor/laravel/framework/src/Illuminate/Database/Connectors/Connector.php(100): Illuminate\\Database\\Connectors\\Connector->createPdoConnection()
#3 /home/bora/Projeler/enerjiyonetim/vendor/laravel/framework/src/Illuminate/Database/Connectors/Connector.php(50): Illuminate\\Database\\Connectors\\Connector->tryAgainIfCausedByLostConnection()
#4 /home/bora/Projeler/enerjiyonetim/vendor/laravel/framework/src/Illuminate/Database/Connectors/MySqlConnector.php(24): Illuminate\\Database\\Connectors\\Connector->createConnection()
#5 /home/bora/Projeler/enerjiyonetim/vendor/laravel/framework/src/Illuminate/Database/Connectors/ConnectionFactory.php(182): Illuminate\\Database\\Connectors\\MySqlConnector->connect()
#6 [internal function]: Illuminate\\Database\\Connectors\\ConnectionFactory->Illuminate\\Database\\Connectors\\{closure}()
#7 /home/bora/Projeler/enerjiyonetim/vendor/laravel/framework/src/Illuminate/Database/Connection.php(924): call_user_func()
#8 /home/bora/Projeler/enerjiyonetim/vendor/laravel/framework/src/Illuminate/Database/Connection.php(906): Illuminate\\Database\\Connection->getPdo()
#9 /home/bora/Projeler/enerjiyonetim/vendor/larapack/doctrine-support/src/DoctrineSupportServiceProvider.php(55): Illuminate\\Database\\Connection->getDoctrineConnection()
#10 /home/bora/Projeler/enerjiyonetim/vendor/larapack/doctrine-support/src/DoctrineSupportServiceProvider.php(35): Larapack\\DoctrineSupport\\DoctrineSupportServiceProvider->addDoctrineTypes()
#11 /home/bora/Projeler/enerjiyonetim/vendor/laravel/framework/src/Illuminate/Database/Connectors/ConnectionFactory.php(271): Larapack\\DoctrineSupport\\DoctrineSupportServiceProvider->Larapack\\DoctrineSupport\\{closure}()
#12 /home/bora/Projeler/enerjiyonetim/vendor/laravel/framework/src/Illuminate/Database/Connectors/ConnectionFactory.php(76): Illuminate\\Database\\Connectors\\ConnectionFactory->createConnection()
#13 /home/bora/Projeler/enerjiyonetim/vendor/laravel/framework/src/Illuminate/Database/Connectors/ConnectionFactory.php(50): Illuminate\\Database\\Connectors\\ConnectionFactory->createSingleConnection()
#14 /home/bora/Projeler/enerjiyonetim/vendor/laravel/framework/src/Illuminate/Database/DatabaseManager.php(131): Illuminate\\Database\\Connectors\\ConnectionFactory->make()
#15 /home/bora/Projeler/enerjiyonetim/vendor/laravel/framework/src/Illuminate/Database/DatabaseManager.php(86): Illuminate\\Database\\DatabaseManager->makeConnection()
#16 /home/bora/Projeler/enerjiyonetim/vendor/laravel/framework/src/Illuminate/Support/Facades/Schema.php(41): Illuminate\\Database\\DatabaseManager->connection()
#17 /home/bora/Projeler/enerjiyonetim/vendor/laravel/framework/src/Illuminate/Support/Facades/Facade.php(166): Illuminate\\Support\\Facades\\Schema::getFacadeAccessor()
#18 /home/bora/Projeler/enerjiyonetim/vendor/laravel/framework/src/Illuminate/Support/Facades/Facade.php(255): Illuminate\\Support\\Facades\\Facade::getFacadeRoot()
#19 /home/bora/Projeler/enerjiyonetim/app/Providers/AppServiceProvider.php(37): Illuminate\\Support\\Facades\\Facade::__callStatic()
#20 /home/bora/Projeler/enerjiyonetim/vendor/laravel/framework/src/Illuminate/Container/BoundMethod.php(36): App\\Providers\\AppServiceProvider->boot()
#21 /home/bora/Projeler/enerjiyonetim/vendor/laravel/framework/src/Illuminate/Container/Util.php(37): Illuminate\\Container\\BoundMethod::Illuminate\\Container\\{closure}()
#22 /home/bora/Projeler/enerjiyonetim/vendor/laravel/framework/src/Illuminate/Container/BoundMethod.php(93): Illuminate\\Container\\Util::unwrapIfClosure()
#23 /home/bora/Projeler/enerjiyonetim/vendor/laravel/framework/src/Illuminate/Container/BoundMethod.php(37): Illuminate\\Container\\BoundMethod::callBoundMethod()
#24 /home/bora/Projeler/enerjiyonetim/vendor/laravel/framework/src/Illuminate/Container/Container.php(590): Illuminate\\Container\\BoundMethod::call()
#25 /home/bora/Projeler/enerjiyonetim/vendor/laravel/framework/src/Illuminate/Foundation/Application.php(856): Illuminate\\Container\\Container->call()
#26 /home/bora/Projeler/enerjiyonetim/vendor/laravel/framework/src/Illuminate/Foundation/Application.php(839): Illuminate\\Foundation\\Application->bootProvider()
#27 [internal function]: Illuminate\\Foundation\\Application->Illuminate\\Foundation\\{closure}()
#28 /home/bora/Projeler/enerjiyonetim/vendor/laravel/framework/src/Illuminate/Foundation/Application.php(840): array_walk()
#29 /home/bora/Projeler/enerjiyonetim/vendor/laravel/framework/src/Illuminate/Foundation/Bootstrap/BootProviders.php(17): Illuminate\\Foundation\\Application->boot()
#30 /home/bora/Projeler/enerjiyonetim/vendor/laravel/framework/src/Illuminate/Foundation/Application.php(219): Illuminate\\Foundation\\Bootstrap\\BootProviders->bootstrap()
#31 /home/bora/Projeler/enerjiyonetim/vendor/laravel/framework/src/Illuminate/Foundation/Console/Kernel.php(320): Illuminate\\Foundation\\Application->bootstrapWith()
#32 /home/bora/Projeler/enerjiyonetim/vendor/laravel/framework/src/Illuminate/Foundation/Console/Kernel.php(129): Illuminate\\Foundation\\Console\\Kernel->bootstrap()
#33 /home/bora/Projeler/enerjiyonetim/artisan(37): Illuminate\\Foundation\\Console\\Kernel->handle()
#34 {main}

[previous exception] [object] (PDOException(code: 2002): SQLSTATE[HY000] [2002] Connection refused at /home/bora/Projeler/enerjiyonetim/vendor/doctrine/dbal/lib/Doctrine/DBAL/Driver/PDOConnection.php:39)
[stacktrace]
#0 /home/bora/Projeler/enerjiyonetim/vendor/doctrine/dbal/lib/Doctrine/DBAL/Driver/PDOConnection.php(39): PDO->__construct()
#1 /home/bora/Projeler/enerjiyonetim/vendor/laravel/framework/src/Illuminate/Database/Connectors/Connector.php(67): Doctrine\\DBAL\\Driver\\PDOConnection->__construct()
#2 /home/bora/Projeler/enerjiyonetim/vendor/laravel/framework/src/Illuminate/Database/Connectors/Connector.php(100): Illuminate\\Database\\Connectors\\Connector->createPdoConnection()
#3 /home/bora/Projeler/enerjiyonetim/vendor/laravel/framework/src/Illuminate/Database/Connectors/Connector.php(50): Illuminate\\Database\\Connectors\\Connector->tryAgainIfCausedByLostConnection()
#4 /home/bora/Projeler/enerjiyonetim/vendor/laravel/framework/src/Illuminate/Database/Connectors/MySqlConnector.php(24): Illuminate\\Database\\Connectors\\Connector->createConnection()
#5 /home/bora/Projeler/enerjiyonetim/vendor/laravel/framework/src/Illuminate/Database/Connectors/ConnectionFactory.php(182): Illuminate\\Database\\Connectors\\MySqlConnector->connect()
#6 [internal function]: Illuminate\\Database\\Connectors\\ConnectionFactory->Illuminate\\Database\\Connectors\\{closure}()
#7 /home/bora/Projeler/enerjiyonetim/vendor/laravel/framework/src/Illuminate/Database/Connection.php(924): call_user_func()
#8 /home/bora/Projeler/enerjiyonetim/vendor/laravel/framework/src/Illuminate/Database/Connection.php(906): Illuminate\\Database\\Connection->getPdo()
#9 /home/bora/Projeler/enerjiyonetim/vendor/larapack/doctrine-support/src/DoctrineSupportServiceProvider.php(55): Illuminate\\Database\\Connection->getDoctrineConnection()
#10 /home/bora/Projeler/enerjiyonetim/vendor/larapack/doctrine-support/src/DoctrineSupportServiceProvider.php(35): Larapack\\DoctrineSupport\\DoctrineSupportServiceProvider->addDoctrineTypes()
#11 /home/bora/Projeler/enerjiyonetim/vendor/laravel/framework/src/Illuminate/Database/Connectors/ConnectionFactory.php(271): Larapack\\DoctrineSupport\\DoctrineSupportServiceProvider->Larapack\\DoctrineSupport\\{closure}()
#12 /home/bora/Projeler/enerjiyonetim/vendor/laravel/framework/src/Illuminate/Database/Connectors/ConnectionFactory.php(76): Illuminate\\Database\\Connectors\\ConnectionFactory->createConnection()
#13 /home/bora/Projeler/enerjiyonetim/vendor/laravel/framework/src/Illuminate/Database/Connectors/ConnectionFactory.php(50): Illuminate\\Database\\Connectors\\ConnectionFactory->createSingleConnection()
#14 /home/bora/Projeler/enerjiyonetim/vendor/laravel/framework/src/Illuminate/Database/DatabaseManager.php(131): Illuminate\\Database\\Connectors\\ConnectionFactory->make()
#15 /home/bora/Projeler/enerjiyonetim/vendor/laravel/framework/src/Illuminate/Database/DatabaseManager.php(86): Illuminate\\Database\\DatabaseManager->makeConnection()
#16 /home/bora/Projeler/enerjiyonetim/vendor/laravel/framework/src/Illuminate/Support/Facades/Schema.php(41): Illuminate\\Database\\DatabaseManager->connection()
#17 /home/bora/Projeler/enerjiyonetim/vendor/laravel/framework/src/Illuminate/Support/Facades/Facade.php(166): Illuminate\\Support\\Facades\\Schema::getFacadeAccessor()
#18 /home/bora/Projeler/enerjiyonetim/vendor/laravel/framework/src/Illuminate/Support/Facades/Facade.php(255): Illuminate\\Support\\Facades\\Facade::getFacadeRoot()
#19 /home/bora/Projeler/enerjiyonetim/app/Providers/AppServiceProvider.php(37): Illuminate\\Support\\Facades\\Facade::__callStatic()
#20 /home/bora/Projeler/enerjiyonetim/vendor/laravel/framework/src/Illuminate/Container/BoundMethod.php(36): App\\Providers\\AppServiceProvider->boot()
#21 /home/bora/Projeler/enerjiyonetim/vendor/laravel/framework/src/Illuminate/Container/Util.php(37): Illuminate\\Container\\BoundMethod::Illuminate\\Container\\{closure}()
#22 /home/bora/Projeler/enerjiyonetim/vendor/laravel/framework/src/Illuminate/Container/BoundMethod.php(93): Illuminate\\Container\\Util::unwrapIfClosure()
#23 /home/bora/Projeler/enerjiyonetim/vendor/laravel/framework/src/Illuminate/Container/BoundMethod.php(37): Illuminate\\Container\\BoundMethod::callBoundMethod()
#24 /home/bora/Projeler/enerjiyonetim/vendor/laravel/framework/src/Illuminate/Container/Container.php(590): Illuminate\\Container\\BoundMethod::call()
#25 /home/bora/Projeler/enerjiyonetim/vendor/laravel/framework/src/Illuminate/Foundation/Application.php(856): Illuminate\\Container\\Container->call()
#26 /home/bora/Projeler/enerjiyonetim/vendor/laravel/framework/src/Illuminate/Foundation/Application.php(839): Illuminate\\Foundation\\Application->bootProvider()
#27 [internal function]: Illuminate\\Foundation\\Application->Illuminate\\Foundation\\{closure}()
#28 /home/bora/Projeler/enerjiyonetim/vendor/laravel/framework/src/Illuminate/Foundation/Application.php(840): array_walk()
#29 /home/bora/Projeler/enerjiyonetim/vendor/laravel/framework/src/Illuminate/Foundation/Bootstrap/BootProviders.php(17): Illuminate\\Foundation\\Application->boot()
#30 /home/bora/Projeler/enerjiyonetim/vendor/laravel/framework/src/Illuminate/Foundation/Application.php(219): Illuminate\\Foundation\\Bootstrap\\BootProviders->bootstrap()
#31 /home/bora/Projeler/enerjiyonetim/vendor/laravel/framework/src/Illuminate/Foundation/Console/Kernel.php(320): Illuminate\\Foundation\\Application->bootstrapWith()
#32 /home/bora/Projeler/enerjiyonetim/vendor/laravel/framework/src/Illuminate/Foundation/Console/Kernel.php(129): Illuminate\\Foundation\\Console\\Kernel->bootstrap()
#33 /home/bora/Projeler/enerjiyonetim/artisan(37): Illuminate\\Foundation\\Console\\Kernel->handle()
#34 {main}
"} 
[2021-09-05 20:57:27] local.INFO: No database connection yet in VoyagerServiceProvider loadAuth(). No worries, this is not a problem!  
[2021-09-05 20:57:27] local.ERROR: SQLSTATE[HY000] [1045] Access denied for user 'enerji'@'localhost' (using password: YES) {"exception":"[object] (Doctrine\\DBAL\\Driver\\PDO\\Exception(code: 1045): SQLSTATE[HY000] [1045] Access denied for user 'enerji'@'localhost' (using password: YES) at /home/bora/Projeler/enerjiyonetim/vendor/doctrine/dbal/lib/Doctrine/DBAL/Driver/PDO/Exception.php:18)
[stacktrace]
#0 /home/bora/Projeler/enerjiyonetim/vendor/doctrine/dbal/lib/Doctrine/DBAL/Driver/PDOConnection.php(43): Doctrine\\DBAL\\Driver\\PDO\\Exception::new()
#1 /home/bora/Projeler/enerjiyonetim/vendor/laravel/framework/src/Illuminate/Database/Connectors/Connector.php(67): Doctrine\\DBAL\\Driver\\PDOConnection->__construct()
#2 /home/bora/Projeler/enerjiyonetim/vendor/laravel/framework/src/Illuminate/Database/Connectors/Connector.php(46): Illuminate\\Database\\Connectors\\Connector->createPdoConnection()
#3 /home/bora/Projeler/enerjiyonetim/vendor/laravel/framework/src/Illuminate/Database/Connectors/MySqlConnector.php(24): Illuminate\\Database\\Connectors\\Connector->createConnection()
#4 /home/bora/Projeler/enerjiyonetim/vendor/laravel/framework/src/Illuminate/Database/Connectors/ConnectionFactory.php(182): Illuminate\\Database\\Connectors\\MySqlConnector->connect()
#5 [internal function]: Illuminate\\Database\\Connectors\\ConnectionFactory->Illuminate\\Database\\Connectors\\{closure}()
#6 /home/bora/Projeler/enerjiyonetim/vendor/laravel/framework/src/Illuminate/Database/Connection.php(924): call_user_func()
#7 /home/bora/Projeler/enerjiyonetim/vendor/laravel/framework/src/Illuminate/Database/Connection.php(906): Illuminate\\Database\\Connection->getPdo()
#8 /home/bora/Projeler/enerjiyonetim/vendor/larapack/doctrine-support/src/DoctrineSupportServiceProvider.php(55): Illuminate\\Database\\Connection->getDoctrineConnection()
#9 /home/bora/Projeler/enerjiyonetim/vendor/larapack/doctrine-support/src/DoctrineSupportServiceProvider.php(35): Larapack\\DoctrineSupport\\DoctrineSupportServiceProvider->addDoctrineTypes()
#10 /home/bora/Projeler/enerjiyonetim/vendor/laravel/framework/src/Illuminate/Database/Connectors/ConnectionFactory.php(271): Larapack\\DoctrineSupport\\DoctrineSupportServiceProvider->Larapack\\DoctrineSupport\\{closure}()
#11 /home/bora/Projeler/enerjiyonetim/vendor/laravel/framework/src/Illuminate/Database/Connectors/ConnectionFactory.php(76): Illuminate\\Database\\Connectors\\ConnectionFactory->createConnection()
#12 /home/bora/Projeler/enerjiyonetim/vendor/laravel/framework/src/Illuminate/Database/Connectors/ConnectionFactory.php(50): Illuminate\\Database\\Connectors\\ConnectionFactory->createSingleConnection()
#13 /home/bora/Projeler/enerjiyonetim/vendor/laravel/framework/src/Illuminate/Database/DatabaseManager.php(131): Illuminate\\Database\\Connectors\\ConnectionFactory->make()
#14 /home/bora/Projeler/enerjiyonetim/vendor/laravel/framework/src/Illuminate/Database/DatabaseManager.php(86): Illuminate\\Database\\DatabaseManager->makeConnection()
#15 /home/bora/Projeler/enerjiyonetim/vendor/laravel/framework/src/Illuminate/Support/Facades/Schema.php(41): Illuminate\\Database\\DatabaseManager->connection()
#16 /home/bora/Projeler/enerjiyonetim/vendor/laravel/framework/src/Illuminate/Support/Facades/Facade.php(166): Illuminate\\Support\\Facades\\Schema::getFacadeAccessor()
#17 /home/bora/Projeler/enerjiyonetim/vendor/laravel/framework/src/Illuminate/Support/Facades/Facade.php(255): Illuminate\\Support\\Facades\\Facade::getFacadeRoot()
#18 /home/bora/Projeler/enerjiyonetim/app/Providers/AppServiceProvider.php(37): Illuminate\\Support\\Facades\\Facade::__callStatic()
#19 /home/bora/Projeler/enerjiyonetim/vendor/laravel/framework/src/Illuminate/Container/BoundMethod.php(36): App\\Providers\\AppServiceProvider->boot()
#20 /home/bora/Projeler/enerjiyonetim/vendor/laravel/framework/src/Illuminate/Container/Util.php(37): Illuminate\\Container\\BoundMethod::Illuminate\\Container\\{closure}()
#21 /home/bora/Projeler/enerjiyonetim/vendor/laravel/framework/src/Illuminate/Container/BoundMethod.php(93): Illuminate\\Container\\Util::unwrapIfClosure()
#22 /home/bora/Projeler/enerjiyonetim/vendor/laravel/framework/src/Illuminate/Container/BoundMethod.php(37): Illuminate\\Container\\BoundMethod::callBoundMethod()
#23 /home/bora/Projeler/enerjiyonetim/vendor/laravel/framework/src/Illuminate/Container/Container.php(590): Illuminate\\Container\\BoundMethod::call()
#24 /home/bora/Projeler/enerjiyonetim/vendor/laravel/framework/src/Illuminate/Foundation/Application.php(856): Illuminate\\Container\\Container->call()
#25 /home/bora/Projeler/enerjiyonetim/vendor/laravel/framework/src/Illuminate/Foundation/Application.php(839): Illuminate\\Foundation\\Application->bootProvider()
#26 [internal function]: Illuminate\\Foundation\\Application->Illuminate\\Foundation\\{closure}()
#27 /home/bora/Projeler/enerjiyonetim/vendor/laravel/framework/src/Illuminate/Foundation/Application.php(840): array_walk()
#28 /home/bora/Projeler/enerjiyonetim/vendor/laravel/framework/src/Illuminate/Foundation/Bootstrap/BootProviders.php(17): Illuminate\\Foundation\\Application->boot()
#29 /home/bora/Projeler/enerjiyonetim/vendor/laravel/framework/src/Illuminate/Foundation/Application.php(219): Illuminate\\Foundation\\Bootstrap\\BootProviders->bootstrap()
#30 /home/bora/Projeler/enerjiyonetim/vendor/laravel/framework/src/Illuminate/Foundation/Console/Kernel.php(320): Illuminate\\Foundation\\Application->bootstrapWith()
#31 /home/bora/Projeler/enerjiyonetim/vendor/laravel/framework/src/Illuminate/Foundation/Console/Kernel.php(129): Illuminate\\Foundation\\Console\\Kernel->bootstrap()
#32 /home/bora/Projeler/enerjiyonetim/artisan(37): Illuminate\\Foundation\\Console\\Kernel->handle()
#33 {main}

[previous exception] [object] (PDOException(code: 1045): SQLSTATE[HY000] [1045] Access denied for user 'enerji'@'localhost' (using password: YES) at /home/bora/Projeler/enerjiyonetim/vendor/doctrine/dbal/lib/Doctrine/DBAL/Driver/PDOConnection.php:39)
[stacktrace]
#0 /home/bora/Projeler/enerjiyonetim/vendor/doctrine/dbal/lib/Doctrine/DBAL/Driver/PDOConnection.php(39): PDO->__construct()
#1 /home/bora/Projeler/enerjiyonetim/vendor/laravel/framework/src/Illuminate/Database/Connectors/Connector.php(67): Doctrine\\DBAL\\Driver\\PDOConnection->__construct()
#2 /home/bora/Projeler/enerjiyonetim/vendor/laravel/framework/src/Illuminate/Database/Connectors/Connector.php(46): Illuminate\\Database\\Connectors\\Connector->createPdoConnection()
#3 /home/bora/Projeler/enerjiyonetim/vendor/laravel/framework/src/Illuminate/Database/Connectors/MySqlConnector.php(24): Illuminate\\Database\\Connectors\\Connector->createConnection()
#4 /home/bora/Projeler/enerjiyonetim/vendor/laravel/framework/src/Illuminate/Database/Connectors/ConnectionFactory.php(182): Illuminate\\Database\\Connectors\\MySqlConnector->connect()
#5 [internal function]: Illuminate\\Database\\Connectors\\ConnectionFactory->Illuminate\\Database\\Connectors\\{closure}()
#6 /home/bora/Projeler/enerjiyonetim/vendor/laravel/framework/src/Illuminate/Database/Connection.php(924): call_user_func()
#7 /home/bora/Projeler/enerjiyonetim/vendor/laravel/framework/src/Illuminate/Database/Connection.php(906): Illuminate\\Database\\Connection->getPdo()
#8 /home/bora/Projeler/enerjiyonetim/vendor/larapack/doctrine-support/src/DoctrineSupportServiceProvider.php(55): Illuminate\\Database\\Connection->getDoctrineConnection()
#9 /home/bora/Projeler/enerjiyonetim/vendor/larapack/doctrine-support/src/DoctrineSupportServiceProvider.php(35): Larapack\\DoctrineSupport\\DoctrineSupportServiceProvider->addDoctrineTypes()
#10 /home/bora/Projeler/enerjiyonetim/vendor/laravel/framework/src/Illuminate/Database/Connectors/ConnectionFactory.php(271): Larapack\\DoctrineSupport\\DoctrineSupportServiceProvider->Larapack\\DoctrineSupport\\{closure}()
#11 /home/bora/Projeler/enerjiyonetim/vendor/laravel/framework/src/Illuminate/Database/Connectors/ConnectionFactory.php(76): Illuminate\\Database\\Connectors\\ConnectionFactory->createConnection()
#12 /home/bora/Projeler/enerjiyonetim/vendor/laravel/framework/src/Illuminate/Database/Connectors/ConnectionFactory.php(50): Illuminate\\Database\\Connectors\\ConnectionFactory->createSingleConnection()
#13 /home/bora/Projeler/enerjiyonetim/vendor/laravel/framework/src/Illuminate/Database/DatabaseManager.php(131): Illuminate\\Database\\Connectors\\ConnectionFactory->make()
#14 /home/bora/Projeler/enerjiyonetim/vendor/laravel/framework/src/Illuminate/Database/DatabaseManager.php(86): Illuminate\\Database\\DatabaseManager->makeConnection()
#15 /home/bora/Projeler/enerjiyonetim/vendor/laravel/framework/src/Illuminate/Support/Facades/Schema.php(41): Illuminate\\Database\\DatabaseManager->connection()
#16 /home/bora/Projeler/enerjiyonetim/vendor/laravel/framework/src/Illuminate/Support/Facades/Facade.php(166): Illuminate\\Support\\Facades\\Schema::getFacadeAccessor()
#17 /home/bora/Projeler/enerjiyonetim/vendor/laravel/framework/src/Illuminate/Support/Facades/Facade.php(255): Illuminate\\Support\\Facades\\Facade::getFacadeRoot()
#18 /home/bora/Projeler/enerjiyonetim/app/Providers/AppServiceProvider.php(37): Illuminate\\Support\\Facades\\Facade::__callStatic()
#19 /home/bora/Projeler/enerjiyonetim/vendor/laravel/framework/src/Illuminate/Container/BoundMethod.php(36): App\\Providers\\AppServiceProvider->boot()
#20 /home/bora/Projeler/enerjiyonetim/vendor/laravel/framework/src/Illuminate/Container/Util.php(37): Illuminate\\Container\\BoundMethod::Illuminate\\Container\\{closure}()
#21 /home/bora/Projeler/enerjiyonetim/vendor/laravel/framework/src/Illuminate/Container/BoundMethod.php(93): Illuminate\\Container\\Util::unwrapIfClosure()
#22 /home/bora/Projeler/enerjiyonetim/vendor/laravel/framework/src/Illuminate/Container/BoundMethod.php(37): Illuminate\\Container\\BoundMethod::callBoundMethod()
#23 /home/bora/Projeler/enerjiyonetim/vendor/laravel/framework/src/Illuminate/Container/Container.php(590): Illuminate\\Container\\BoundMethod::call()
#24 /home/bora/Projeler/enerjiyonetim/vendor/laravel/framework/src/Illuminate/Foundation/Application.php(856): Illuminate\\Container\\Container->call()
#25 /home/bora/Projeler/enerjiyonetim/vendor/laravel/framework/src/Illuminate/Foundation/Application.php(839): Illuminate\\Foundation\\Application->bootProvider()
#26 [internal function]: Illuminate\\Foundation\\Application->Illuminate\\Foundation\\{closure}()
#27 /home/bora/Projeler/enerjiyonetim/vendor/laravel/framework/src/Illuminate/Foundation/Application.php(840): array_walk()
#28 /home/bora/Projeler/enerjiyonetim/vendor/laravel/framework/src/Illuminate/Foundation/Bootstrap/BootProviders.php(17): Illuminate\\Foundation\\Application->boot()
#29 /home/bora/Projeler/enerjiyonetim/vendor/laravel/framework/src/Illuminate/Foundation/Application.php(219): Illuminate\\Foundation\\Bootstrap\\BootProviders->bootstrap()
#30 /home/bora/Projeler/enerjiyonetim/vendor/laravel/framework/src/Illuminate/Foundation/Console/Kernel.php(320): Illuminate\\Foundation\\Application->bootstrapWith()
#31 /home/bora/Projeler/enerjiyonetim/vendor/laravel/framework/src/Illuminate/Foundation/Console/Kernel.php(129): Illuminate\\Foundation\\Console\\Kernel->bootstrap()
#32 /home/bora/Projeler/enerjiyonetim/artisan(37): Illuminate\\Foundation\\Console\\Kernel->handle()
#33 {main}
"} 
[2021-09-05 21:07:41] local.ERROR: SQLSTATE[42S02]: Base table or view not found: 1146 Table 'enerji.settings' doesn't exist (SQL: select * from `settings` order by `order` asc) (View: /home/bora/Projeler/enerjiyonetim/vendor/tcg/voyager/resources/views/auth/master.blade.php) {"exception":"[object] (Facade\\Ignition\\Exceptions\\ViewException(code: 0): SQLSTATE[42S02]: Base table or view not found: 1146 Table 'enerji.settings' doesn't exist (SQL: select * from `settings` order by `order` asc) (View: /home/bora/Projeler/enerjiyonetim/vendor/tcg/voyager/resources/views/auth/master.blade.php) at /home/bora/Projeler/enerjiyonetim/vendor/laravel/framework/src/Illuminate/Database/Connection.php:669)
[stacktrace]
#0 /home/bora/Projeler/enerjiyonetim/vendor/laravel/framework/src/Illuminate/Database/Connection.php(629): Illuminate\\Database\\Connection->runQueryCallback()
#1 /home/bora/Projeler/enerjiyonetim/vendor/laravel/framework/src/Illuminate/Database/Connection.php(338): Illuminate\\Database\\Connection->run()
#2 /home/bora/Projeler/enerjiyonetim/vendor/laravel/framework/src/Illuminate/Database/Query/Builder.php(2159): Illuminate\\Database\\Connection->select()
#3 /home/bora/Projeler/enerjiyonetim/vendor/laravel/framework/src/Illuminate/Database/Query/Builder.php(2147): Illuminate\\Database\\Query\\Builder->runSelect()
#4 /home/bora/Projeler/enerjiyonetim/vendor/laravel/framework/src/Illuminate/Database/Query/Builder.php(2619): Illuminate\\Database\\Query\\Builder->Illuminate\\Database\\Query\\{closure}()
#5 /home/bora/Projeler/enerjiyonetim/vendor/laravel/framework/src/Illuminate/Database/Query/Builder.php(2148): Illuminate\\Database\\Query\\Builder->onceWithColumns()
#6 /home/bora/Projeler/enerjiyonetim/vendor/laravel/framework/src/Illuminate/Database/Eloquent/Builder.php(546): Illuminate\\Database\\Query\\Builder->get()
#7 /home/bora/Projeler/enerjiyonetim/vendor/laravel/framework/src/Illuminate/Database/Eloquent/Builder.php(530): Illuminate\\Database\\Eloquent\\Builder->getModels()
#8 /home/bora/Projeler/enerjiyonetim/vendor/tcg/voyager/src/Voyager.php(238): Illuminate\\Database\\Eloquent\\Builder->get()
#9 /home/bora/Projeler/enerjiyonetim/vendor/laravel/framework/src/Illuminate/Support/Facades/Facade.php(261): TCG\\Voyager\\Voyager->setting()
#10 /home/bora/Projeler/enerjiyonetim/vendor/tcg/voyager/src/../resources/views/auth/master.blade.php(9): Illuminate\\Support\\Facades\\Facade::__callStatic()
#11 /home/bora/Projeler/enerjiyonetim/vendor/laravel/framework/src/Illuminate/View/Engines/PhpEngine.php(43): include('/home/bora/Proj...')
#12 /home/bora/Projeler/enerjiyonetim/vendor/laravel/framework/src/Illuminate/View/Engines/CompilerEngine.php(59): Illuminate\\View\\Engines\\PhpEngine->evaluatePath()
#13 /home/bora/Projeler/enerjiyonetim/vendor/facade/ignition/src/Views/Engines/CompilerEngine.php(36): Illuminate\\View\\Engines\\CompilerEngine->get()
#14 /home/bora/Projeler/enerjiyonetim/vendor/laravel/framework/src/Illuminate/View/View.php(143): Facade\\Ignition\\Views\\Engines\\CompilerEngine->get()
#15 /home/bora/Projeler/enerjiyonetim/vendor/laravel/framework/src/Illuminate/View/View.php(126): Illuminate\\View\\View->getContents()
#16 /home/bora/Projeler/enerjiyonetim/vendor/laravel/framework/src/Illuminate/View/View.php(91): Illuminate\\View\\View->renderContents()
#17 /home/bora/Projeler/enerjiyonetim/vendor/tcg/voyager/src/../resources/views/login.blade.php(87): Illuminate\\View\\View->render()
#18 /home/bora/Projeler/enerjiyonetim/vendor/laravel/framework/src/Illuminate/View/Engines/PhpEngine.php(43): include('/home/bora/Proj...')
#19 /home/bora/Projeler/enerjiyonetim/vendor/laravel/framework/src/Illuminate/View/Engines/CompilerEngine.php(59): Illuminate\\View\\Engines\\PhpEngine->evaluatePath()
#20 /home/bora/Projeler/enerjiyonetim/vendor/facade/ignition/src/Views/Engines/CompilerEngine.php(36): Illuminate\\View\\Engines\\CompilerEngine->get()
#21 /home/bora/Projeler/enerjiyonetim/vendor/laravel/framework/src/Illuminate/View/View.php(143): Facade\\Ignition\\Views\\Engines\\CompilerEngine->get()
#22 /home/bora/Projeler/enerjiyonetim/vendor/laravel/framework/src/Illuminate/View/View.php(126): Illuminate\\View\\View->getContents()
#23 /home/bora/Projeler/enerjiyonetim/vendor/laravel/framework/src/Illuminate/View/View.php(91): Illuminate\\View\\View->renderContents()
#24 /home/bora/Projeler/enerjiyonetim/vendor/laravel/framework/src/Illuminate/Http/Response.php(42): Illuminate\\View\\View->render()
#25 /home/bora/Projeler/enerjiyonetim/vendor/symfony/http-foundation/Response.php(205): Illuminate\\Http\\Response->setContent()
#26 /home/bora/Projeler/enerjiyonetim/vendor/laravel/framework/src/Illuminate/Routing/Router.php(749): Symfony\\Component\\HttpFoundation\\Response->__construct()
#27 /home/bora/Projeler/enerjiyonetim/vendor/laravel/framework/src/Illuminate/Routing/Router.php(721): Illuminate\\Routing\\Router::toResponse()
#28 /home/bora/Projeler/enerjiyonetim/vendor/laravel/framework/src/Illuminate/Routing/Router.php(681): Illuminate\\Routing\\Router->prepareResponse()
#29 /home/bora/Projeler/enerjiyonetim/vendor/laravel/framework/src/Illuminate/Pipeline/Pipeline.php(130): Illuminate\\Routing\\Router->Illuminate\\Routing\\{closure}()
#30 /home/bora/Projeler/enerjiyonetim/app/Http/Middleware/SetCompany.php(46): Illuminate\\Pipeline\\Pipeline->Illuminate\\Pipeline\\{closure}()
#31 /home/bora/Projeler/enerjiyonetim/vendor/laravel/framework/src/Illuminate/Pipeline/Pipeline.php(171): App\\Http\\Middleware\\SetCompany->handle()
#32 /home/bora/Projeler/enerjiyonetim/vendor/laravel/framework/src/Illuminate/Routing/Middleware/SubstituteBindings.php(41): Illuminate\\Pipeline\\Pipeline->Illuminate\\Pipeline\\{closure}()
#33 /home/bora/Projeler/enerjiyonetim/vendor/laravel/framework/src/Illuminate/Pipeline/Pipeline.php(171): Illuminate\\Routing\\Middleware\\SubstituteBindings->handle()
#34 /home/bora/Projeler/enerjiyonetim/vendor/laravel/framework/src/Illuminate/Foundation/Http/Middleware/VerifyCsrfToken.php(78): Illuminate\\Pipeline\\Pipeline->Illuminate\\Pipeline\\{closure}()
#35 /home/bora/Projeler/enerjiyonetim/vendor/laravel/framework/src/Illuminate/Pipeline/Pipeline.php(171): Illuminate\\Foundation\\Http\\Middleware\\VerifyCsrfToken->handle()
#36 /home/bora/Projeler/enerjiyonetim/vendor/laravel/framework/src/Illuminate/View/Middleware/ShareErrorsFromSession.php(49): Illuminate\\Pipeline\\Pipeline->Illuminate\\Pipeline\\{closure}()
#37 /home/bora/Projeler/enerjiyonetim/vendor/laravel/framework/src/Illuminate/Pipeline/Pipeline.php(171): Illuminate\\View\\Middleware\\ShareErrorsFromSession->handle()
#38 /home/bora/Projeler/enerjiyonetim/vendor/laravel/framework/src/Illuminate/Session/Middleware/StartSession.php(56): Illuminate\\Pipeline\\Pipeline->Illuminate\\Pipeline\\{closure}()
#39 /home/bora/Projeler/enerjiyonetim/vendor/laravel/framework/src/Illuminate/Pipeline/Pipeline.php(171): Illuminate\\Session\\Middleware\\StartSession->handle()
#40 /home/bora/Projeler/enerjiyonetim/vendor/laravel/framework/src/Illuminate/Cookie/Middleware/AddQueuedCookiesToResponse.php(37): Illuminate\\Pipeline\\Pipeline->Illuminate\\Pipeline\\{closure}()
#41 /home/bora/Projeler/enerjiyonetim/vendor/laravel/framework/src/Illuminate/Pipeline/Pipeline.php(171): Illuminate\\Cookie\\Middleware\\AddQueuedCookiesToResponse->handle()
#42 /home/bora/Projeler/enerjiyonetim/vendor/laravel/framework/src/Illuminate/Cookie/Middleware/EncryptCookies.php(67): Illuminate\\Pipeline\\Pipeline->Illuminate\\Pipeline\\{closure}()
#43 /home/bora/Projeler/enerjiyonetim/vendor/laravel/framework/src/Illuminate/Pipeline/Pipeline.php(171): Illuminate\\Cookie\\Middleware\\EncryptCookies->handle()
#44 /home/bora/Projeler/enerjiyonetim/vendor/laravel/framework/src/Illuminate/Pipeline/Pipeline.php(105): Illuminate\\Pipeline\\Pipeline->Illuminate\\Pipeline\\{closure}()
#45 /home/bora/Projeler/enerjiyonetim/vendor/laravel/framework/src/Illuminate/Routing/Router.php(683): Illuminate\\Pipeline\\Pipeline->then()
#46 /home/bora/Projeler/enerjiyonetim/vendor/laravel/framework/src/Illuminate/Routing/Router.php(658): Illuminate\\Routing\\Router->runRouteWithinStack()
#47 /home/bora/Projeler/enerjiyonetim/vendor/laravel/framework/src/Illuminate/Routing/Router.php(624): Illuminate\\Routing\\Router->runRoute()
#48 /home/bora/Projeler/enerjiyonetim/vendor/laravel/framework/src/Illuminate/Routing/Router.php(613): Illuminate\\Routing\\Router->dispatchToRoute()
#49 /home/bora/Projeler/enerjiyonetim/vendor/laravel/framework/src/Illuminate/Foundation/Http/Kernel.php(170): Illuminate\\Routing\\Router->dispatch()
#50 /home/bora/Projeler/enerjiyonetim/vendor/laravel/framework/src/Illuminate/Pipeline/Pipeline.php(130): Illuminate\\Foundation\\Http\\Kernel->Illuminate\\Foundation\\Http\\{closure}()
#51 /home/bora/Projeler/enerjiyonetim/vendor/laravel/framework/src/Illuminate/Foundation/Http/Middleware/TransformsRequest.php(21): Illuminate\\Pipeline\\Pipeline->Illuminate\\Pipeline\\{closure}()
#52 /home/bora/Projeler/enerjiyonetim/vendor/laravel/framework/src/Illuminate/Pipeline/Pipeline.php(171): Illuminate\\Foundation\\Http\\Middleware\\TransformsRequest->handle()
#53 /home/bora/Projeler/enerjiyonetim/vendor/laravel/framework/src/Illuminate/Foundation/Http/Middleware/TransformsRequest.php(21): Illuminate\\Pipeline\\Pipeline->Illuminate\\Pipeline\\{closure}()
#54 /home/bora/Projeler/enerjiyonetim/vendor/laravel/framework/src/Illuminate/Pipeline/Pipeline.php(171): Illuminate\\Foundation\\Http\\Middleware\\TransformsRequest->handle()
#55 /home/bora/Projeler/enerjiyonetim/vendor/laravel/framework/src/Illuminate/Foundation/Http/Middleware/ValidatePostSize.php(27): Illuminate\\Pipeline\\Pipeline->Illuminate\\Pipeline\\{closure}()
#56 /home/bora/Projeler/enerjiyonetim/vendor/laravel/framework/src/Illuminate/Pipeline/Pipeline.php(171): Illuminate\\Foundation\\Http\\Middleware\\ValidatePostSize->handle()
#57 /home/bora/Projeler/enerjiyonetim/vendor/laravel/framework/src/Illuminate/Foundation/Http/Middleware/CheckForMaintenanceMode.php(63): Illuminate\\Pipeline\\Pipeline->Illuminate\\Pipeline\\{closure}()
#58 /home/bora/Projeler/enerjiyonetim/vendor/laravel/framework/src/Illuminate/Pipeline/Pipeline.php(171): Illuminate\\Foundation\\Http\\Middleware\\CheckForMaintenanceMode->handle()
#59 /home/bora/Projeler/enerjiyonetim/vendor/fideloper/proxy/src/TrustProxies.php(57): Illuminate\\Pipeline\\Pipeline->Illuminate\\Pipeline\\{closure}()
#60 /home/bora/Projeler/enerjiyonetim/vendor/laravel/framework/src/Illuminate/Pipeline/Pipeline.php(171): Fideloper\\Proxy\\TrustProxies->handle()
#61 /home/bora/Projeler/enerjiyonetim/vendor/laravel/framework/src/Illuminate/Pipeline/Pipeline.php(105): Illuminate\\Pipeline\\Pipeline->Illuminate\\Pipeline\\{closure}()
#62 /home/bora/Projeler/enerjiyonetim/vendor/laravel/framework/src/Illuminate/Foundation/Http/Kernel.php(145): Illuminate\\Pipeline\\Pipeline->then()
#63 /home/bora/Projeler/enerjiyonetim/vendor/laravel/framework/src/Illuminate/Foundation/Http/Kernel.php(110): Illuminate\\Foundation\\Http\\Kernel->sendRequestThroughRouter()
#64 /home/bora/Projeler/enerjiyonetim/public/index.php(55): Illuminate\\Foundation\\Http\\Kernel->handle()
#65 /home/bora/Projeler/enerjiyonetim/server.php(21): require_once('/home/bora/Proj...')
#66 {main}

[previous exception] [object] (Illuminate\\Database\\QueryException(code: 42S02): SQLSTATE[42S02]: Base table or view not found: 1146 Table 'enerji.settings' doesn't exist (SQL: select * from `settings` order by `order` asc) at /home/bora/Projeler/enerjiyonetim/vendor/laravel/framework/src/Illuminate/Database/Connection.php:669)
[stacktrace]
#0 /home/bora/Projeler/enerjiyonetim/vendor/laravel/framework/src/Illuminate/Database/Connection.php(629): Illuminate\\Database\\Connection->runQueryCallback()
#1 /home/bora/Projeler/enerjiyonetim/vendor/laravel/framework/src/Illuminate/Database/Connection.php(338): Illuminate\\Database\\Connection->run()
#2 /home/bora/Projeler/enerjiyonetim/vendor/laravel/framework/src/Illuminate/Database/Query/Builder.php(2159): Illuminate\\Database\\Connection->select()
#3 /home/bora/Projeler/enerjiyonetim/vendor/laravel/framework/src/Illuminate/Database/Query/Builder.php(2147): Illuminate\\Database\\Query\\Builder->runSelect()
#4 /home/bora/Projeler/enerjiyonetim/vendor/laravel/framework/src/Illuminate/Database/Query/Builder.php(2619): Illuminate\\Database\\Query\\Builder->Illuminate\\Database\\Query\\{closure}()
#5 /home/bora/Projeler/enerjiyonetim/vendor/laravel/framework/src/Illuminate/Database/Query/Builder.php(2148): Illuminate\\Database\\Query\\Builder->onceWithColumns()
#6 /home/bora/Projeler/enerjiyonetim/vendor/laravel/framework/src/Illuminate/Database/Eloquent/Builder.php(546): Illuminate\\Database\\Query\\Builder->get()
#7 /home/bora/Projeler/enerjiyonetim/vendor/laravel/framework/src/Illuminate/Database/Eloquent/Builder.php(530): Illuminate\\Database\\Eloquent\\Builder->getModels()
#8 /home/bora/Projeler/enerjiyonetim/vendor/tcg/voyager/src/Voyager.php(238): Illuminate\\Database\\Eloquent\\Builder->get()
#9 /home/bora/Projeler/enerjiyonetim/vendor/laravel/framework/src/Illuminate/Support/Facades/Facade.php(261): TCG\\Voyager\\Voyager->setting()
#10 /home/bora/Projeler/enerjiyonetim/storage/framework/views/e0d57bce0784f1cd520d309b850790fdffee3306.php(9): Illuminate\\Support\\Facades\\Facade::__callStatic()
#11 /home/bora/Projeler/enerjiyonetim/vendor/laravel/framework/src/Illuminate/View/Engines/PhpEngine.php(43): include('/home/bora/Proj...')
#12 /home/bora/Projeler/enerjiyonetim/vendor/laravel/framework/src/Illuminate/View/Engines/CompilerEngine.php(59): Illuminate\\View\\Engines\\PhpEngine->evaluatePath()
#13 /home/bora/Projeler/enerjiyonetim/vendor/facade/ignition/src/Views/Engines/CompilerEngine.php(36): Illuminate\\View\\Engines\\CompilerEngine->get()
#14 /home/bora/Projeler/enerjiyonetim/vendor/laravel/framework/src/Illuminate/View/View.php(143): Facade\\Ignition\\Views\\Engines\\CompilerEngine->get()
#15 /home/bora/Projeler/enerjiyonetim/vendor/laravel/framework/src/Illuminate/View/View.php(126): Illuminate\\View\\View->getContents()
#16 /home/bora/Projeler/enerjiyonetim/vendor/laravel/framework/src/Illuminate/View/View.php(91): Illuminate\\View\\View->renderContents()
#17 /home/bora/Projeler/enerjiyonetim/storage/framework/views/e335b2b32fba22dd802a2a23c72541aa6dd5e2f7.php(87): Illuminate\\View\\View->render()
#18 /home/bora/Projeler/enerjiyonetim/vendor/laravel/framework/src/Illuminate/View/Engines/PhpEngine.php(43): include('/home/bora/Proj...')
#19 /home/bora/Projeler/enerjiyonetim/vendor/laravel/framework/src/Illuminate/View/Engines/CompilerEngine.php(59): Illuminate\\View\\Engines\\PhpEngine->evaluatePath()
#20 /home/bora/Projeler/enerjiyonetim/vendor/facade/ignition/src/Views/Engines/CompilerEngine.php(36): Illuminate\\View\\Engines\\CompilerEngine->get()
#21 /home/bora/Projeler/enerjiyonetim/vendor/laravel/framework/src/Illuminate/View/View.php(143): Facade\\Ignition\\Views\\Engines\\CompilerEngine->get()
#22 /home/bora/Projeler/enerjiyonetim/vendor/laravel/framework/src/Illuminate/View/View.php(126): Illuminate\\View\\View->getContents()
#23 /home/bora/Projeler/enerjiyonetim/vendor/laravel/framework/src/Illuminate/View/View.php(91): Illuminate\\View\\View->renderContents()
#24 /home/bora/Projeler/enerjiyonetim/vendor/laravel/framework/src/Illuminate/Http/Response.php(42): Illuminate\\View\\View->render()
#25 /home/bora/Projeler/enerjiyonetim/vendor/symfony/http-foundation/Response.php(205): Illuminate\\Http\\Response->setContent()
#26 /home/bora/Projeler/enerjiyonetim/vendor/laravel/framework/src/Illuminate/Routing/Router.php(749): Symfony\\Component\\HttpFoundation\\Response->__construct()
#27 /home/bora/Projeler/enerjiyonetim/vendor/laravel/framework/src/Illuminate/Routing/Router.php(721): Illuminate\\Routing\\Router::toResponse()
#28 /home/bora/Projeler/enerjiyonetim/vendor/laravel/framework/src/Illuminate/Routing/Router.php(681): Illuminate\\Routing\\Router->prepareResponse()
#29 /home/bora/Projeler/enerjiyonetim/vendor/laravel/framework/src/Illuminate/Pipeline/Pipeline.php(130): Illuminate\\Routing\\Router->Illuminate\\Routing\\{closure}()
#30 /home/bora/Projeler/enerjiyonetim/app/Http/Middleware/SetCompany.php(46): Illuminate\\Pipeline\\Pipeline->Illuminate\\Pipeline\\{closure}()
#31 /home/bora/Projeler/enerjiyonetim/vendor/laravel/framework/src/Illuminate/Pipeline/Pipeline.php(171): App\\Http\\Middleware\\SetCompany->handle()
#32 /home/bora/Projeler/enerjiyonetim/vendor/laravel/framework/src/Illuminate/Routing/Middleware/SubstituteBindings.php(41): Illuminate\\Pipeline\\Pipeline->Illuminate\\Pipeline\\{closure}()
#33 /home/bora/Projeler/enerjiyonetim/vendor/laravel/framework/src/Illuminate/Pipeline/Pipeline.php(171): Illuminate\\Routing\\Middleware\\SubstituteBindings->handle()
#34 /home/bora/Projeler/enerjiyonetim/vendor/laravel/framework/src/Illuminate/Foundation/Http/Middleware/VerifyCsrfToken.php(78): Illuminate\\Pipeline\\Pipeline->Illuminate\\Pipeline\\{closure}()
#35 /home/bora/Projeler/enerjiyonetim/vendor/laravel/framework/src/Illuminate/Pipeline/Pipeline.php(171): Illuminate\\Foundation\\Http\\Middleware\\VerifyCsrfToken->handle()
#36 /home/bora/Projeler/enerjiyonetim/vendor/laravel/framework/src/Illuminate/View/Middleware/ShareErrorsFromSession.php(49): Illuminate\\Pipeline\\Pipeline->Illuminate\\Pipeline\\{closure}()
#37 /home/bora/Projeler/enerjiyonetim/vendor/laravel/framework/src/Illuminate/Pipeline/Pipeline.php(171): Illuminate\\View\\Middleware\\ShareErrorsFromSession->handle()
#38 /home/bora/Projeler/enerjiyonetim/vendor/laravel/framework/src/Illuminate/Session/Middleware/StartSession.php(56): Illuminate\\Pipeline\\Pipeline->Illuminate\\Pipeline\\{closure}()
#39 /home/bora/Projeler/enerjiyonetim/vendor/laravel/framework/src/Illuminate/Pipeline/Pipeline.php(171): Illuminate\\Session\\Middleware\\StartSession->handle()
#40 /home/bora/Projeler/enerjiyonetim/vendor/laravel/framework/src/Illuminate/Cookie/Middleware/AddQueuedCookiesToResponse.php(37): Illuminate\\Pipeline\\Pipeline->Illuminate\\Pipeline\\{closure}()
#41 /home/bora/Projeler/enerjiyonetim/vendor/laravel/framework/src/Illuminate/Pipeline/Pipeline.php(171): Illuminate\\Cookie\\Middleware\\AddQueuedCookiesToResponse->handle()
#42 /home/bora/Projeler/enerjiyonetim/vendor/laravel/framework/src/Illuminate/Cookie/Middleware/EncryptCookies.php(67): Illuminate\\Pipeline\\Pipeline->Illuminate\\Pipeline\\{closure}()
#43 /home/bora/Projeler/enerjiyonetim/vendor/laravel/framework/src/Illuminate/Pipeline/Pipeline.php(171): Illuminate\\Cookie\\Middleware\\EncryptCookies->handle()
#44 /home/bora/Projeler/enerjiyonetim/vendor/laravel/framework/src/Illuminate/Pipeline/Pipeline.php(105): Illuminate\\Pipeline\\Pipeline->Illuminate\\Pipeline\\{closure}()
#45 /home/bora/Projeler/enerjiyonetim/vendor/laravel/framework/src/Illuminate/Routing/Router.php(683): Illuminate\\Pipeline\\Pipeline->then()
#46 /home/bora/Projeler/enerjiyonetim/vendor/laravel/framework/src/Illuminate/Routing/Router.php(658): Illuminate\\Routing\\Router->runRouteWithinStack()
#47 /home/bora/Projeler/enerjiyonetim/vendor/laravel/framework/src/Illuminate/Routing/Router.php(624): Illuminate\\Routing\\Router->runRoute()
#48 /home/bora/Projeler/enerjiyonetim/vendor/laravel/framework/src/Illuminate/Routing/Router.php(613): Illuminate\\Routing\\Router->dispatchToRoute()
#49 /home/bora/Projeler/enerjiyonetim/vendor/laravel/framework/src/Illuminate/Foundation/Http/Kernel.php(170): Illuminate\\Routing\\Router->dispatch()
#50 /home/bora/Projeler/enerjiyonetim/vendor/laravel/framework/src/Illuminate/Pipeline/Pipeline.php(130): Illuminate\\Foundation\\Http\\Kernel->Illuminate\\Foundation\\Http\\{closure}()
#51 /home/bora/Projeler/enerjiyonetim/vendor/laravel/framework/src/Illuminate/Foundation/Http/Middleware/TransformsRequest.php(21): Illuminate\\Pipeline\\Pipeline->Illuminate\\Pipeline\\{closure}()
#52 /home/bora/Projeler/enerjiyonetim/vendor/laravel/framework/src/Illuminate/Pipeline/Pipeline.php(171): Illuminate\\Foundation\\Http\\Middleware\\TransformsRequest->handle()
#53 /home/bora/Projeler/enerjiyonetim/vendor/laravel/framework/src/Illuminate/Foundation/Http/Middleware/TransformsRequest.php(21): Illuminate\\Pipeline\\Pipeline->Illuminate\\Pipeline\\{closure}()
#54 /home/bora/Projeler/enerjiyonetim/vendor/laravel/framework/src/Illuminate/Pipeline/Pipeline.php(171): Illuminate\\Foundation\\Http\\Middleware\\TransformsRequest->handle()
#55 /home/bora/Projeler/enerjiyonetim/vendor/laravel/framework/src/Illuminate/Foundation/Http/Middleware/ValidatePostSize.php(27): Illuminate\\Pipeline\\Pipeline->Illuminate\\Pipeline\\{closure}()
#56 /home/bora/Projeler/enerjiyonetim/vendor/laravel/framework/src/Illuminate/Pipeline/Pipeline.php(171): Illuminate\\Foundation\\Http\\Middleware\\ValidatePostSize->handle()
#57 /home/bora/Projeler/enerjiyonetim/vendor/laravel/framework/src/Illuminate/Foundation/Http/Middleware/CheckForMaintenanceMode.php(63): Illuminate\\Pipeline\\Pipeline->Illuminate\\Pipeline\\{closure}()
#58 /home/bora/Projeler/enerjiyonetim/vendor/laravel/framework/src/Illuminate/Pipeline/Pipeline.php(171): Illuminate\\Foundation\\Http\\Middleware\\CheckForMaintenanceMode->handle()
#59 /home/bora/Projeler/enerjiyonetim/vendor/fideloper/proxy/src/TrustProxies.php(57): Illuminate\\Pipeline\\Pipeline->Illuminate\\Pipeline\\{closure}()
#60 /home/bora/Projeler/enerjiyonetim/vendor/laravel/framework/src/Illuminate/Pipeline/Pipeline.php(171): Fideloper\\Proxy\\TrustProxies->handle()
#61 /home/bora/Projeler/enerjiyonetim/vendor/laravel/framework/src/Illuminate/Pipeline/Pipeline.php(105): Illuminate\\Pipeline\\Pipeline->Illuminate\\Pipeline\\{closure}()
#62 /home/bora/Projeler/enerjiyonetim/vendor/laravel/framework/src/Illuminate/Foundation/Http/Kernel.php(145): Illuminate\\Pipeline\\Pipeline->then()
#63 /home/bora/Projeler/enerjiyonetim/vendor/laravel/framework/src/Illuminate/Foundation/Http/Kernel.php(110): Illuminate\\Foundation\\Http\\Kernel->sendRequestThroughRouter()
#64 /home/bora/Projeler/enerjiyonetim/public/index.php(55): Illuminate\\Foundation\\Http\\Kernel->handle()
#65 /home/bora/Projeler/enerjiyonetim/server.php(21): require_once('/home/bora/Proj...')
#66 {main}

[previous exception] [object] (Doctrine\\DBAL\\Driver\\PDO\\Exception(code: 42S02): SQLSTATE[42S02]: Base table or view not found: 1146 Table 'enerji.settings' doesn't exist at /home/bora/Projeler/enerjiyonetim/vendor/doctrine/dbal/lib/Doctrine/DBAL/Driver/PDO/Exception.php:18)
[stacktrace]
#0 /home/bora/Projeler/enerjiyonetim/vendor/doctrine/dbal/lib/Doctrine/DBAL/Driver/PDOConnection.php(84): Doctrine\\DBAL\\Driver\\PDO\\Exception::new()
#1 /home/bora/Projeler/enerjiyonetim/vendor/laravel/framework/src/Illuminate/Database/Connection.php(331): Doctrine\\DBAL\\Driver\\PDOConnection->prepare()
#2 /home/bora/Projeler/enerjiyonetim/vendor/laravel/framework/src/Illuminate/Database/Connection.php(662): Illuminate\\Database\\Connection->Illuminate\\Database\\{closure}()
#3 /home/bora/Projeler/enerjiyonetim/vendor/laravel/framework/src/Illuminate/Database/Connection.php(629): Illuminate\\Database\\Connection->runQueryCallback()
#4 /home/bora/Projeler/enerjiyonetim/vendor/laravel/framework/src/Illuminate/Database/Connection.php(338): Illuminate\\Database\\Connection->run()
#5 /home/bora/Projeler/enerjiyonetim/vendor/laravel/framework/src/Illuminate/Database/Query/Builder.php(2159): Illuminate\\Database\\Connection->select()
#6 /home/bora/Projeler/enerjiyonetim/vendor/laravel/framework/src/Illuminate/Database/Query/Builder.php(2147): Illuminate\\Database\\Query\\Builder->runSelect()
#7 /home/bora/Projeler/enerjiyonetim/vendor/laravel/framework/src/Illuminate/Database/Query/Builder.php(2619): Illuminate\\Database\\Query\\Builder->Illuminate\\Database\\Query\\{closure}()
#8 /home/bora/Projeler/enerjiyonetim/vendor/laravel/framework/src/Illuminate/Database/Query/Builder.php(2148): Illuminate\\Database\\Query\\Builder->onceWithColumns()
#9 /home/bora/Projeler/enerjiyonetim/vendor/laravel/framework/src/Illuminate/Database/Eloquent/Builder.php(546): Illuminate\\Database\\Query\\Builder->get()
#10 /home/bora/Projeler/enerjiyonetim/vendor/laravel/framework/src/Illuminate/Database/Eloquent/Builder.php(530): Illuminate\\Database\\Eloquent\\Builder->getModels()
#11 /home/bora/Projeler/enerjiyonetim/vendor/tcg/voyager/src/Voyager.php(238): Illuminate\\Database\\Eloquent\\Builder->get()
#12 /home/bora/Projeler/enerjiyonetim/vendor/laravel/framework/src/Illuminate/Support/Facades/Facade.php(261): TCG\\Voyager\\Voyager->setting()
#13 /home/bora/Projeler/enerjiyonetim/storage/framework/views/e0d57bce0784f1cd520d309b850790fdffee3306.php(9): Illuminate\\Support\\Facades\\Facade::__callStatic()
#14 /home/bora/Projeler/enerjiyonetim/vendor/laravel/framework/src/Illuminate/View/Engines/PhpEngine.php(43): include('/home/bora/Proj...')
#15 /home/bora/Projeler/enerjiyonetim/vendor/laravel/framework/src/Illuminate/View/Engines/CompilerEngine.php(59): Illuminate\\View\\Engines\\PhpEngine->evaluatePath()
#16 /home/bora/Projeler/enerjiyonetim/vendor/facade/ignition/src/Views/Engines/CompilerEngine.php(36): Illuminate\\View\\Engines\\CompilerEngine->get()
#17 /home/bora/Projeler/enerjiyonetim/vendor/laravel/framework/src/Illuminate/View/View.php(143): Facade\\Ignition\\Views\\Engines\\CompilerEngine->get()
#18 /home/bora/Projeler/enerjiyonetim/vendor/laravel/framework/src/Illuminate/View/View.php(126): Illuminate\\View\\View->getContents()
#19 /home/bora/Projeler/enerjiyonetim/vendor/laravel/framework/src/Illuminate/View/View.php(91): Illuminate\\View\\View->renderContents()
#20 /home/bora/Projeler/enerjiyonetim/storage/framework/views/e335b2b32fba22dd802a2a23c72541aa6dd5e2f7.php(87): Illuminate\\View\\View->render()
#21 /home/bora/Projeler/enerjiyonetim/vendor/laravel/framework/src/Illuminate/View/Engines/PhpEngine.php(43): include('/home/bora/Proj...')
#22 /home/bora/Projeler/enerjiyonetim/vendor/laravel/framework/src/Illuminate/View/Engines/CompilerEngine.php(59): Illuminate\\View\\Engines\\PhpEngine->evaluatePath()
#23 /home/bora/Projeler/enerjiyonetim/vendor/facade/ignition/src/Views/Engines/CompilerEngine.php(36): Illuminate\\View\\Engines\\CompilerEngine->get()
#24 /home/bora/Projeler/enerjiyonetim/vendor/laravel/framework/src/Illuminate/View/View.php(143): Facade\\Ignition\\Views\\Engines\\CompilerEngine->get()
#25 /home/bora/Projeler/enerjiyonetim/vendor/laravel/framework/src/Illuminate/View/View.php(126): Illuminate\\View\\View->getContents()
#26 /home/bora/Projeler/enerjiyonetim/vendor/laravel/framework/src/Illuminate/View/View.php(91): Illuminate\\View\\View->renderContents()
#27 /home/bora/Projeler/enerjiyonetim/vendor/laravel/framework/src/Illuminate/Http/Response.php(42): Illuminate\\View\\View->render()
#28 /home/bora/Projeler/enerjiyonetim/vendor/symfony/http-foundation/Response.php(205): Illuminate\\Http\\Response->setContent()
#29 /home/bora/Projeler/enerjiyonetim/vendor/laravel/framework/src/Illuminate/Routing/Router.php(749): Symfony\\Component\\HttpFoundation\\Response->__construct()
#30 /home/bora/Projeler/enerjiyonetim/vendor/laravel/framework/src/Illuminate/Routing/Router.php(721): Illuminate\\Routing\\Router::toResponse()
#31 /home/bora/Projeler/enerjiyonetim/vendor/laravel/framework/src/Illuminate/Routing/Router.php(681): Illuminate\\Routing\\Router->prepareResponse()
#32 /home/bora/Projeler/enerjiyonetim/vendor/laravel/framework/src/Illuminate/Pipeline/Pipeline.php(130): Illuminate\\Routing\\Router->Illuminate\\Routing\\{closure}()
#33 /home/bora/Projeler/enerjiyonetim/app/Http/Middleware/SetCompany.php(46): Illuminate\\Pipeline\\Pipeline->Illuminate\\Pipeline\\{closure}()
#34 /home/bora/Projeler/enerjiyonetim/vendor/laravel/framework/src/Illuminate/Pipeline/Pipeline.php(171): App\\Http\\Middleware\\SetCompany->handle()
#35 /home/bora/Projeler/enerjiyonetim/vendor/laravel/framework/src/Illuminate/Routing/Middleware/SubstituteBindings.php(41): Illuminate\\Pipeline\\Pipeline->Illuminate\\Pipeline\\{closure}()
#36 /home/bora/Projeler/enerjiyonetim/vendor/laravel/framework/src/Illuminate/Pipeline/Pipeline.php(171): Illuminate\\Routing\\Middleware\\SubstituteBindings->handle()
#37 /home/bora/Projeler/enerjiyonetim/vendor/laravel/framework/src/Illuminate/Foundation/Http/Middleware/VerifyCsrfToken.php(78): Illuminate\\Pipeline\\Pipeline->Illuminate\\Pipeline\\{closure}()
#38 /home/bora/Projeler/enerjiyonetim/vendor/laravel/framework/src/Illuminate/Pipeline/Pipeline.php(171): Illuminate\\Foundation\\Http\\Middleware\\VerifyCsrfToken->handle()
#39 /home/bora/Projeler/enerjiyonetim/vendor/laravel/framework/src/Illuminate/View/Middleware/ShareErrorsFromSession.php(49): Illuminate\\Pipeline\\Pipeline->Illuminate\\Pipeline\\{closure}()
#40 /home/bora/Projeler/enerjiyonetim/vendor/laravel/framework/src/Illuminate/Pipeline/Pipeline.php(171): Illuminate\\View\\Middleware\\ShareErrorsFromSession->handle()
#41 /home/bora/Projeler/enerjiyonetim/vendor/laravel/framework/src/Illuminate/Session/Middleware/StartSession.php(56): Illuminate\\Pipeline\\Pipeline->Illuminate\\Pipeline\\{closure}()
#42 /home/bora/Projeler/enerjiyonetim/vendor/laravel/framework/src/Illuminate/Pipeline/Pipeline.php(171): Illuminate\\Session\\Middleware\\StartSession->handle()
#43 /home/bora/Projeler/enerjiyonetim/vendor/laravel/framework/src/Illuminate/Cookie/Middleware/AddQueuedCookiesToResponse.php(37): Illuminate\\Pipeline\\Pipeline->Illuminate\\Pipeline\\{closure}()
#44 /home/bora/Projeler/enerjiyonetim/vendor/laravel/framework/src/Illuminate/Pipeline/Pipeline.php(171): Illuminate\\Cookie\\Middleware\\AddQueuedCookiesToResponse->handle()
#45 /home/bora/Projeler/enerjiyonetim/vendor/laravel/framework/src/Illuminate/Cookie/Middleware/EncryptCookies.php(67): Illuminate\\Pipeline\\Pipeline->Illuminate\\Pipeline\\{closure}()
#46 /home/bora/Projeler/enerjiyonetim/vendor/laravel/framework/src/Illuminate/Pipeline/Pipeline.php(171): Illuminate\\Cookie\\Middleware\\EncryptCookies->handle()
#47 /home/bora/Projeler/enerjiyonetim/vendor/laravel/framework/src/Illuminate/Pipeline/Pipeline.php(105): Illuminate\\Pipeline\\Pipeline->Illuminate\\Pipeline\\{closure}()
#48 /home/bora/Projeler/enerjiyonetim/vendor/laravel/framework/src/Illuminate/Routing/Router.php(683): Illuminate\\Pipeline\\Pipeline->then()
#49 /home/bora/Projeler/enerjiyonetim/vendor/laravel/framework/src/Illuminate/Routing/Router.php(658): Illuminate\\Routing\\Router->runRouteWithinStack()
#50 /home/bora/Projeler/enerjiyonetim/vendor/laravel/framework/src/Illuminate/Routing/Router.php(624): Illuminate\\Routing\\Router->runRoute()
#51 /home/bora/Projeler/enerjiyonetim/vendor/laravel/framework/src/Illuminate/Routing/Router.php(613): Illuminate\\Routing\\Router->dispatchToRoute()
#52 /home/bora/Projeler/enerjiyonetim/vendor/laravel/framework/src/Illuminate/Foundation/Http/Kernel.php(170): Illuminate\\Routing\\Router->dispatch()
#53 /home/bora/Projeler/enerjiyonetim/vendor/laravel/framework/src/Illuminate/Pipeline/Pipeline.php(130): Illuminate\\Foundation\\Http\\Kernel->Illuminate\\Foundation\\Http\\{closure}()
#54 /home/bora/Projeler/enerjiyonetim/vendor/laravel/framework/src/Illuminate/Foundation/Http/Middleware/TransformsRequest.php(21): Illuminate\\Pipeline\\Pipeline->Illuminate\\Pipeline\\{closure}()
#55 /home/bora/Projeler/enerjiyonetim/vendor/laravel/framework/src/Illuminate/Pipeline/Pipeline.php(171): Illuminate\\Foundation\\Http\\Middleware\\TransformsRequest->handle()
#56 /home/bora/Projeler/enerjiyonetim/vendor/laravel/framework/src/Illuminate/Foundation/Http/Middleware/TransformsRequest.php(21): Illuminate\\Pipeline\\Pipeline->Illuminate\\Pipeline\\{closure}()
#57 /home/bora/Projeler/enerjiyonetim/vendor/laravel/framework/src/Illuminate/Pipeline/Pipeline.php(171): Illuminate\\Foundation\\Http\\Middleware\\TransformsRequest->handle()
#58 /home/bora/Projeler/enerjiyonetim/vendor/laravel/framework/src/Illuminate/Foundation/Http/Middleware/ValidatePostSize.php(27): Illuminate\\Pipeline\\Pipeline->Illuminate\\Pipeline\\{closure}()
#59 /home/bora/Projeler/enerjiyonetim/vendor/laravel/framework/src/Illuminate/Pipeline/Pipeline.php(171): Illuminate\\Foundation\\Http\\Middleware\\ValidatePostSize->handle()
#60 /home/bora/Projeler/enerjiyonetim/vendor/laravel/framework/src/Illuminate/Foundation/Http/Middleware/CheckForMaintenanceMode.php(63): Illuminate\\Pipeline\\Pipeline->Illuminate\\Pipeline\\{closure}()
#61 /home/bora/Projeler/enerjiyonetim/vendor/laravel/framework/src/Illuminate/Pipeline/Pipeline.php(171): Illuminate\\Foundation\\Http\\Middleware\\CheckForMaintenanceMode->handle()
#62 /home/bora/Projeler/enerjiyonetim/vendor/fideloper/proxy/src/TrustProxies.php(57): Illuminate\\Pipeline\\Pipeline->Illuminate\\Pipeline\\{closure}()
#63 /home/bora/Projeler/enerjiyonetim/vendor/laravel/framework/src/Illuminate/Pipeline/Pipeline.php(171): Fideloper\\Proxy\\TrustProxies->handle()
#64 /home/bora/Projeler/enerjiyonetim/vendor/laravel/framework/src/Illuminate/Pipeline/Pipeline.php(105): Illuminate\\Pipeline\\Pipeline->Illuminate\\Pipeline\\{closure}()
#65 /home/bora/Projeler/enerjiyonetim/vendor/laravel/framework/src/Illuminate/Foundation/Http/Kernel.php(145): Illuminate\\Pipeline\\Pipeline->then()
#66 /home/bora/Projeler/enerjiyonetim/vendor/laravel/framework/src/Illuminate/Foundation/Http/Kernel.php(110): Illuminate\\Foundation\\Http\\Kernel->sendRequestThroughRouter()
#67 /home/bora/Projeler/enerjiyonetim/public/index.php(55): Illuminate\\Foundation\\Http\\Kernel->handle()
#68 /home/bora/Projeler/enerjiyonetim/server.php(21): require_once('/home/bora/Proj...')
#69 {main}

[previous exception] [object] (PDOException(code: 42S02): SQLSTATE[42S02]: Base table or view not found: 1146 Table 'enerji.settings' doesn't exist at /home/bora/Projeler/enerjiyonetim/vendor/doctrine/dbal/lib/Doctrine/DBAL/Driver/PDOConnection.php:79)
[stacktrace]
#0 /home/bora/Projeler/enerjiyonetim/vendor/doctrine/dbal/lib/Doctrine/DBAL/Driver/PDOConnection.php(79): PDO->prepare()
#1 /home/bora/Projeler/enerjiyonetim/vendor/laravel/framework/src/Illuminate/Database/Connection.php(331): Doctrine\\DBAL\\Driver\\PDOConnection->prepare()
#2 /home/bora/Projeler/enerjiyonetim/vendor/laravel/framework/src/Illuminate/Database/Connection.php(662): Illuminate\\Database\\Connection->Illuminate\\Database\\{closure}()
#3 /home/bora/Projeler/enerjiyonetim/vendor/laravel/framework/src/Illuminate/Database/Connection.php(629): Illuminate\\Database\\Connection->runQueryCallback()
#4 /home/bora/Projeler/enerjiyonetim/vendor/laravel/framework/src/Illuminate/Database/Connection.php(338): Illuminate\\Database\\Connection->run()
#5 /home/bora/Projeler/enerjiyonetim/vendor/laravel/framework/src/Illuminate/Database/Query/Builder.php(2159): Illuminate\\Database\\Connection->select()
#6 /home/bora/Projeler/enerjiyonetim/vendor/laravel/framework/src/Illuminate/Database/Query/Builder.php(2147): Illuminate\\Database\\Query\\Builder->runSelect()
#7 /home/bora/Projeler/enerjiyonetim/vendor/laravel/framework/src/Illuminate/Database/Query/Builder.php(2619): Illuminate\\Database\\Query\\Builder->Illuminate\\Database\\Query\\{closure}()
#8 /home/bora/Projeler/enerjiyonetim/vendor/laravel/framework/src/Illuminate/Database/Query/Builder.php(2148): Illuminate\\Database\\Query\\Builder->onceWithColumns()
#9 /home/bora/Projeler/enerjiyonetim/vendor/laravel/framework/src/Illuminate/Database/Eloquent/Builder.php(546): Illuminate\\Database\\Query\\Builder->get()
#10 /home/bora/Projeler/enerjiyonetim/vendor/laravel/framework/src/Illuminate/Database/Eloquent/Builder.php(530): Illuminate\\Database\\Eloquent\\Builder->getModels()
#11 /home/bora/Projeler/enerjiyonetim/vendor/tcg/voyager/src/Voyager.php(238): Illuminate\\Database\\Eloquent\\Builder->get()
#12 /home/bora/Projeler/enerjiyonetim/vendor/laravel/framework/src/Illuminate/Support/Facades/Facade.php(261): TCG\\Voyager\\Voyager->setting()
#13 /home/bora/Projeler/enerjiyonetim/storage/framework/views/e0d57bce0784f1cd520d309b850790fdffee3306.php(9): Illuminate\\Support\\Facades\\Facade::__callStatic()
#14 /home/bora/Projeler/enerjiyonetim/vendor/laravel/framework/src/Illuminate/View/Engines/PhpEngine.php(43): include('/home/bora/Proj...')
#15 /home/bora/Projeler/enerjiyonetim/vendor/laravel/framework/src/Illuminate/View/Engines/CompilerEngine.php(59): Illuminate\\View\\Engines\\PhpEngine->evaluatePath()
#16 /home/bora/Projeler/enerjiyonetim/vendor/facade/ignition/src/Views/Engines/CompilerEngine.php(36): Illuminate\\View\\Engines\\CompilerEngine->get()
#17 /home/bora/Projeler/enerjiyonetim/vendor/laravel/framework/src/Illuminate/View/View.php(143): Facade\\Ignition\\Views\\Engines\\CompilerEngine->get()
#18 /home/bora/Projeler/enerjiyonetim/vendor/laravel/framework/src/Illuminate/View/View.php(126): Illuminate\\View\\View->getContents()
#19 /home/bora/Projeler/enerjiyonetim/vendor/laravel/framework/src/Illuminate/View/View.php(91): Illuminate\\View\\View->renderContents()
#20 /home/bora/Projeler/enerjiyonetim/storage/framework/views/e335b2b32fba22dd802a2a23c72541aa6dd5e2f7.php(87): Illuminate\\View\\View->render()
#21 /home/bora/Projeler/enerjiyonetim/vendor/laravel/framework/src/Illuminate/View/Engines/PhpEngine.php(43): include('/home/bora/Proj...')
#22 /home/bora/Projeler/enerjiyonetim/vendor/laravel/framework/src/Illuminate/View/Engines/CompilerEngine.php(59): Illuminate\\View\\Engines\\PhpEngine->evaluatePath()
#23 /home/bora/Projeler/enerjiyonetim/vendor/facade/ignition/src/Views/Engines/CompilerEngine.php(36): Illuminate\\View\\Engines\\CompilerEngine->get()
#24 /home/bora/Projeler/enerjiyonetim/vendor/laravel/framework/src/Illuminate/View/View.php(143): Facade\\Ignition\\Views\\Engines\\CompilerEngine->get()
#25 /home/bora/Projeler/enerjiyonetim/vendor/laravel/framework/src/Illuminate/View/View.php(126): Illuminate\\View\\View->getContents()
#26 /home/bora/Projeler/enerjiyonetim/vendor/laravel/framework/src/Illuminate/View/View.php(91): Illuminate\\View\\View->renderContents()
#27 /home/bora/Projeler/enerjiyonetim/vendor/laravel/framework/src/Illuminate/Http/Response.php(42): Illuminate\\View\\View->render()
#28 /home/bora/Projeler/enerjiyonetim/vendor/symfony/http-foundation/Response.php(205): Illuminate\\Http\\Response->setContent()
#29 /home/bora/Projeler/enerjiyonetim/vendor/laravel/framework/src/Illuminate/Routing/Router.php(749): Symfony\\Component\\HttpFoundation\\Response->__construct()
#30 /home/bora/Projeler/enerjiyonetim/vendor/laravel/framework/src/Illuminate/Routing/Router.php(721): Illuminate\\Routing\\Router::toResponse()
#31 /home/bora/Projeler/enerjiyonetim/vendor/laravel/framework/src/Illuminate/Routing/Router.php(681): Illuminate\\Routing\\Router->prepareResponse()
#32 /home/bora/Projeler/enerjiyonetim/vendor/laravel/framework/src/Illuminate/Pipeline/Pipeline.php(130): Illuminate\\Routing\\Router->Illuminate\\Routing\\{closure}()
#33 /home/bora/Projeler/enerjiyonetim/app/Http/Middleware/SetCompany.php(46): Illuminate\\Pipeline\\Pipeline->Illuminate\\Pipeline\\{closure}()
#34 /home/bora/Projeler/enerjiyonetim/vendor/laravel/framework/src/Illuminate/Pipeline/Pipeline.php(171): App\\Http\\Middleware\\SetCompany->handle()
#35 /home/bora/Projeler/enerjiyonetim/vendor/laravel/framework/src/Illuminate/Routing/Middleware/SubstituteBindings.php(41): Illuminate\\Pipeline\\Pipeline->Illuminate\\Pipeline\\{closure}()
#36 /home/bora/Projeler/enerjiyonetim/vendor/laravel/framework/src/Illuminate/Pipeline/Pipeline.php(171): Illuminate\\Routing\\Middleware\\SubstituteBindings->handle()
#37 /home/bora/Projeler/enerjiyonetim/vendor/laravel/framework/src/Illuminate/Foundation/Http/Middleware/VerifyCsrfToken.php(78): Illuminate\\Pipeline\\Pipeline->Illuminate\\Pipeline\\{closure}()
#38 /home/bora/Projeler/enerjiyonetim/vendor/laravel/framework/src/Illuminate/Pipeline/Pipeline.php(171): Illuminate\\Foundation\\Http\\Middleware\\VerifyCsrfToken->handle()
#39 /home/bora/Projeler/enerjiyonetim/vendor/laravel/framework/src/Illuminate/View/Middleware/ShareErrorsFromSession.php(49): Illuminate\\Pipeline\\Pipeline->Illuminate\\Pipeline\\{closure}()
#40 /home/bora/Projeler/enerjiyonetim/vendor/laravel/framework/src/Illuminate/Pipeline/Pipeline.php(171): Illuminate\\View\\Middleware\\ShareErrorsFromSession->handle()
#41 /home/bora/Projeler/enerjiyonetim/vendor/laravel/framework/src/Illuminate/Session/Middleware/StartSession.php(56): Illuminate\\Pipeline\\Pipeline->Illuminate\\Pipeline\\{closure}()
#42 /home/bora/Projeler/enerjiyonetim/vendor/laravel/framework/src/Illuminate/Pipeline/Pipeline.php(171): Illuminate\\Session\\Middleware\\StartSession->handle()
#43 /home/bora/Projeler/enerjiyonetim/vendor/laravel/framework/src/Illuminate/Cookie/Middleware/AddQueuedCookiesToResponse.php(37): Illuminate\\Pipeline\\Pipeline->Illuminate\\Pipeline\\{closure}()
#44 /home/bora/Projeler/enerjiyonetim/vendor/laravel/framework/src/Illuminate/Pipeline/Pipeline.php(171): Illuminate\\Cookie\\Middleware\\AddQueuedCookiesToResponse->handle()
#45 /home/bora/Projeler/enerjiyonetim/vendor/laravel/framework/src/Illuminate/Cookie/Middleware/EncryptCookies.php(67): Illuminate\\Pipeline\\Pipeline->Illuminate\\Pipeline\\{closure}()
#46 /home/bora/Projeler/enerjiyonetim/vendor/laravel/framework/src/Illuminate/Pipeline/Pipeline.php(171): Illuminate\\Cookie\\Middleware\\EncryptCookies->handle()
#47 /home/bora/Projeler/enerjiyonetim/vendor/laravel/framework/src/Illuminate/Pipeline/Pipeline.php(105): Illuminate\\Pipeline\\Pipeline->Illuminate\\Pipeline\\{closure}()
#48 /home/bora/Projeler/enerjiyonetim/vendor/laravel/framework/src/Illuminate/Routing/Router.php(683): Illuminate\\Pipeline\\Pipeline->then()
#49 /home/bora/Projeler/enerjiyonetim/vendor/laravel/framework/src/Illuminate/Routing/Router.php(658): Illuminate\\Routing\\Router->runRouteWithinStack()
#50 /home/bora/Projeler/enerjiyonetim/vendor/laravel/framework/src/Illuminate/Routing/Router.php(624): Illuminate\\Routing\\Router->runRoute()
#51 /home/bora/Projeler/enerjiyonetim/vendor/laravel/framework/src/Illuminate/Routing/Router.php(613): Illuminate\\Routing\\Router->dispatchToRoute()
#52 /home/bora/Projeler/enerjiyonetim/vendor/laravel/framework/src/Illuminate/Foundation/Http/Kernel.php(170): Illuminate\\Routing\\Router->dispatch()
#53 /home/bora/Projeler/enerjiyonetim/vendor/laravel/framework/src/Illuminate/Pipeline/Pipeline.php(130): Illuminate\\Foundation\\Http\\Kernel->Illuminate\\Foundation\\Http\\{closure}()
#54 /home/bora/Projeler/enerjiyonetim/vendor/laravel/framework/src/Illuminate/Foundation/Http/Middleware/TransformsRequest.php(21): Illuminate\\Pipeline\\Pipeline->Illuminate\\Pipeline\\{closure}()
#55 /home/bora/Projeler/enerjiyonetim/vendor/laravel/framework/src/Illuminate/Pipeline/Pipeline.php(171): Illuminate\\Foundation\\Http\\Middleware\\TransformsRequest->handle()
#56 /home/bora/Projeler/enerjiyonetim/vendor/laravel/framework/src/Illuminate/Foundation/Http/Middleware/TransformsRequest.php(21): Illuminate\\Pipeline\\Pipeline->Illuminate\\Pipeline\\{closure}()
#57 /home/bora/Projeler/enerjiyonetim/vendor/laravel/framework/src/Illuminate/Pipeline/Pipeline.php(171): Illuminate\\Foundation\\Http\\Middleware\\TransformsRequest->handle()
#58 /home/bora/Projeler/enerjiyonetim/vendor/laravel/framework/src/Illuminate/Foundation/Http/Middleware/ValidatePostSize.php(27): Illuminate\\Pipeline\\Pipeline->Illuminate\\Pipeline\\{closure}()
#59 /home/bora/Projeler/enerjiyonetim/vendor/laravel/framework/src/Illuminate/Pipeline/Pipeline.php(171): Illuminate\\Foundation\\Http\\Middleware\\ValidatePostSize->handle()
#60 /home/bora/Projeler/enerjiyonetim/vendor/laravel/framework/src/Illuminate/Foundation/Http/Middleware/CheckForMaintenanceMode.php(63): Illuminate\\Pipeline\\Pipeline->Illuminate\\Pipeline\\{closure}()
#61 /home/bora/Projeler/enerjiyonetim/vendor/laravel/framework/src/Illuminate/Pipeline/Pipeline.php(171): Illuminate\\Foundation\\Http\\Middleware\\CheckForMaintenanceMode->handle()
#62 /home/bora/Projeler/enerjiyonetim/vendor/fideloper/proxy/src/TrustProxies.php(57): Illuminate\\Pipeline\\Pipeline->Illuminate\\Pipeline\\{closure}()
#63 /home/bora/Projeler/enerjiyonetim/vendor/laravel/framework/src/Illuminate/Pipeline/Pipeline.php(171): Fideloper\\Proxy\\TrustProxies->handle()
#64 /home/bora/Projeler/enerjiyonetim/vendor/laravel/framework/src/Illuminate/Pipeline/Pipeline.php(105): Illuminate\\Pipeline\\Pipeline->Illuminate\\Pipeline\\{closure}()
#65 /home/bora/Projeler/enerjiyonetim/vendor/laravel/framework/src/Illuminate/Foundation/Http/Kernel.php(145): Illuminate\\Pipeline\\Pipeline->then()
#66 /home/bora/Projeler/enerjiyonetim/vendor/laravel/framework/src/Illuminate/Foundation/Http/Kernel.php(110): Illuminate\\Foundation\\Http\\Kernel->sendRequestThroughRouter()
#67 /home/bora/Projeler/enerjiyonetim/public/index.php(55): Illuminate\\Foundation\\Http\\Kernel->handle()
#68 /home/bora/Projeler/enerjiyonetim/server.php(21): require_once('/home/bora/Proj...')
#69 {main}
"} 
[2021-09-05 21:09:00] local.INFO: No database connection yet in VoyagerServiceProvider loadAuth(). No worries, this is not a problem!  
[2021-09-05 21:09:00] local.ERROR: SQLSTATE[HY000] [1045] Access denied for user 'enerji'@'212.253.124.27' (using password: YES) {"exception":"[object] (Doctrine\\DBAL\\Driver\\PDO\\Exception(code: 1045): SQLSTATE[HY000] [1045] Access denied for user 'enerji'@'212.253.124.27' (using password: YES) at /home/bora/Projeler/enerjiyonetim/vendor/doctrine/dbal/lib/Doctrine/DBAL/Driver/PDO/Exception.php:18)
[stacktrace]
#0 /home/bora/Projeler/enerjiyonetim/vendor/doctrine/dbal/lib/Doctrine/DBAL/Driver/PDOConnection.php(43): Doctrine\\DBAL\\Driver\\PDO\\Exception::new()
#1 /home/bora/Projeler/enerjiyonetim/vendor/laravel/framework/src/Illuminate/Database/Connectors/Connector.php(67): Doctrine\\DBAL\\Driver\\PDOConnection->__construct()
#2 /home/bora/Projeler/enerjiyonetim/vendor/laravel/framework/src/Illuminate/Database/Connectors/Connector.php(46): Illuminate\\Database\\Connectors\\Connector->createPdoConnection()
#3 /home/bora/Projeler/enerjiyonetim/vendor/laravel/framework/src/Illuminate/Database/Connectors/MySqlConnector.php(24): Illuminate\\Database\\Connectors\\Connector->createConnection()
#4 /home/bora/Projeler/enerjiyonetim/vendor/laravel/framework/src/Illuminate/Database/Connectors/ConnectionFactory.php(182): Illuminate\\Database\\Connectors\\MySqlConnector->connect()
#5 [internal function]: Illuminate\\Database\\Connectors\\ConnectionFactory->Illuminate\\Database\\Connectors\\{closure}()
#6 /home/bora/Projeler/enerjiyonetim/vendor/laravel/framework/src/Illuminate/Database/Connection.php(924): call_user_func()
#7 /home/bora/Projeler/enerjiyonetim/vendor/laravel/framework/src/Illuminate/Database/Connection.php(906): Illuminate\\Database\\Connection->getPdo()
#8 /home/bora/Projeler/enerjiyonetim/vendor/larapack/doctrine-support/src/DoctrineSupportServiceProvider.php(55): Illuminate\\Database\\Connection->getDoctrineConnection()
#9 /home/bora/Projeler/enerjiyonetim/vendor/larapack/doctrine-support/src/DoctrineSupportServiceProvider.php(35): Larapack\\DoctrineSupport\\DoctrineSupportServiceProvider->addDoctrineTypes()
#10 /home/bora/Projeler/enerjiyonetim/vendor/laravel/framework/src/Illuminate/Database/Connectors/ConnectionFactory.php(271): Larapack\\DoctrineSupport\\DoctrineSupportServiceProvider->Larapack\\DoctrineSupport\\{closure}()
#11 /home/bora/Projeler/enerjiyonetim/vendor/laravel/framework/src/Illuminate/Database/Connectors/ConnectionFactory.php(76): Illuminate\\Database\\Connectors\\ConnectionFactory->createConnection()
#12 /home/bora/Projeler/enerjiyonetim/vendor/laravel/framework/src/Illuminate/Database/Connectors/ConnectionFactory.php(50): Illuminate\\Database\\Connectors\\ConnectionFactory->createSingleConnection()
#13 /home/bora/Projeler/enerjiyonetim/vendor/laravel/framework/src/Illuminate/Database/DatabaseManager.php(131): Illuminate\\Database\\Connectors\\ConnectionFactory->make()
#14 /home/bora/Projeler/enerjiyonetim/vendor/laravel/framework/src/Illuminate/Database/DatabaseManager.php(86): Illuminate\\Database\\DatabaseManager->makeConnection()
#15 /home/bora/Projeler/enerjiyonetim/vendor/laravel/framework/src/Illuminate/Support/Facades/Schema.php(41): Illuminate\\Database\\DatabaseManager->connection()
#16 /home/bora/Projeler/enerjiyonetim/vendor/laravel/framework/src/Illuminate/Support/Facades/Facade.php(166): Illuminate\\Support\\Facades\\Schema::getFacadeAccessor()
#17 /home/bora/Projeler/enerjiyonetim/vendor/laravel/framework/src/Illuminate/Support/Facades/Facade.php(255): Illuminate\\Support\\Facades\\Facade::getFacadeRoot()
#18 /home/bora/Projeler/enerjiyonetim/app/Providers/AppServiceProvider.php(37): Illuminate\\Support\\Facades\\Facade::__callStatic()
#19 /home/bora/Projeler/enerjiyonetim/vendor/laravel/framework/src/Illuminate/Container/BoundMethod.php(36): App\\Providers\\AppServiceProvider->boot()
#20 /home/bora/Projeler/enerjiyonetim/vendor/laravel/framework/src/Illuminate/Container/Util.php(37): Illuminate\\Container\\BoundMethod::Illuminate\\Container\\{closure}()
#21 /home/bora/Projeler/enerjiyonetim/vendor/laravel/framework/src/Illuminate/Container/BoundMethod.php(93): Illuminate\\Container\\Util::unwrapIfClosure()
#22 /home/bora/Projeler/enerjiyonetim/vendor/laravel/framework/src/Illuminate/Container/BoundMethod.php(37): Illuminate\\Container\\BoundMethod::callBoundMethod()
#23 /home/bora/Projeler/enerjiyonetim/vendor/laravel/framework/src/Illuminate/Container/Container.php(590): Illuminate\\Container\\BoundMethod::call()
#24 /home/bora/Projeler/enerjiyonetim/vendor/laravel/framework/src/Illuminate/Foundation/Application.php(856): Illuminate\\Container\\Container->call()
#25 /home/bora/Projeler/enerjiyonetim/vendor/laravel/framework/src/Illuminate/Foundation/Application.php(839): Illuminate\\Foundation\\Application->bootProvider()
#26 [internal function]: Illuminate\\Foundation\\Application->Illuminate\\Foundation\\{closure}()
#27 /home/bora/Projeler/enerjiyonetim/vendor/laravel/framework/src/Illuminate/Foundation/Application.php(840): array_walk()
#28 /home/bora/Projeler/enerjiyonetim/vendor/laravel/framework/src/Illuminate/Foundation/Bootstrap/BootProviders.php(17): Illuminate\\Foundation\\Application->boot()
#29 /home/bora/Projeler/enerjiyonetim/vendor/laravel/framework/src/Illuminate/Foundation/Application.php(219): Illuminate\\Foundation\\Bootstrap\\BootProviders->bootstrap()
#30 /home/bora/Projeler/enerjiyonetim/vendor/laravel/framework/src/Illuminate/Foundation/Console/Kernel.php(320): Illuminate\\Foundation\\Application->bootstrapWith()
#31 /home/bora/Projeler/enerjiyonetim/vendor/laravel/framework/src/Illuminate/Foundation/Console/Kernel.php(129): Illuminate\\Foundation\\Console\\Kernel->bootstrap()
#32 /home/bora/Projeler/enerjiyonetim/artisan(37): Illuminate\\Foundation\\Console\\Kernel->handle()
#33 {main}

[previous exception] [object] (PDOException(code: 1045): SQLSTATE[HY000] [1045] Access denied for user 'enerji'@'212.253.124.27' (using password: YES) at /home/bora/Projeler/enerjiyonetim/vendor/doctrine/dbal/lib/Doctrine/DBAL/Driver/PDOConnection.php:39)
[stacktrace]
#0 /home/bora/Projeler/enerjiyonetim/vendor/doctrine/dbal/lib/Doctrine/DBAL/Driver/PDOConnection.php(39): PDO->__construct()
#1 /home/bora/Projeler/enerjiyonetim/vendor/laravel/framework/src/Illuminate/Database/Connectors/Connector.php(67): Doctrine\\DBAL\\Driver\\PDOConnection->__construct()
#2 /home/bora/Projeler/enerjiyonetim/vendor/laravel/framework/src/Illuminate/Database/Connectors/Connector.php(46): Illuminate\\Database\\Connectors\\Connector->createPdoConnection()
#3 /home/bora/Projeler/enerjiyonetim/vendor/laravel/framework/src/Illuminate/Database/Connectors/MySqlConnector.php(24): Illuminate\\Database\\Connectors\\Connector->createConnection()
#4 /home/bora/Projeler/enerjiyonetim/vendor/laravel/framework/src/Illuminate/Database/Connectors/ConnectionFactory.php(182): Illuminate\\Database\\Connectors\\MySqlConnector->connect()
#5 [internal function]: Illuminate\\Database\\Connectors\\ConnectionFactory->Illuminate\\Database\\Connectors\\{closure}()
#6 /home/bora/Projeler/enerjiyonetim/vendor/laravel/framework/src/Illuminate/Database/Connection.php(924): call_user_func()
#7 /home/bora/Projeler/enerjiyonetim/vendor/laravel/framework/src/Illuminate/Database/Connection.php(906): Illuminate\\Database\\Connection->getPdo()
#8 /home/bora/Projeler/enerjiyonetim/vendor/larapack/doctrine-support/src/DoctrineSupportServiceProvider.php(55): Illuminate\\Database\\Connection->getDoctrineConnection()
#9 /home/bora/Projeler/enerjiyonetim/vendor/larapack/doctrine-support/src/DoctrineSupportServiceProvider.php(35): Larapack\\DoctrineSupport\\DoctrineSupportServiceProvider->addDoctrineTypes()
#10 /home/bora/Projeler/enerjiyonetim/vendor/laravel/framework/src/Illuminate/Database/Connectors/ConnectionFactory.php(271): Larapack\\DoctrineSupport\\DoctrineSupportServiceProvider->Larapack\\DoctrineSupport\\{closure}()
#11 /home/bora/Projeler/enerjiyonetim/vendor/laravel/framework/src/Illuminate/Database/Connectors/ConnectionFactory.php(76): Illuminate\\Database\\Connectors\\ConnectionFactory->createConnection()
#12 /home/bora/Projeler/enerjiyonetim/vendor/laravel/framework/src/Illuminate/Database/Connectors/ConnectionFactory.php(50): Illuminate\\Database\\Connectors\\ConnectionFactory->createSingleConnection()
#13 /home/bora/Projeler/enerjiyonetim/vendor/laravel/framework/src/Illuminate/Database/DatabaseManager.php(131): Illuminate\\Database\\Connectors\\ConnectionFactory->make()
#14 /home/bora/Projeler/enerjiyonetim/vendor/laravel/framework/src/Illuminate/Database/DatabaseManager.php(86): Illuminate\\Database\\DatabaseManager->makeConnection()
#15 /home/bora/Projeler/enerjiyonetim/vendor/laravel/framework/src/Illuminate/Support/Facades/Schema.php(41): Illuminate\\Database\\DatabaseManager->connection()
#16 /home/bora/Projeler/enerjiyonetim/vendor/laravel/framework/src/Illuminate/Support/Facades/Facade.php(166): Illuminate\\Support\\Facades\\Schema::getFacadeAccessor()
#17 /home/bora/Projeler/enerjiyonetim/vendor/laravel/framework/src/Illuminate/Support/Facades/Facade.php(255): Illuminate\\Support\\Facades\\Facade::getFacadeRoot()
#18 /home/bora/Projeler/enerjiyonetim/app/Providers/AppServiceProvider.php(37): Illuminate\\Support\\Facades\\Facade::__callStatic()
#19 /home/bora/Projeler/enerjiyonetim/vendor/laravel/framework/src/Illuminate/Container/BoundMethod.php(36): App\\Providers\\AppServiceProvider->boot()
#20 /home/bora/Projeler/enerjiyonetim/vendor/laravel/framework/src/Illuminate/Container/Util.php(37): Illuminate\\Container\\BoundMethod::Illuminate\\Container\\{closure}()
#21 /home/bora/Projeler/enerjiyonetim/vendor/laravel/framework/src/Illuminate/Container/BoundMethod.php(93): Illuminate\\Container\\Util::unwrapIfClosure()
#22 /home/bora/Projeler/enerjiyonetim/vendor/laravel/framework/src/Illuminate/Container/BoundMethod.php(37): Illuminate\\Container\\BoundMethod::callBoundMethod()
#23 /home/bora/Projeler/enerjiyonetim/vendor/laravel/framework/src/Illuminate/Container/Container.php(590): Illuminate\\Container\\BoundMethod::call()
#24 /home/bora/Projeler/enerjiyonetim/vendor/laravel/framework/src/Illuminate/Foundation/Application.php(856): Illuminate\\Container\\Container->call()
#25 /home/bora/Projeler/enerjiyonetim/vendor/laravel/framework/src/Illuminate/Foundation/Application.php(839): Illuminate\\Foundation\\Application->bootProvider()
#26 [internal function]: Illuminate\\Foundation\\Application->Illuminate\\Foundation\\{closure}()
#27 /home/bora/Projeler/enerjiyonetim/vendor/laravel/framework/src/Illuminate/Foundation/Application.php(840): array_walk()
#28 /home/bora/Projeler/enerjiyonetim/vendor/laravel/framework/src/Illuminate/Foundation/Bootstrap/BootProviders.php(17): Illuminate\\Foundation\\Application->boot()
#29 /home/bora/Projeler/enerjiyonetim/vendor/laravel/framework/src/Illuminate/Foundation/Application.php(219): Illuminate\\Foundation\\Bootstrap\\BootProviders->bootstrap()
#30 /home/bora/Projeler/enerjiyonetim/vendor/laravel/framework/src/Illuminate/Foundation/Console/Kernel.php(320): Illuminate\\Foundation\\Application->bootstrapWith()
#31 /home/bora/Projeler/enerjiyonetim/vendor/laravel/framework/src/Illuminate/Foundation/Console/Kernel.php(129): Illuminate\\Foundation\\Console\\Kernel->bootstrap()
#32 /home/bora/Projeler/enerjiyonetim/artisan(37): Illuminate\\Foundation\\Console\\Kernel->handle()
#33 {main}
"} 
[2021-09-05 21:09:52] local.INFO: No database connection yet in VoyagerServiceProvider loadAuth(). No worries, this is not a problem!  
[2021-09-05 21:09:52] local.ERROR: SQLSTATE[HY000] [1045] Access denied for user 'bora'@'212.253.124.27' (using password: YES) {"exception":"[object] (Doctrine\\DBAL\\Driver\\PDO\\Exception(code: 1045): SQLSTATE[HY000] [1045] Access denied for user 'bora'@'212.253.124.27' (using password: YES) at /home/bora/Projeler/enerjiyonetim/vendor/doctrine/dbal/lib/Doctrine/DBAL/Driver/PDO/Exception.php:18)
[stacktrace]
#0 /home/bora/Projeler/enerjiyonetim/vendor/doctrine/dbal/lib/Doctrine/DBAL/Driver/PDOConnection.php(43): Doctrine\\DBAL\\Driver\\PDO\\Exception::new()
#1 /home/bora/Projeler/enerjiyonetim/vendor/laravel/framework/src/Illuminate/Database/Connectors/Connector.php(67): Doctrine\\DBAL\\Driver\\PDOConnection->__construct()
#2 /home/bora/Projeler/enerjiyonetim/vendor/laravel/framework/src/Illuminate/Database/Connectors/Connector.php(46): Illuminate\\Database\\Connectors\\Connector->createPdoConnection()
#3 /home/bora/Projeler/enerjiyonetim/vendor/laravel/framework/src/Illuminate/Database/Connectors/MySqlConnector.php(24): Illuminate\\Database\\Connectors\\Connector->createConnection()
#4 /home/bora/Projeler/enerjiyonetim/vendor/laravel/framework/src/Illuminate/Database/Connectors/ConnectionFactory.php(182): Illuminate\\Database\\Connectors\\MySqlConnector->connect()
#5 [internal function]: Illuminate\\Database\\Connectors\\ConnectionFactory->Illuminate\\Database\\Connectors\\{closure}()
#6 /home/bora/Projeler/enerjiyonetim/vendor/laravel/framework/src/Illuminate/Database/Connection.php(924): call_user_func()
#7 /home/bora/Projeler/enerjiyonetim/vendor/laravel/framework/src/Illuminate/Database/Connection.php(906): Illuminate\\Database\\Connection->getPdo()
#8 /home/bora/Projeler/enerjiyonetim/vendor/larapack/doctrine-support/src/DoctrineSupportServiceProvider.php(55): Illuminate\\Database\\Connection->getDoctrineConnection()
#9 /home/bora/Projeler/enerjiyonetim/vendor/larapack/doctrine-support/src/DoctrineSupportServiceProvider.php(35): Larapack\\DoctrineSupport\\DoctrineSupportServiceProvider->addDoctrineTypes()
#10 /home/bora/Projeler/enerjiyonetim/vendor/laravel/framework/src/Illuminate/Database/Connectors/ConnectionFactory.php(271): Larapack\\DoctrineSupport\\DoctrineSupportServiceProvider->Larapack\\DoctrineSupport\\{closure}()
#11 /home/bora/Projeler/enerjiyonetim/vendor/laravel/framework/src/Illuminate/Database/Connectors/ConnectionFactory.php(76): Illuminate\\Database\\Connectors\\ConnectionFactory->createConnection()
#12 /home/bora/Projeler/enerjiyonetim/vendor/laravel/framework/src/Illuminate/Database/Connectors/ConnectionFactory.php(50): Illuminate\\Database\\Connectors\\ConnectionFactory->createSingleConnection()
#13 /home/bora/Projeler/enerjiyonetim/vendor/laravel/framework/src/Illuminate/Database/DatabaseManager.php(131): Illuminate\\Database\\Connectors\\ConnectionFactory->make()
#14 /home/bora/Projeler/enerjiyonetim/vendor/laravel/framework/src/Illuminate/Database/DatabaseManager.php(86): Illuminate\\Database\\DatabaseManager->makeConnection()
#15 /home/bora/Projeler/enerjiyonetim/vendor/laravel/framework/src/Illuminate/Support/Facades/Schema.php(41): Illuminate\\Database\\DatabaseManager->connection()
#16 /home/bora/Projeler/enerjiyonetim/vendor/laravel/framework/src/Illuminate/Support/Facades/Facade.php(166): Illuminate\\Support\\Facades\\Schema::getFacadeAccessor()
#17 /home/bora/Projeler/enerjiyonetim/vendor/laravel/framework/src/Illuminate/Support/Facades/Facade.php(255): Illuminate\\Support\\Facades\\Facade::getFacadeRoot()
#18 /home/bora/Projeler/enerjiyonetim/app/Providers/AppServiceProvider.php(37): Illuminate\\Support\\Facades\\Facade::__callStatic()
#19 /home/bora/Projeler/enerjiyonetim/vendor/laravel/framework/src/Illuminate/Container/BoundMethod.php(36): App\\Providers\\AppServiceProvider->boot()
#20 /home/bora/Projeler/enerjiyonetim/vendor/laravel/framework/src/Illuminate/Container/Util.php(37): Illuminate\\Container\\BoundMethod::Illuminate\\Container\\{closure}()
#21 /home/bora/Projeler/enerjiyonetim/vendor/laravel/framework/src/Illuminate/Container/BoundMethod.php(93): Illuminate\\Container\\Util::unwrapIfClosure()
#22 /home/bora/Projeler/enerjiyonetim/vendor/laravel/framework/src/Illuminate/Container/BoundMethod.php(37): Illuminate\\Container\\BoundMethod::callBoundMethod()
#23 /home/bora/Projeler/enerjiyonetim/vendor/laravel/framework/src/Illuminate/Container/Container.php(590): Illuminate\\Container\\BoundMethod::call()
#24 /home/bora/Projeler/enerjiyonetim/vendor/laravel/framework/src/Illuminate/Foundation/Application.php(856): Illuminate\\Container\\Container->call()
#25 /home/bora/Projeler/enerjiyonetim/vendor/laravel/framework/src/Illuminate/Foundation/Application.php(839): Illuminate\\Foundation\\Application->bootProvider()
#26 [internal function]: Illuminate\\Foundation\\Application->Illuminate\\Foundation\\{closure}()
#27 /home/bora/Projeler/enerjiyonetim/vendor/laravel/framework/src/Illuminate/Foundation/Application.php(840): array_walk()
#28 /home/bora/Projeler/enerjiyonetim/vendor/laravel/framework/src/Illuminate/Foundation/Bootstrap/BootProviders.php(17): Illuminate\\Foundation\\Application->boot()
#29 /home/bora/Projeler/enerjiyonetim/vendor/laravel/framework/src/Illuminate/Foundation/Application.php(219): Illuminate\\Foundation\\Bootstrap\\BootProviders->bootstrap()
#30 /home/bora/Projeler/enerjiyonetim/vendor/laravel/framework/src/Illuminate/Foundation/Console/Kernel.php(320): Illuminate\\Foundation\\Application->bootstrapWith()
#31 /home/bora/Projeler/enerjiyonetim/vendor/laravel/framework/src/Illuminate/Foundation/Console/Kernel.php(129): Illuminate\\Foundation\\Console\\Kernel->bootstrap()
#32 /home/bora/Projeler/enerjiyonetim/artisan(37): Illuminate\\Foundation\\Console\\Kernel->handle()
#33 {main}

[previous exception] [object] (PDOException(code: 1045): SQLSTATE[HY000] [1045] Access denied for user 'bora'@'212.253.124.27' (using password: YES) at /home/bora/Projeler/enerjiyonetim/vendor/doctrine/dbal/lib/Doctrine/DBAL/Driver/PDOConnection.php:39)
[stacktrace]
#0 /home/bora/Projeler/enerjiyonetim/vendor/doctrine/dbal/lib/Doctrine/DBAL/Driver/PDOConnection.php(39): PDO->__construct()
#1 /home/bora/Projeler/enerjiyonetim/vendor/laravel/framework/src/Illuminate/Database/Connectors/Connector.php(67): Doctrine\\DBAL\\Driver\\PDOConnection->__construct()
#2 /home/bora/Projeler/enerjiyonetim/vendor/laravel/framework/src/Illuminate/Database/Connectors/Connector.php(46): Illuminate\\Database\\Connectors\\Connector->createPdoConnection()
#3 /home/bora/Projeler/enerjiyonetim/vendor/laravel/framework/src/Illuminate/Database/Connectors/MySqlConnector.php(24): Illuminate\\Database\\Connectors\\Connector->createConnection()
#4 /home/bora/Projeler/enerjiyonetim/vendor/laravel/framework/src/Illuminate/Database/Connectors/ConnectionFactory.php(182): Illuminate\\Database\\Connectors\\MySqlConnector->connect()
#5 [internal function]: Illuminate\\Database\\Connectors\\ConnectionFactory->Illuminate\\Database\\Connectors\\{closure}()
#6 /home/bora/Projeler/enerjiyonetim/vendor/laravel/framework/src/Illuminate/Database/Connection.php(924): call_user_func()
#7 /home/bora/Projeler/enerjiyonetim/vendor/laravel/framework/src/Illuminate/Database/Connection.php(906): Illuminate\\Database\\Connection->getPdo()
#8 /home/bora/Projeler/enerjiyonetim/vendor/larapack/doctrine-support/src/DoctrineSupportServiceProvider.php(55): Illuminate\\Database\\Connection->getDoctrineConnection()
#9 /home/bora/Projeler/enerjiyonetim/vendor/larapack/doctrine-support/src/DoctrineSupportServiceProvider.php(35): Larapack\\DoctrineSupport\\DoctrineSupportServiceProvider->addDoctrineTypes()
#10 /home/bora/Projeler/enerjiyonetim/vendor/laravel/framework/src/Illuminate/Database/Connectors/ConnectionFactory.php(271): Larapack\\DoctrineSupport\\DoctrineSupportServiceProvider->Larapack\\DoctrineSupport\\{closure}()
#11 /home/bora/Projeler/enerjiyonetim/vendor/laravel/framework/src/Illuminate/Database/Connectors/ConnectionFactory.php(76): Illuminate\\Database\\Connectors\\ConnectionFactory->createConnection()
#12 /home/bora/Projeler/enerjiyonetim/vendor/laravel/framework/src/Illuminate/Database/Connectors/ConnectionFactory.php(50): Illuminate\\Database\\Connectors\\ConnectionFactory->createSingleConnection()
#13 /home/bora/Projeler/enerjiyonetim/vendor/laravel/framework/src/Illuminate/Database/DatabaseManager.php(131): Illuminate\\Database\\Connectors\\ConnectionFactory->make()
#14 /home/bora/Projeler/enerjiyonetim/vendor/laravel/framework/src/Illuminate/Database/DatabaseManager.php(86): Illuminate\\Database\\DatabaseManager->makeConnection()
#15 /home/bora/Projeler/enerjiyonetim/vendor/laravel/framework/src/Illuminate/Support/Facades/Schema.php(41): Illuminate\\Database\\DatabaseManager->connection()
#16 /home/bora/Projeler/enerjiyonetim/vendor/laravel/framework/src/Illuminate/Support/Facades/Facade.php(166): Illuminate\\Support\\Facades\\Schema::getFacadeAccessor()
#17 /home/bora/Projeler/enerjiyonetim/vendor/laravel/framework/src/Illuminate/Support/Facades/Facade.php(255): Illuminate\\Support\\Facades\\Facade::getFacadeRoot()
#18 /home/bora/Projeler/enerjiyonetim/app/Providers/AppServiceProvider.php(37): Illuminate\\Support\\Facades\\Facade::__callStatic()
#19 /home/bora/Projeler/enerjiyonetim/vendor/laravel/framework/src/Illuminate/Container/BoundMethod.php(36): App\\Providers\\AppServiceProvider->boot()
#20 /home/bora/Projeler/enerjiyonetim/vendor/laravel/framework/src/Illuminate/Container/Util.php(37): Illuminate\\Container\\BoundMethod::Illuminate\\Container\\{closure}()
#21 /home/bora/Projeler/enerjiyonetim/vendor/laravel/framework/src/Illuminate/Container/BoundMethod.php(93): Illuminate\\Container\\Util::unwrapIfClosure()
#22 /home/bora/Projeler/enerjiyonetim/vendor/laravel/framework/src/Illuminate/Container/BoundMethod.php(37): Illuminate\\Container\\BoundMethod::callBoundMethod()
#23 /home/bora/Projeler/enerjiyonetim/vendor/laravel/framework/src/Illuminate/Container/Container.php(590): Illuminate\\Container\\BoundMethod::call()
#24 /home/bora/Projeler/enerjiyonetim/vendor/laravel/framework/src/Illuminate/Foundation/Application.php(856): Illuminate\\Container\\Container->call()
#25 /home/bora/Projeler/enerjiyonetim/vendor/laravel/framework/src/Illuminate/Foundation/Application.php(839): Illuminate\\Foundation\\Application->bootProvider()
#26 [internal function]: Illuminate\\Foundation\\Application->Illuminate\\Foundation\\{closure}()
#27 /home/bora/Projeler/enerjiyonetim/vendor/laravel/framework/src/Illuminate/Foundation/Application.php(840): array_walk()
#28 /home/bora/Projeler/enerjiyonetim/vendor/laravel/framework/src/Illuminate/Foundation/Bootstrap/BootProviders.php(17): Illuminate\\Foundation\\Application->boot()
#29 /home/bora/Projeler/enerjiyonetim/vendor/laravel/framework/src/Illuminate/Foundation/Application.php(219): Illuminate\\Foundation\\Bootstrap\\BootProviders->bootstrap()
#30 /home/bora/Projeler/enerjiyonetim/vendor/laravel/framework/src/Illuminate/Foundation/Console/Kernel.php(320): Illuminate\\Foundation\\Application->bootstrapWith()
#31 /home/bora/Projeler/enerjiyonetim/vendor/laravel/framework/src/Illuminate/Foundation/Console/Kernel.php(129): Illuminate\\Foundation\\Console\\Kernel->bootstrap()
#32 /home/bora/Projeler/enerjiyonetim/artisan(37): Illuminate\\Foundation\\Console\\Kernel->handle()
#33 {main}
"} 
[2021-09-05 21:46:29] local.ERROR: Undefined variable: company_avatar (View: /home/bora/Projeler/enerjiyonetim/resources/views/vendor/voyager/dashboard/sidebar.blade.php) {"userId":1,"exception":"[object] (Facade\\Ignition\\Exceptions\\ViewException(code: 0): Undefined variable: company_avatar (View: /home/bora/Projeler/enerjiyonetim/resources/views/vendor/voyager/dashboard/sidebar.blade.php) at /home/bora/Projeler/enerjiyonetim/resources/views/vendor/voyager/dashboard/sidebar.blade.php:22)
[stacktrace]
#0 /home/bora/Projeler/enerjiyonetim/resources/views/vendor/voyager/dashboard/sidebar.blade.php(22): Illuminate\\Foundation\\Bootstrap\\HandleExceptions->handleError()
#1 /home/bora/Projeler/enerjiyonetim/vendor/laravel/framework/src/Illuminate/View/Engines/PhpEngine.php(43): include('/home/bora/Proj...')
#2 /home/bora/Projeler/enerjiyonetim/vendor/laravel/framework/src/Illuminate/View/Engines/CompilerEngine.php(59): Illuminate\\View\\Engines\\PhpEngine->evaluatePath()
#3 /home/bora/Projeler/enerjiyonetim/vendor/facade/ignition/src/Views/Engines/CompilerEngine.php(36): Illuminate\\View\\Engines\\CompilerEngine->get()
#4 /home/bora/Projeler/enerjiyonetim/vendor/laravel/framework/src/Illuminate/View/View.php(143): Facade\\Ignition\\Views\\Engines\\CompilerEngine->get()
#5 /home/bora/Projeler/enerjiyonetim/vendor/laravel/framework/src/Illuminate/View/View.php(126): Illuminate\\View\\View->getContents()
#6 /home/bora/Projeler/enerjiyonetim/vendor/laravel/framework/src/Illuminate/View/View.php(91): Illuminate\\View\\View->renderContents()
#7 /home/bora/Projeler/enerjiyonetim/vendor/tcg/voyager/src/../resources/views/master.blade.php(78): Illuminate\\View\\View->render()
#8 /home/bora/Projeler/enerjiyonetim/vendor/laravel/framework/src/Illuminate/View/Engines/PhpEngine.php(43): include('/home/bora/Proj...')
#9 /home/bora/Projeler/enerjiyonetim/vendor/laravel/framework/src/Illuminate/View/Engines/CompilerEngine.php(59): Illuminate\\View\\Engines\\PhpEngine->evaluatePath()
#10 /home/bora/Projeler/enerjiyonetim/vendor/facade/ignition/src/Views/Engines/CompilerEngine.php(36): Illuminate\\View\\Engines\\CompilerEngine->get()
#11 /home/bora/Projeler/enerjiyonetim/vendor/laravel/framework/src/Illuminate/View/View.php(143): Facade\\Ignition\\Views\\Engines\\CompilerEngine->get()
#12 /home/bora/Projeler/enerjiyonetim/vendor/laravel/framework/src/Illuminate/View/View.php(126): Illuminate\\View\\View->getContents()
#13 /home/bora/Projeler/enerjiyonetim/vendor/laravel/framework/src/Illuminate/View/View.php(91): Illuminate\\View\\View->renderContents()
#14 /home/bora/Projeler/enerjiyonetim/vendor/tcg/voyager/src/../resources/views/index.blade.php(475): Illuminate\\View\\View->render()
#15 /home/bora/Projeler/enerjiyonetim/vendor/laravel/framework/src/Illuminate/View/Engines/PhpEngine.php(43): include('/home/bora/Proj...')
#16 /home/bora/Projeler/enerjiyonetim/vendor/laravel/framework/src/Illuminate/View/Engines/CompilerEngine.php(59): Illuminate\\View\\Engines\\PhpEngine->evaluatePath()
#17 /home/bora/Projeler/enerjiyonetim/vendor/facade/ignition/src/Views/Engines/CompilerEngine.php(36): Illuminate\\View\\Engines\\CompilerEngine->get()
#18 /home/bora/Projeler/enerjiyonetim/vendor/laravel/framework/src/Illuminate/View/View.php(143): Facade\\Ignition\\Views\\Engines\\CompilerEngine->get()
#19 /home/bora/Projeler/enerjiyonetim/vendor/laravel/framework/src/Illuminate/View/View.php(126): Illuminate\\View\\View->getContents()
#20 /home/bora/Projeler/enerjiyonetim/vendor/laravel/framework/src/Illuminate/View/View.php(91): Illuminate\\View\\View->renderContents()
#21 /home/bora/Projeler/enerjiyonetim/vendor/laravel/framework/src/Illuminate/Http/Response.php(42): Illuminate\\View\\View->render()
#22 /home/bora/Projeler/enerjiyonetim/vendor/symfony/http-foundation/Response.php(205): Illuminate\\Http\\Response->setContent()
#23 /home/bora/Projeler/enerjiyonetim/vendor/laravel/framework/src/Illuminate/Routing/Router.php(749): Symfony\\Component\\HttpFoundation\\Response->__construct()
#24 /home/bora/Projeler/enerjiyonetim/vendor/laravel/framework/src/Illuminate/Routing/Router.php(721): Illuminate\\Routing\\Router::toResponse()
#25 /home/bora/Projeler/enerjiyonetim/vendor/laravel/framework/src/Illuminate/Routing/Router.php(681): Illuminate\\Routing\\Router->prepareResponse()
#26 /home/bora/Projeler/enerjiyonetim/vendor/laravel/framework/src/Illuminate/Pipeline/Pipeline.php(130): Illuminate\\Routing\\Router->Illuminate\\Routing\\{closure}()
#27 /home/bora/Projeler/enerjiyonetim/vendor/tcg/voyager/src/Http/Middleware/VoyagerAdminMiddleware.php(26): Illuminate\\Pipeline\\Pipeline->Illuminate\\Pipeline\\{closure}()
#28 /home/bora/Projeler/enerjiyonetim/vendor/laravel/framework/src/Illuminate/Pipeline/Pipeline.php(171): TCG\\Voyager\\Http\\Middleware\\VoyagerAdminMiddleware->handle()
#29 /home/bora/Projeler/enerjiyonetim/app/Http/Middleware/SetCompany.php(46): Illuminate\\Pipeline\\Pipeline->Illuminate\\Pipeline\\{closure}()
#30 /home/bora/Projeler/enerjiyonetim/vendor/laravel/framework/src/Illuminate/Pipeline/Pipeline.php(171): App\\Http\\Middleware\\SetCompany->handle()
#31 /home/bora/Projeler/enerjiyonetim/vendor/laravel/framework/src/Illuminate/Routing/Middleware/SubstituteBindings.php(41): Illuminate\\Pipeline\\Pipeline->Illuminate\\Pipeline\\{closure}()
#32 /home/bora/Projeler/enerjiyonetim/vendor/laravel/framework/src/Illuminate/Pipeline/Pipeline.php(171): Illuminate\\Routing\\Middleware\\SubstituteBindings->handle()
#33 /home/bora/Projeler/enerjiyonetim/vendor/laravel/framework/src/Illuminate/Foundation/Http/Middleware/VerifyCsrfToken.php(78): Illuminate\\Pipeline\\Pipeline->Illuminate\\Pipeline\\{closure}()
#34 /home/bora/Projeler/enerjiyonetim/vendor/laravel/framework/src/Illuminate/Pipeline/Pipeline.php(171): Illuminate\\Foundation\\Http\\Middleware\\VerifyCsrfToken->handle()
#35 /home/bora/Projeler/enerjiyonetim/vendor/laravel/framework/src/Illuminate/View/Middleware/ShareErrorsFromSession.php(49): Illuminate\\Pipeline\\Pipeline->Illuminate\\Pipeline\\{closure}()
#36 /home/bora/Projeler/enerjiyonetim/vendor/laravel/framework/src/Illuminate/Pipeline/Pipeline.php(171): Illuminate\\View\\Middleware\\ShareErrorsFromSession->handle()
#37 /home/bora/Projeler/enerjiyonetim/vendor/laravel/framework/src/Illuminate/Session/Middleware/StartSession.php(56): Illuminate\\Pipeline\\Pipeline->Illuminate\\Pipeline\\{closure}()
#38 /home/bora/Projeler/enerjiyonetim/vendor/laravel/framework/src/Illuminate/Pipeline/Pipeline.php(171): Illuminate\\Session\\Middleware\\StartSession->handle()
#39 /home/bora/Projeler/enerjiyonetim/vendor/laravel/framework/src/Illuminate/Cookie/Middleware/AddQueuedCookiesToResponse.php(37): Illuminate\\Pipeline\\Pipeline->Illuminate\\Pipeline\\{closure}()
#40 /home/bora/Projeler/enerjiyonetim/vendor/laravel/framework/src/Illuminate/Pipeline/Pipeline.php(171): Illuminate\\Cookie\\Middleware\\AddQueuedCookiesToResponse->handle()
#41 /home/bora/Projeler/enerjiyonetim/vendor/laravel/framework/src/Illuminate/Cookie/Middleware/EncryptCookies.php(67): Illuminate\\Pipeline\\Pipeline->Illuminate\\Pipeline\\{closure}()
#42 /home/bora/Projeler/enerjiyonetim/vendor/laravel/framework/src/Illuminate/Pipeline/Pipeline.php(171): Illuminate\\Cookie\\Middleware\\EncryptCookies->handle()
#43 /home/bora/Projeler/enerjiyonetim/vendor/laravel/framework/src/Illuminate/Pipeline/Pipeline.php(105): Illuminate\\Pipeline\\Pipeline->Illuminate\\Pipeline\\{closure}()
#44 /home/bora/Projeler/enerjiyonetim/vendor/laravel/framework/src/Illuminate/Routing/Router.php(683): Illuminate\\Pipeline\\Pipeline->then()
#45 /home/bora/Projeler/enerjiyonetim/vendor/laravel/framework/src/Illuminate/Routing/Router.php(658): Illuminate\\Routing\\Router->runRouteWithinStack()
#46 /home/bora/Projeler/enerjiyonetim/vendor/laravel/framework/src/Illuminate/Routing/Router.php(624): Illuminate\\Routing\\Router->runRoute()
#47 /home/bora/Projeler/enerjiyonetim/vendor/laravel/framework/src/Illuminate/Routing/Router.php(613): Illuminate\\Routing\\Router->dispatchToRoute()
#48 /home/bora/Projeler/enerjiyonetim/vendor/laravel/framework/src/Illuminate/Foundation/Http/Kernel.php(170): Illuminate\\Routing\\Router->dispatch()
#49 /home/bora/Projeler/enerjiyonetim/vendor/laravel/framework/src/Illuminate/Pipeline/Pipeline.php(130): Illuminate\\Foundation\\Http\\Kernel->Illuminate\\Foundation\\Http\\{closure}()
#50 /home/bora/Projeler/enerjiyonetim/vendor/laravel/framework/src/Illuminate/Foundation/Http/Middleware/TransformsRequest.php(21): Illuminate\\Pipeline\\Pipeline->Illuminate\\Pipeline\\{closure}()
#51 /home/bora/Projeler/enerjiyonetim/vendor/laravel/framework/src/Illuminate/Pipeline/Pipeline.php(171): Illuminate\\Foundation\\Http\\Middleware\\TransformsRequest->handle()
#52 /home/bora/Projeler/enerjiyonetim/vendor/laravel/framework/src/Illuminate/Foundation/Http/Middleware/TransformsRequest.php(21): Illuminate\\Pipeline\\Pipeline->Illuminate\\Pipeline\\{closure}()
#53 /home/bora/Projeler/enerjiyonetim/vendor/laravel/framework/src/Illuminate/Pipeline/Pipeline.php(171): Illuminate\\Foundation\\Http\\Middleware\\TransformsRequest->handle()
#54 /home/bora/Projeler/enerjiyonetim/vendor/laravel/framework/src/Illuminate/Foundation/Http/Middleware/ValidatePostSize.php(27): Illuminate\\Pipeline\\Pipeline->Illuminate\\Pipeline\\{closure}()
#55 /home/bora/Projeler/enerjiyonetim/vendor/laravel/framework/src/Illuminate/Pipeline/Pipeline.php(171): Illuminate\\Foundation\\Http\\Middleware\\ValidatePostSize->handle()
#56 /home/bora/Projeler/enerjiyonetim/vendor/laravel/framework/src/Illuminate/Foundation/Http/Middleware/CheckForMaintenanceMode.php(63): Illuminate\\Pipeline\\Pipeline->Illuminate\\Pipeline\\{closure}()
#57 /home/bora/Projeler/enerjiyonetim/vendor/laravel/framework/src/Illuminate/Pipeline/Pipeline.php(171): Illuminate\\Foundation\\Http\\Middleware\\CheckForMaintenanceMode->handle()
#58 /home/bora/Projeler/enerjiyonetim/vendor/fideloper/proxy/src/TrustProxies.php(57): Illuminate\\Pipeline\\Pipeline->Illuminate\\Pipeline\\{closure}()
#59 /home/bora/Projeler/enerjiyonetim/vendor/laravel/framework/src/Illuminate/Pipeline/Pipeline.php(171): Fideloper\\Proxy\\TrustProxies->handle()
#60 /home/bora/Projeler/enerjiyonetim/vendor/laravel/framework/src/Illuminate/Pipeline/Pipeline.php(105): Illuminate\\Pipeline\\Pipeline->Illuminate\\Pipeline\\{closure}()
#61 /home/bora/Projeler/enerjiyonetim/vendor/laravel/framework/src/Illuminate/Foundation/Http/Kernel.php(145): Illuminate\\Pipeline\\Pipeline->then()
#62 /home/bora/Projeler/enerjiyonetim/vendor/laravel/framework/src/Illuminate/Foundation/Http/Kernel.php(110): Illuminate\\Foundation\\Http\\Kernel->sendRequestThroughRouter()
#63 /home/bora/Projeler/enerjiyonetim/public/index.php(55): Illuminate\\Foundation\\Http\\Kernel->handle()
#64 /home/bora/Projeler/enerjiyonetim/server.php(21): require_once('/home/bora/Proj...')
#65 {main}

[previous exception] [object] (ErrorException(code: 0): Undefined variable: company_avatar at /home/bora/Projeler/enerjiyonetim/storage/framework/views/d75c2f1df9ebfad024243c8161e947a023c382a6.php:22)
[stacktrace]
#0 /home/bora/Projeler/enerjiyonetim/storage/framework/views/d75c2f1df9ebfad024243c8161e947a023c382a6.php(22): Illuminate\\Foundation\\Bootstrap\\HandleExceptions->handleError()
#1 /home/bora/Projeler/enerjiyonetim/vendor/laravel/framework/src/Illuminate/View/Engines/PhpEngine.php(43): include('/home/bora/Proj...')
#2 /home/bora/Projeler/enerjiyonetim/vendor/laravel/framework/src/Illuminate/View/Engines/CompilerEngine.php(59): Illuminate\\View\\Engines\\PhpEngine->evaluatePath()
#3 /home/bora/Projeler/enerjiyonetim/vendor/facade/ignition/src/Views/Engines/CompilerEngine.php(36): Illuminate\\View\\Engines\\CompilerEngine->get()
#4 /home/bora/Projeler/enerjiyonetim/vendor/laravel/framework/src/Illuminate/View/View.php(143): Facade\\Ignition\\Views\\Engines\\CompilerEngine->get()
#5 /home/bora/Projeler/enerjiyonetim/vendor/laravel/framework/src/Illuminate/View/View.php(126): Illuminate\\View\\View->getContents()
#6 /home/bora/Projeler/enerjiyonetim/vendor/laravel/framework/src/Illuminate/View/View.php(91): Illuminate\\View\\View->renderContents()
#7 /home/bora/Projeler/enerjiyonetim/storage/framework/views/dd14314686640a3c4413d3e270234415c06bf6f1.php(78): Illuminate\\View\\View->render()
#8 /home/bora/Projeler/enerjiyonetim/vendor/laravel/framework/src/Illuminate/View/Engines/PhpEngine.php(43): include('/home/bora/Proj...')
#9 /home/bora/Projeler/enerjiyonetim/vendor/laravel/framework/src/Illuminate/View/Engines/CompilerEngine.php(59): Illuminate\\View\\Engines\\PhpEngine->evaluatePath()
#10 /home/bora/Projeler/enerjiyonetim/vendor/facade/ignition/src/Views/Engines/CompilerEngine.php(36): Illuminate\\View\\Engines\\CompilerEngine->get()
#11 /home/bora/Projeler/enerjiyonetim/vendor/laravel/framework/src/Illuminate/View/View.php(143): Facade\\Ignition\\Views\\Engines\\CompilerEngine->get()
#12 /home/bora/Projeler/enerjiyonetim/vendor/laravel/framework/src/Illuminate/View/View.php(126): Illuminate\\View\\View->getContents()
#13 /home/bora/Projeler/enerjiyonetim/vendor/laravel/framework/src/Illuminate/View/View.php(91): Illuminate\\View\\View->renderContents()
#14 /home/bora/Projeler/enerjiyonetim/storage/framework/views/81f6293fce84d6d3ccdbd4ee4d57452b774a20ba.php(475): Illuminate\\View\\View->render()
#15 /home/bora/Projeler/enerjiyonetim/vendor/laravel/framework/src/Illuminate/View/Engines/PhpEngine.php(43): include('/home/bora/Proj...')
#16 /home/bora/Projeler/enerjiyonetim/vendor/laravel/framework/src/Illuminate/View/Engines/CompilerEngine.php(59): Illuminate\\View\\Engines\\PhpEngine->evaluatePath()
#17 /home/bora/Projeler/enerjiyonetim/vendor/facade/ignition/src/Views/Engines/CompilerEngine.php(36): Illuminate\\View\\Engines\\CompilerEngine->get()
#18 /home/bora/Projeler/enerjiyonetim/vendor/laravel/framework/src/Illuminate/View/View.php(143): Facade\\Ignition\\Views\\Engines\\CompilerEngine->get()
#19 /home/bora/Projeler/enerjiyonetim/vendor/laravel/framework/src/Illuminate/View/View.php(126): Illuminate\\View\\View->getContents()
#20 /home/bora/Projeler/enerjiyonetim/vendor/laravel/framework/src/Illuminate/View/View.php(91): Illuminate\\View\\View->renderContents()
#21 /home/bora/Projeler/enerjiyonetim/vendor/laravel/framework/src/Illuminate/Http/Response.php(42): Illuminate\\View\\View->render()
#22 /home/bora/Projeler/enerjiyonetim/vendor/symfony/http-foundation/Response.php(205): Illuminate\\Http\\Response->setContent()
#23 /home/bora/Projeler/enerjiyonetim/vendor/laravel/framework/src/Illuminate/Routing/Router.php(749): Symfony\\Component\\HttpFoundation\\Response->__construct()
#24 /home/bora/Projeler/enerjiyonetim/vendor/laravel/framework/src/Illuminate/Routing/Router.php(721): Illuminate\\Routing\\Router::toResponse()
#25 /home/bora/Projeler/enerjiyonetim/vendor/laravel/framework/src/Illuminate/Routing/Router.php(681): Illuminate\\Routing\\Router->prepareResponse()
#26 /home/bora/Projeler/enerjiyonetim/vendor/laravel/framework/src/Illuminate/Pipeline/Pipeline.php(130): Illuminate\\Routing\\Router->Illuminate\\Routing\\{closure}()
#27 /home/bora/Projeler/enerjiyonetim/vendor/tcg/voyager/src/Http/Middleware/VoyagerAdminMiddleware.php(26): Illuminate\\Pipeline\\Pipeline->Illuminate\\Pipeline\\{closure}()
#28 /home/bora/Projeler/enerjiyonetim/vendor/laravel/framework/src/Illuminate/Pipeline/Pipeline.php(171): TCG\\Voyager\\Http\\Middleware\\VoyagerAdminMiddleware->handle()
#29 /home/bora/Projeler/enerjiyonetim/app/Http/Middleware/SetCompany.php(46): Illuminate\\Pipeline\\Pipeline->Illuminate\\Pipeline\\{closure}()
#30 /home/bora/Projeler/enerjiyonetim/vendor/laravel/framework/src/Illuminate/Pipeline/Pipeline.php(171): App\\Http\\Middleware\\SetCompany->handle()
#31 /home/bora/Projeler/enerjiyonetim/vendor/laravel/framework/src/Illuminate/Routing/Middleware/SubstituteBindings.php(41): Illuminate\\Pipeline\\Pipeline->Illuminate\\Pipeline\\{closure}()
#32 /home/bora/Projeler/enerjiyonetim/vendor/laravel/framework/src/Illuminate/Pipeline/Pipeline.php(171): Illuminate\\Routing\\Middleware\\SubstituteBindings->handle()
#33 /home/bora/Projeler/enerjiyonetim/vendor/laravel/framework/src/Illuminate/Foundation/Http/Middleware/VerifyCsrfToken.php(78): Illuminate\\Pipeline\\Pipeline->Illuminate\\Pipeline\\{closure}()
#34 /home/bora/Projeler/enerjiyonetim/vendor/laravel/framework/src/Illuminate/Pipeline/Pipeline.php(171): Illuminate\\Foundation\\Http\\Middleware\\VerifyCsrfToken->handle()
#35 /home/bora/Projeler/enerjiyonetim/vendor/laravel/framework/src/Illuminate/View/Middleware/ShareErrorsFromSession.php(49): Illuminate\\Pipeline\\Pipeline->Illuminate\\Pipeline\\{closure}()
#36 /home/bora/Projeler/enerjiyonetim/vendor/laravel/framework/src/Illuminate/Pipeline/Pipeline.php(171): Illuminate\\View\\Middleware\\ShareErrorsFromSession->handle()
#37 /home/bora/Projeler/enerjiyonetim/vendor/laravel/framework/src/Illuminate/Session/Middleware/StartSession.php(56): Illuminate\\Pipeline\\Pipeline->Illuminate\\Pipeline\\{closure}()
#38 /home/bora/Projeler/enerjiyonetim/vendor/laravel/framework/src/Illuminate/Pipeline/Pipeline.php(171): Illuminate\\Session\\Middleware\\StartSession->handle()
#39 /home/bora/Projeler/enerjiyonetim/vendor/laravel/framework/src/Illuminate/Cookie/Middleware/AddQueuedCookiesToResponse.php(37): Illuminate\\Pipeline\\Pipeline->Illuminate\\Pipeline\\{closure}()
#40 /home/bora/Projeler/enerjiyonetim/vendor/laravel/framework/src/Illuminate/Pipeline/Pipeline.php(171): Illuminate\\Cookie\\Middleware\\AddQueuedCookiesToResponse->handle()
#41 /home/bora/Projeler/enerjiyonetim/vendor/laravel/framework/src/Illuminate/Cookie/Middleware/EncryptCookies.php(67): Illuminate\\Pipeline\\Pipeline->Illuminate\\Pipeline\\{closure}()
#42 /home/bora/Projeler/enerjiyonetim/vendor/laravel/framework/src/Illuminate/Pipeline/Pipeline.php(171): Illuminate\\Cookie\\Middleware\\EncryptCookies->handle()
#43 /home/bora/Projeler/enerjiyonetim/vendor/laravel/framework/src/Illuminate/Pipeline/Pipeline.php(105): Illuminate\\Pipeline\\Pipeline->Illuminate\\Pipeline\\{closure}()
#44 /home/bora/Projeler/enerjiyonetim/vendor/laravel/framework/src/Illuminate/Routing/Router.php(683): Illuminate\\Pipeline\\Pipeline->then()
#45 /home/bora/Projeler/enerjiyonetim/vendor/laravel/framework/src/Illuminate/Routing/Router.php(658): Illuminate\\Routing\\Router->runRouteWithinStack()
#46 /home/bora/Projeler/enerjiyonetim/vendor/laravel/framework/src/Illuminate/Routing/Router.php(624): Illuminate\\Routing\\Router->runRoute()
#47 /home/bora/Projeler/enerjiyonetim/vendor/laravel/framework/src/Illuminate/Routing/Router.php(613): Illuminate\\Routing\\Router->dispatchToRoute()
#48 /home/bora/Projeler/enerjiyonetim/vendor/laravel/framework/src/Illuminate/Foundation/Http/Kernel.php(170): Illuminate\\Routing\\Router->dispatch()
#49 /home/bora/Projeler/enerjiyonetim/vendor/laravel/framework/src/Illuminate/Pipeline/Pipeline.php(130): Illuminate\\Foundation\\Http\\Kernel->Illuminate\\Foundation\\Http\\{closure}()
#50 /home/bora/Projeler/enerjiyonetim/vendor/laravel/framework/src/Illuminate/Foundation/Http/Middleware/TransformsRequest.php(21): Illuminate\\Pipeline\\Pipeline->Illuminate\\Pipeline\\{closure}()
#51 /home/bora/Projeler/enerjiyonetim/vendor/laravel/framework/src/Illuminate/Pipeline/Pipeline.php(171): Illuminate\\Foundation\\Http\\Middleware\\TransformsRequest->handle()
#52 /home/bora/Projeler/enerjiyonetim/vendor/laravel/framework/src/Illuminate/Foundation/Http/Middleware/TransformsRequest.php(21): Illuminate\\Pipeline\\Pipeline->Illuminate\\Pipeline\\{closure}()
#53 /home/bora/Projeler/enerjiyonetim/vendor/laravel/framework/src/Illuminate/Pipeline/Pipeline.php(171): Illuminate\\Foundation\\Http\\Middleware\\TransformsRequest->handle()
#54 /home/bora/Projeler/enerjiyonetim/vendor/laravel/framework/src/Illuminate/Foundation/Http/Middleware/ValidatePostSize.php(27): Illuminate\\Pipeline\\Pipeline->Illuminate\\Pipeline\\{closure}()
#55 /home/bora/Projeler/enerjiyonetim/vendor/laravel/framework/src/Illuminate/Pipeline/Pipeline.php(171): Illuminate\\Foundation\\Http\\Middleware\\ValidatePostSize->handle()
#56 /home/bora/Projeler/enerjiyonetim/vendor/laravel/framework/src/Illuminate/Foundation/Http/Middleware/CheckForMaintenanceMode.php(63): Illuminate\\Pipeline\\Pipeline->Illuminate\\Pipeline\\{closure}()
#57 /home/bora/Projeler/enerjiyonetim/vendor/laravel/framework/src/Illuminate/Pipeline/Pipeline.php(171): Illuminate\\Foundation\\Http\\Middleware\\CheckForMaintenanceMode->handle()
#58 /home/bora/Projeler/enerjiyonetim/vendor/fideloper/proxy/src/TrustProxies.php(57): Illuminate\\Pipeline\\Pipeline->Illuminate\\Pipeline\\{closure}()
#59 /home/bora/Projeler/enerjiyonetim/vendor/laravel/framework/src/Illuminate/Pipeline/Pipeline.php(171): Fideloper\\Proxy\\TrustProxies->handle()
#60 /home/bora/Projeler/enerjiyonetim/vendor/laravel/framework/src/Illuminate/Pipeline/Pipeline.php(105): Illuminate\\Pipeline\\Pipeline->Illuminate\\Pipeline\\{closure}()
#61 /home/bora/Projeler/enerjiyonetim/vendor/laravel/framework/src/Illuminate/Foundation/Http/Kernel.php(145): Illuminate\\Pipeline\\Pipeline->then()
#62 /home/bora/Projeler/enerjiyonetim/vendor/laravel/framework/src/Illuminate/Foundation/Http/Kernel.php(110): Illuminate\\Foundation\\Http\\Kernel->sendRequestThroughRouter()
#63 /home/bora/Projeler/enerjiyonetim/public/index.php(55): Illuminate\\Foundation\\Http\\Kernel->handle()
#64 /home/bora/Projeler/enerjiyonetim/server.php(21): require_once('/home/bora/Proj...')
#65 {main}
"} 
[2021-09-05 22:17:06] local.ERROR: Undefined variable: company_avatar (View: /home/bora/Projeler/enerjiyonetim/resources/views/vendor/voyager/dashboard/sidebar.blade.php) {"userId":1,"exception":"[object] (Facade\\Ignition\\Exceptions\\ViewException(code: 0): Undefined variable: company_avatar (View: /home/bora/Projeler/enerjiyonetim/resources/views/vendor/voyager/dashboard/sidebar.blade.php) at /home/bora/Projeler/enerjiyonetim/resources/views/vendor/voyager/dashboard/sidebar.blade.php:22)
[stacktrace]
#0 /home/bora/Projeler/enerjiyonetim/resources/views/vendor/voyager/dashboard/sidebar.blade.php(22): Illuminate\\Foundation\\Bootstrap\\HandleExceptions->handleError()
#1 /home/bora/Projeler/enerjiyonetim/vendor/laravel/framework/src/Illuminate/View/Engines/PhpEngine.php(43): include('/home/bora/Proj...')
#2 /home/bora/Projeler/enerjiyonetim/vendor/laravel/framework/src/Illuminate/View/Engines/CompilerEngine.php(59): Illuminate\\View\\Engines\\PhpEngine->evaluatePath()
#3 /home/bora/Projeler/enerjiyonetim/vendor/facade/ignition/src/Views/Engines/CompilerEngine.php(36): Illuminate\\View\\Engines\\CompilerEngine->get()
#4 /home/bora/Projeler/enerjiyonetim/vendor/laravel/framework/src/Illuminate/View/View.php(143): Facade\\Ignition\\Views\\Engines\\CompilerEngine->get()
#5 /home/bora/Projeler/enerjiyonetim/vendor/laravel/framework/src/Illuminate/View/View.php(126): Illuminate\\View\\View->getContents()
#6 /home/bora/Projeler/enerjiyonetim/vendor/laravel/framework/src/Illuminate/View/View.php(91): Illuminate\\View\\View->renderContents()
#7 /home/bora/Projeler/enerjiyonetim/vendor/tcg/voyager/src/../resources/views/master.blade.php(78): Illuminate\\View\\View->render()
#8 /home/bora/Projeler/enerjiyonetim/vendor/laravel/framework/src/Illuminate/View/Engines/PhpEngine.php(43): include('/home/bora/Proj...')
#9 /home/bora/Projeler/enerjiyonetim/vendor/laravel/framework/src/Illuminate/View/Engines/CompilerEngine.php(59): Illuminate\\View\\Engines\\PhpEngine->evaluatePath()
#10 /home/bora/Projeler/enerjiyonetim/vendor/facade/ignition/src/Views/Engines/CompilerEngine.php(36): Illuminate\\View\\Engines\\CompilerEngine->get()
#11 /home/bora/Projeler/enerjiyonetim/vendor/laravel/framework/src/Illuminate/View/View.php(143): Facade\\Ignition\\Views\\Engines\\CompilerEngine->get()
#12 /home/bora/Projeler/enerjiyonetim/vendor/laravel/framework/src/Illuminate/View/View.php(126): Illuminate\\View\\View->getContents()
#13 /home/bora/Projeler/enerjiyonetim/vendor/laravel/framework/src/Illuminate/View/View.php(91): Illuminate\\View\\View->renderContents()
#14 /home/bora/Projeler/enerjiyonetim/vendor/tcg/voyager/src/../resources/views/index.blade.php(475): Illuminate\\View\\View->render()
#15 /home/bora/Projeler/enerjiyonetim/vendor/laravel/framework/src/Illuminate/View/Engines/PhpEngine.php(43): include('/home/bora/Proj...')
#16 /home/bora/Projeler/enerjiyonetim/vendor/laravel/framework/src/Illuminate/View/Engines/CompilerEngine.php(59): Illuminate\\View\\Engines\\PhpEngine->evaluatePath()
#17 /home/bora/Projeler/enerjiyonetim/vendor/facade/ignition/src/Views/Engines/CompilerEngine.php(36): Illuminate\\View\\Engines\\CompilerEngine->get()
#18 /home/bora/Projeler/enerjiyonetim/vendor/laravel/framework/src/Illuminate/View/View.php(143): Facade\\Ignition\\Views\\Engines\\CompilerEngine->get()
#19 /home/bora/Projeler/enerjiyonetim/vendor/laravel/framework/src/Illuminate/View/View.php(126): Illuminate\\View\\View->getContents()
#20 /home/bora/Projeler/enerjiyonetim/vendor/laravel/framework/src/Illuminate/View/View.php(91): Illuminate\\View\\View->renderContents()
#21 /home/bora/Projeler/enerjiyonetim/vendor/laravel/framework/src/Illuminate/Http/Response.php(42): Illuminate\\View\\View->render()
#22 /home/bora/Projeler/enerjiyonetim/vendor/symfony/http-foundation/Response.php(205): Illuminate\\Http\\Response->setContent()
#23 /home/bora/Projeler/enerjiyonetim/vendor/laravel/framework/src/Illuminate/Routing/Router.php(749): Symfony\\Component\\HttpFoundation\\Response->__construct()
#24 /home/bora/Projeler/enerjiyonetim/vendor/laravel/framework/src/Illuminate/Routing/Router.php(721): Illuminate\\Routing\\Router::toResponse()
#25 /home/bora/Projeler/enerjiyonetim/vendor/laravel/framework/src/Illuminate/Routing/Router.php(681): Illuminate\\Routing\\Router->prepareResponse()
#26 /home/bora/Projeler/enerjiyonetim/vendor/laravel/framework/src/Illuminate/Pipeline/Pipeline.php(130): Illuminate\\Routing\\Router->Illuminate\\Routing\\{closure}()
#27 /home/bora/Projeler/enerjiyonetim/vendor/tcg/voyager/src/Http/Middleware/VoyagerAdminMiddleware.php(26): Illuminate\\Pipeline\\Pipeline->Illuminate\\Pipeline\\{closure}()
#28 /home/bora/Projeler/enerjiyonetim/vendor/laravel/framework/src/Illuminate/Pipeline/Pipeline.php(171): TCG\\Voyager\\Http\\Middleware\\VoyagerAdminMiddleware->handle()
#29 /home/bora/Projeler/enerjiyonetim/app/Http/Middleware/SetCompany.php(46): Illuminate\\Pipeline\\Pipeline->Illuminate\\Pipeline\\{closure}()
#30 /home/bora/Projeler/enerjiyonetim/vendor/laravel/framework/src/Illuminate/Pipeline/Pipeline.php(171): App\\Http\\Middleware\\SetCompany->handle()
#31 /home/bora/Projeler/enerjiyonetim/vendor/laravel/framework/src/Illuminate/Routing/Middleware/SubstituteBindings.php(41): Illuminate\\Pipeline\\Pipeline->Illuminate\\Pipeline\\{closure}()
#32 /home/bora/Projeler/enerjiyonetim/vendor/laravel/framework/src/Illuminate/Pipeline/Pipeline.php(171): Illuminate\\Routing\\Middleware\\SubstituteBindings->handle()
#33 /home/bora/Projeler/enerjiyonetim/vendor/laravel/framework/src/Illuminate/Foundation/Http/Middleware/VerifyCsrfToken.php(78): Illuminate\\Pipeline\\Pipeline->Illuminate\\Pipeline\\{closure}()
#34 /home/bora/Projeler/enerjiyonetim/vendor/laravel/framework/src/Illuminate/Pipeline/Pipeline.php(171): Illuminate\\Foundation\\Http\\Middleware\\VerifyCsrfToken->handle()
#35 /home/bora/Projeler/enerjiyonetim/vendor/laravel/framework/src/Illuminate/View/Middleware/ShareErrorsFromSession.php(49): Illuminate\\Pipeline\\Pipeline->Illuminate\\Pipeline\\{closure}()
#36 /home/bora/Projeler/enerjiyonetim/vendor/laravel/framework/src/Illuminate/Pipeline/Pipeline.php(171): Illuminate\\View\\Middleware\\ShareErrorsFromSession->handle()
#37 /home/bora/Projeler/enerjiyonetim/vendor/laravel/framework/src/Illuminate/Session/Middleware/StartSession.php(56): Illuminate\\Pipeline\\Pipeline->Illuminate\\Pipeline\\{closure}()
#38 /home/bora/Projeler/enerjiyonetim/vendor/laravel/framework/src/Illuminate/Pipeline/Pipeline.php(171): Illuminate\\Session\\Middleware\\StartSession->handle()
#39 /home/bora/Projeler/enerjiyonetim/vendor/laravel/framework/src/Illuminate/Cookie/Middleware/AddQueuedCookiesToResponse.php(37): Illuminate\\Pipeline\\Pipeline->Illuminate\\Pipeline\\{closure}()
#40 /home/bora/Projeler/enerjiyonetim/vendor/laravel/framework/src/Illuminate/Pipeline/Pipeline.php(171): Illuminate\\Cookie\\Middleware\\AddQueuedCookiesToResponse->handle()
#41 /home/bora/Projeler/enerjiyonetim/vendor/laravel/framework/src/Illuminate/Cookie/Middleware/EncryptCookies.php(67): Illuminate\\Pipeline\\Pipeline->Illuminate\\Pipeline\\{closure}()
#42 /home/bora/Projeler/enerjiyonetim/vendor/laravel/framework/src/Illuminate/Pipeline/Pipeline.php(171): Illuminate\\Cookie\\Middleware\\EncryptCookies->handle()
#43 /home/bora/Projeler/enerjiyonetim/vendor/laravel/framework/src/Illuminate/Pipeline/Pipeline.php(105): Illuminate\\Pipeline\\Pipeline->Illuminate\\Pipeline\\{closure}()
#44 /home/bora/Projeler/enerjiyonetim/vendor/laravel/framework/src/Illuminate/Routing/Router.php(683): Illuminate\\Pipeline\\Pipeline->then()
#45 /home/bora/Projeler/enerjiyonetim/vendor/laravel/framework/src/Illuminate/Routing/Router.php(658): Illuminate\\Routing\\Router->runRouteWithinStack()
#46 /home/bora/Projeler/enerjiyonetim/vendor/laravel/framework/src/Illuminate/Routing/Router.php(624): Illuminate\\Routing\\Router->runRoute()
#47 /home/bora/Projeler/enerjiyonetim/vendor/laravel/framework/src/Illuminate/Routing/Router.php(613): Illuminate\\Routing\\Router->dispatchToRoute()
#48 /home/bora/Projeler/enerjiyonetim/vendor/laravel/framework/src/Illuminate/Foundation/Http/Kernel.php(170): Illuminate\\Routing\\Router->dispatch()
#49 /home/bora/Projeler/enerjiyonetim/vendor/laravel/framework/src/Illuminate/Pipeline/Pipeline.php(130): Illuminate\\Foundation\\Http\\Kernel->Illuminate\\Foundation\\Http\\{closure}()
#50 /home/bora/Projeler/enerjiyonetim/vendor/laravel/framework/src/Illuminate/Foundation/Http/Middleware/TransformsRequest.php(21): Illuminate\\Pipeline\\Pipeline->Illuminate\\Pipeline\\{closure}()
#51 /home/bora/Projeler/enerjiyonetim/vendor/laravel/framework/src/Illuminate/Pipeline/Pipeline.php(171): Illuminate\\Foundation\\Http\\Middleware\\TransformsRequest->handle()
#52 /home/bora/Projeler/enerjiyonetim/vendor/laravel/framework/src/Illuminate/Foundation/Http/Middleware/TransformsRequest.php(21): Illuminate\\Pipeline\\Pipeline->Illuminate\\Pipeline\\{closure}()
#53 /home/bora/Projeler/enerjiyonetim/vendor/laravel/framework/src/Illuminate/Pipeline/Pipeline.php(171): Illuminate\\Foundation\\Http\\Middleware\\TransformsRequest->handle()
#54 /home/bora/Projeler/enerjiyonetim/vendor/laravel/framework/src/Illuminate/Foundation/Http/Middleware/ValidatePostSize.php(27): Illuminate\\Pipeline\\Pipeline->Illuminate\\Pipeline\\{closure}()
#55 /home/bora/Projeler/enerjiyonetim/vendor/laravel/framework/src/Illuminate/Pipeline/Pipeline.php(171): Illuminate\\Foundation\\Http\\Middleware\\ValidatePostSize->handle()
#56 /home/bora/Projeler/enerjiyonetim/vendor/laravel/framework/src/Illuminate/Foundation/Http/Middleware/CheckForMaintenanceMode.php(63): Illuminate\\Pipeline\\Pipeline->Illuminate\\Pipeline\\{closure}()
#57 /home/bora/Projeler/enerjiyonetim/vendor/laravel/framework/src/Illuminate/Pipeline/Pipeline.php(171): Illuminate\\Foundation\\Http\\Middleware\\CheckForMaintenanceMode->handle()
#58 /home/bora/Projeler/enerjiyonetim/vendor/fideloper/proxy/src/TrustProxies.php(57): Illuminate\\Pipeline\\Pipeline->Illuminate\\Pipeline\\{closure}()
#59 /home/bora/Projeler/enerjiyonetim/vendor/laravel/framework/src/Illuminate/Pipeline/Pipeline.php(171): Fideloper\\Proxy\\TrustProxies->handle()
#60 /home/bora/Projeler/enerjiyonetim/vendor/laravel/framework/src/Illuminate/Pipeline/Pipeline.php(105): Illuminate\\Pipeline\\Pipeline->Illuminate\\Pipeline\\{closure}()
#61 /home/bora/Projeler/enerjiyonetim/vendor/laravel/framework/src/Illuminate/Foundation/Http/Kernel.php(145): Illuminate\\Pipeline\\Pipeline->then()
#62 /home/bora/Projeler/enerjiyonetim/vendor/laravel/framework/src/Illuminate/Foundation/Http/Kernel.php(110): Illuminate\\Foundation\\Http\\Kernel->sendRequestThroughRouter()
#63 /home/bora/Projeler/enerjiyonetim/public/index.php(55): Illuminate\\Foundation\\Http\\Kernel->handle()
#64 /home/bora/Projeler/enerjiyonetim/server.php(21): require_once('/home/bora/Proj...')
#65 {main}

[previous exception] [object] (ErrorException(code: 0): Undefined variable: company_avatar at /home/bora/Projeler/enerjiyonetim/storage/framework/views/d75c2f1df9ebfad024243c8161e947a023c382a6.php:22)
[stacktrace]
#0 /home/bora/Projeler/enerjiyonetim/storage/framework/views/d75c2f1df9ebfad024243c8161e947a023c382a6.php(22): Illuminate\\Foundation\\Bootstrap\\HandleExceptions->handleError()
#1 /home/bora/Projeler/enerjiyonetim/vendor/laravel/framework/src/Illuminate/View/Engines/PhpEngine.php(43): include('/home/bora/Proj...')
#2 /home/bora/Projeler/enerjiyonetim/vendor/laravel/framework/src/Illuminate/View/Engines/CompilerEngine.php(59): Illuminate\\View\\Engines\\PhpEngine->evaluatePath()
#3 /home/bora/Projeler/enerjiyonetim/vendor/facade/ignition/src/Views/Engines/CompilerEngine.php(36): Illuminate\\View\\Engines\\CompilerEngine->get()
#4 /home/bora/Projeler/enerjiyonetim/vendor/laravel/framework/src/Illuminate/View/View.php(143): Facade\\Ignition\\Views\\Engines\\CompilerEngine->get()
#5 /home/bora/Projeler/enerjiyonetim/vendor/laravel/framework/src/Illuminate/View/View.php(126): Illuminate\\View\\View->getContents()
#6 /home/bora/Projeler/enerjiyonetim/vendor/laravel/framework/src/Illuminate/View/View.php(91): Illuminate\\View\\View->renderContents()
#7 /home/bora/Projeler/enerjiyonetim/storage/framework/views/dd14314686640a3c4413d3e270234415c06bf6f1.php(78): Illuminate\\View\\View->render()
#8 /home/bora/Projeler/enerjiyonetim/vendor/laravel/framework/src/Illuminate/View/Engines/PhpEngine.php(43): include('/home/bora/Proj...')
#9 /home/bora/Projeler/enerjiyonetim/vendor/laravel/framework/src/Illuminate/View/Engines/CompilerEngine.php(59): Illuminate\\View\\Engines\\PhpEngine->evaluatePath()
#10 /home/bora/Projeler/enerjiyonetim/vendor/facade/ignition/src/Views/Engines/CompilerEngine.php(36): Illuminate\\View\\Engines\\CompilerEngine->get()
#11 /home/bora/Projeler/enerjiyonetim/vendor/laravel/framework/src/Illuminate/View/View.php(143): Facade\\Ignition\\Views\\Engines\\CompilerEngine->get()
#12 /home/bora/Projeler/enerjiyonetim/vendor/laravel/framework/src/Illuminate/View/View.php(126): Illuminate\\View\\View->getContents()
#13 /home/bora/Projeler/enerjiyonetim/vendor/laravel/framework/src/Illuminate/View/View.php(91): Illuminate\\View\\View->renderContents()
#14 /home/bora/Projeler/enerjiyonetim/storage/framework/views/81f6293fce84d6d3ccdbd4ee4d57452b774a20ba.php(475): Illuminate\\View\\View->render()
#15 /home/bora/Projeler/enerjiyonetim/vendor/laravel/framework/src/Illuminate/View/Engines/PhpEngine.php(43): include('/home/bora/Proj...')
#16 /home/bora/Projeler/enerjiyonetim/vendor/laravel/framework/src/Illuminate/View/Engines/CompilerEngine.php(59): Illuminate\\View\\Engines\\PhpEngine->evaluatePath()
#17 /home/bora/Projeler/enerjiyonetim/vendor/facade/ignition/src/Views/Engines/CompilerEngine.php(36): Illuminate\\View\\Engines\\CompilerEngine->get()
#18 /home/bora/Projeler/enerjiyonetim/vendor/laravel/framework/src/Illuminate/View/View.php(143): Facade\\Ignition\\Views\\Engines\\CompilerEngine->get()
#19 /home/bora/Projeler/enerjiyonetim/vendor/laravel/framework/src/Illuminate/View/View.php(126): Illuminate\\View\\View->getContents()
#20 /home/bora/Projeler/enerjiyonetim/vendor/laravel/framework/src/Illuminate/View/View.php(91): Illuminate\\View\\View->renderContents()
#21 /home/bora/Projeler/enerjiyonetim/vendor/laravel/framework/src/Illuminate/Http/Response.php(42): Illuminate\\View\\View->render()
#22 /home/bora/Projeler/enerjiyonetim/vendor/symfony/http-foundation/Response.php(205): Illuminate\\Http\\Response->setContent()
#23 /home/bora/Projeler/enerjiyonetim/vendor/laravel/framework/src/Illuminate/Routing/Router.php(749): Symfony\\Component\\HttpFoundation\\Response->__construct()
#24 /home/bora/Projeler/enerjiyonetim/vendor/laravel/framework/src/Illuminate/Routing/Router.php(721): Illuminate\\Routing\\Router::toResponse()
#25 /home/bora/Projeler/enerjiyonetim/vendor/laravel/framework/src/Illuminate/Routing/Router.php(681): Illuminate\\Routing\\Router->prepareResponse()
#26 /home/bora/Projeler/enerjiyonetim/vendor/laravel/framework/src/Illuminate/Pipeline/Pipeline.php(130): Illuminate\\Routing\\Router->Illuminate\\Routing\\{closure}()
#27 /home/bora/Projeler/enerjiyonetim/vendor/tcg/voyager/src/Http/Middleware/VoyagerAdminMiddleware.php(26): Illuminate\\Pipeline\\Pipeline->Illuminate\\Pipeline\\{closure}()
#28 /home/bora/Projeler/enerjiyonetim/vendor/laravel/framework/src/Illuminate/Pipeline/Pipeline.php(171): TCG\\Voyager\\Http\\Middleware\\VoyagerAdminMiddleware->handle()
#29 /home/bora/Projeler/enerjiyonetim/app/Http/Middleware/SetCompany.php(46): Illuminate\\Pipeline\\Pipeline->Illuminate\\Pipeline\\{closure}()
#30 /home/bora/Projeler/enerjiyonetim/vendor/laravel/framework/src/Illuminate/Pipeline/Pipeline.php(171): App\\Http\\Middleware\\SetCompany->handle()
#31 /home/bora/Projeler/enerjiyonetim/vendor/laravel/framework/src/Illuminate/Routing/Middleware/SubstituteBindings.php(41): Illuminate\\Pipeline\\Pipeline->Illuminate\\Pipeline\\{closure}()
#32 /home/bora/Projeler/enerjiyonetim/vendor/laravel/framework/src/Illuminate/Pipeline/Pipeline.php(171): Illuminate\\Routing\\Middleware\\SubstituteBindings->handle()
#33 /home/bora/Projeler/enerjiyonetim/vendor/laravel/framework/src/Illuminate/Foundation/Http/Middleware/VerifyCsrfToken.php(78): Illuminate\\Pipeline\\Pipeline->Illuminate\\Pipeline\\{closure}()
#34 /home/bora/Projeler/enerjiyonetim/vendor/laravel/framework/src/Illuminate/Pipeline/Pipeline.php(171): Illuminate\\Foundation\\Http\\Middleware\\VerifyCsrfToken->handle()
#35 /home/bora/Projeler/enerjiyonetim/vendor/laravel/framework/src/Illuminate/View/Middleware/ShareErrorsFromSession.php(49): Illuminate\\Pipeline\\Pipeline->Illuminate\\Pipeline\\{closure}()
#36 /home/bora/Projeler/enerjiyonetim/vendor/laravel/framework/src/Illuminate/Pipeline/Pipeline.php(171): Illuminate\\View\\Middleware\\ShareErrorsFromSession->handle()
#37 /home/bora/Projeler/enerjiyonetim/vendor/laravel/framework/src/Illuminate/Session/Middleware/StartSession.php(56): Illuminate\\Pipeline\\Pipeline->Illuminate\\Pipeline\\{closure}()
#38 /home/bora/Projeler/enerjiyonetim/vendor/laravel/framework/src/Illuminate/Pipeline/Pipeline.php(171): Illuminate\\Session\\Middleware\\StartSession->handle()
#39 /home/bora/Projeler/enerjiyonetim/vendor/laravel/framework/src/Illuminate/Cookie/Middleware/AddQueuedCookiesToResponse.php(37): Illuminate\\Pipeline\\Pipeline->Illuminate\\Pipeline\\{closure}()
#40 /home/bora/Projeler/enerjiyonetim/vendor/laravel/framework/src/Illuminate/Pipeline/Pipeline.php(171): Illuminate\\Cookie\\Middleware\\AddQueuedCookiesToResponse->handle()
#41 /home/bora/Projeler/enerjiyonetim/vendor/laravel/framework/src/Illuminate/Cookie/Middleware/EncryptCookies.php(67): Illuminate\\Pipeline\\Pipeline->Illuminate\\Pipeline\\{closure}()
#42 /home/bora/Projeler/enerjiyonetim/vendor/laravel/framework/src/Illuminate/Pipeline/Pipeline.php(171): Illuminate\\Cookie\\Middleware\\EncryptCookies->handle()
#43 /home/bora/Projeler/enerjiyonetim/vendor/laravel/framework/src/Illuminate/Pipeline/Pipeline.php(105): Illuminate\\Pipeline\\Pipeline->Illuminate\\Pipeline\\{closure}()
#44 /home/bora/Projeler/enerjiyonetim/vendor/laravel/framework/src/Illuminate/Routing/Router.php(683): Illuminate\\Pipeline\\Pipeline->then()
#45 /home/bora/Projeler/enerjiyonetim/vendor/laravel/framework/src/Illuminate/Routing/Router.php(658): Illuminate\\Routing\\Router->runRouteWithinStack()
#46 /home/bora/Projeler/enerjiyonetim/vendor/laravel/framework/src/Illuminate/Routing/Router.php(624): Illuminate\\Routing\\Router->runRoute()
#47 /home/bora/Projeler/enerjiyonetim/vendor/laravel/framework/src/Illuminate/Routing/Router.php(613): Illuminate\\Routing\\Router->dispatchToRoute()
#48 /home/bora/Projeler/enerjiyonetim/vendor/laravel/framework/src/Illuminate/Foundation/Http/Kernel.php(170): Illuminate\\Routing\\Router->dispatch()
#49 /home/bora/Projeler/enerjiyonetim/vendor/laravel/framework/src/Illuminate/Pipeline/Pipeline.php(130): Illuminate\\Foundation\\Http\\Kernel->Illuminate\\Foundation\\Http\\{closure}()
#50 /home/bora/Projeler/enerjiyonetim/vendor/laravel/framework/src/Illuminate/Foundation/Http/Middleware/TransformsRequest.php(21): Illuminate\\Pipeline\\Pipeline->Illuminate\\Pipeline\\{closure}()
#51 /home/bora/Projeler/enerjiyonetim/vendor/laravel/framework/src/Illuminate/Pipeline/Pipeline.php(171): Illuminate\\Foundation\\Http\\Middleware\\TransformsRequest->handle()
#52 /home/bora/Projeler/enerjiyonetim/vendor/laravel/framework/src/Illuminate/Foundation/Http/Middleware/TransformsRequest.php(21): Illuminate\\Pipeline\\Pipeline->Illuminate\\Pipeline\\{closure}()
#53 /home/bora/Projeler/enerjiyonetim/vendor/laravel/framework/src/Illuminate/Pipeline/Pipeline.php(171): Illuminate\\Foundation\\Http\\Middleware\\TransformsRequest->handle()
#54 /home/bora/Projeler/enerjiyonetim/vendor/laravel/framework/src/Illuminate/Foundation/Http/Middleware/ValidatePostSize.php(27): Illuminate\\Pipeline\\Pipeline->Illuminate\\Pipeline\\{closure}()
#55 /home/bora/Projeler/enerjiyonetim/vendor/laravel/framework/src/Illuminate/Pipeline/Pipeline.php(171): Illuminate\\Foundation\\Http\\Middleware\\ValidatePostSize->handle()
#56 /home/bora/Projeler/enerjiyonetim/vendor/laravel/framework/src/Illuminate/Foundation/Http/Middleware/CheckForMaintenanceMode.php(63): Illuminate\\Pipeline\\Pipeline->Illuminate\\Pipeline\\{closure}()
#57 /home/bora/Projeler/enerjiyonetim/vendor/laravel/framework/src/Illuminate/Pipeline/Pipeline.php(171): Illuminate\\Foundation\\Http\\Middleware\\CheckForMaintenanceMode->handle()
#58 /home/bora/Projeler/enerjiyonetim/vendor/fideloper/proxy/src/TrustProxies.php(57): Illuminate\\Pipeline\\Pipeline->Illuminate\\Pipeline\\{closure}()
#59 /home/bora/Projeler/enerjiyonetim/vendor/laravel/framework/src/Illuminate/Pipeline/Pipeline.php(171): Fideloper\\Proxy\\TrustProxies->handle()
#60 /home/bora/Projeler/enerjiyonetim/vendor/laravel/framework/src/Illuminate/Pipeline/Pipeline.php(105): Illuminate\\Pipeline\\Pipeline->Illuminate\\Pipeline\\{closure}()
#61 /home/bora/Projeler/enerjiyonetim/vendor/laravel/framework/src/Illuminate/Foundation/Http/Kernel.php(145): Illuminate\\Pipeline\\Pipeline->then()
#62 /home/bora/Projeler/enerjiyonetim/vendor/laravel/framework/src/Illuminate/Foundation/Http/Kernel.php(110): Illuminate\\Foundation\\Http\\Kernel->sendRequestThroughRouter()
#63 /home/bora/Projeler/enerjiyonetim/public/index.php(55): Illuminate\\Foundation\\Http\\Kernel->handle()
#64 /home/bora/Projeler/enerjiyonetim/server.php(21): require_once('/home/bora/Proj...')
#65 {main}
"} 
[2021-09-05 22:17:17] local.ERROR: Undefined variable: company_avatar (View: /home/bora/Projeler/enerjiyonetim/resources/views/vendor/voyager/dashboard/sidebar.blade.php) {"userId":1,"exception":"[object] (Facade\\Ignition\\Exceptions\\ViewException(code: 0): Undefined variable: company_avatar (View: /home/bora/Projeler/enerjiyonetim/resources/views/vendor/voyager/dashboard/sidebar.blade.php) at /home/bora/Projeler/enerjiyonetim/resources/views/vendor/voyager/dashboard/sidebar.blade.php:22)
[stacktrace]
#0 /home/bora/Projeler/enerjiyonetim/resources/views/vendor/voyager/dashboard/sidebar.blade.php(22): Illuminate\\Foundation\\Bootstrap\\HandleExceptions->handleError()
#1 /home/bora/Projeler/enerjiyonetim/vendor/laravel/framework/src/Illuminate/View/Engines/PhpEngine.php(43): include('/home/bora/Proj...')
#2 /home/bora/Projeler/enerjiyonetim/vendor/laravel/framework/src/Illuminate/View/Engines/CompilerEngine.php(59): Illuminate\\View\\Engines\\PhpEngine->evaluatePath()
#3 /home/bora/Projeler/enerjiyonetim/vendor/facade/ignition/src/Views/Engines/CompilerEngine.php(36): Illuminate\\View\\Engines\\CompilerEngine->get()
#4 /home/bora/Projeler/enerjiyonetim/vendor/laravel/framework/src/Illuminate/View/View.php(143): Facade\\Ignition\\Views\\Engines\\CompilerEngine->get()
#5 /home/bora/Projeler/enerjiyonetim/vendor/laravel/framework/src/Illuminate/View/View.php(126): Illuminate\\View\\View->getContents()
#6 /home/bora/Projeler/enerjiyonetim/vendor/laravel/framework/src/Illuminate/View/View.php(91): Illuminate\\View\\View->renderContents()
#7 /home/bora/Projeler/enerjiyonetim/vendor/tcg/voyager/src/../resources/views/master.blade.php(78): Illuminate\\View\\View->render()
#8 /home/bora/Projeler/enerjiyonetim/vendor/laravel/framework/src/Illuminate/View/Engines/PhpEngine.php(43): include('/home/bora/Proj...')
#9 /home/bora/Projeler/enerjiyonetim/vendor/laravel/framework/src/Illuminate/View/Engines/CompilerEngine.php(59): Illuminate\\View\\Engines\\PhpEngine->evaluatePath()
#10 /home/bora/Projeler/enerjiyonetim/vendor/facade/ignition/src/Views/Engines/CompilerEngine.php(36): Illuminate\\View\\Engines\\CompilerEngine->get()
#11 /home/bora/Projeler/enerjiyonetim/vendor/laravel/framework/src/Illuminate/View/View.php(143): Facade\\Ignition\\Views\\Engines\\CompilerEngine->get()
#12 /home/bora/Projeler/enerjiyonetim/vendor/laravel/framework/src/Illuminate/View/View.php(126): Illuminate\\View\\View->getContents()
#13 /home/bora/Projeler/enerjiyonetim/vendor/laravel/framework/src/Illuminate/View/View.php(91): Illuminate\\View\\View->renderContents()
#14 /home/bora/Projeler/enerjiyonetim/vendor/tcg/voyager/src/../resources/views/index.blade.php(475): Illuminate\\View\\View->render()
#15 /home/bora/Projeler/enerjiyonetim/vendor/laravel/framework/src/Illuminate/View/Engines/PhpEngine.php(43): include('/home/bora/Proj...')
#16 /home/bora/Projeler/enerjiyonetim/vendor/laravel/framework/src/Illuminate/View/Engines/CompilerEngine.php(59): Illuminate\\View\\Engines\\PhpEngine->evaluatePath()
#17 /home/bora/Projeler/enerjiyonetim/vendor/facade/ignition/src/Views/Engines/CompilerEngine.php(36): Illuminate\\View\\Engines\\CompilerEngine->get()
#18 /home/bora/Projeler/enerjiyonetim/vendor/laravel/framework/src/Illuminate/View/View.php(143): Facade\\Ignition\\Views\\Engines\\CompilerEngine->get()
#19 /home/bora/Projeler/enerjiyonetim/vendor/laravel/framework/src/Illuminate/View/View.php(126): Illuminate\\View\\View->getContents()
#20 /home/bora/Projeler/enerjiyonetim/vendor/laravel/framework/src/Illuminate/View/View.php(91): Illuminate\\View\\View->renderContents()
#21 /home/bora/Projeler/enerjiyonetim/vendor/laravel/framework/src/Illuminate/Http/Response.php(42): Illuminate\\View\\View->render()
#22 /home/bora/Projeler/enerjiyonetim/vendor/symfony/http-foundation/Response.php(205): Illuminate\\Http\\Response->setContent()
#23 /home/bora/Projeler/enerjiyonetim/vendor/laravel/framework/src/Illuminate/Routing/Router.php(749): Symfony\\Component\\HttpFoundation\\Response->__construct()
#24 /home/bora/Projeler/enerjiyonetim/vendor/laravel/framework/src/Illuminate/Routing/Router.php(721): Illuminate\\Routing\\Router::toResponse()
#25 /home/bora/Projeler/enerjiyonetim/vendor/laravel/framework/src/Illuminate/Routing/Router.php(681): Illuminate\\Routing\\Router->prepareResponse()
#26 /home/bora/Projeler/enerjiyonetim/vendor/laravel/framework/src/Illuminate/Pipeline/Pipeline.php(130): Illuminate\\Routing\\Router->Illuminate\\Routing\\{closure}()
#27 /home/bora/Projeler/enerjiyonetim/vendor/tcg/voyager/src/Http/Middleware/VoyagerAdminMiddleware.php(26): Illuminate\\Pipeline\\Pipeline->Illuminate\\Pipeline\\{closure}()
#28 /home/bora/Projeler/enerjiyonetim/vendor/laravel/framework/src/Illuminate/Pipeline/Pipeline.php(171): TCG\\Voyager\\Http\\Middleware\\VoyagerAdminMiddleware->handle()
#29 /home/bora/Projeler/enerjiyonetim/app/Http/Middleware/SetCompany.php(46): Illuminate\\Pipeline\\Pipeline->Illuminate\\Pipeline\\{closure}()
#30 /home/bora/Projeler/enerjiyonetim/vendor/laravel/framework/src/Illuminate/Pipeline/Pipeline.php(171): App\\Http\\Middleware\\SetCompany->handle()
#31 /home/bora/Projeler/enerjiyonetim/vendor/laravel/framework/src/Illuminate/Routing/Middleware/SubstituteBindings.php(41): Illuminate\\Pipeline\\Pipeline->Illuminate\\Pipeline\\{closure}()
#32 /home/bora/Projeler/enerjiyonetim/vendor/laravel/framework/src/Illuminate/Pipeline/Pipeline.php(171): Illuminate\\Routing\\Middleware\\SubstituteBindings->handle()
#33 /home/bora/Projeler/enerjiyonetim/vendor/laravel/framework/src/Illuminate/Foundation/Http/Middleware/VerifyCsrfToken.php(78): Illuminate\\Pipeline\\Pipeline->Illuminate\\Pipeline\\{closure}()
#34 /home/bora/Projeler/enerjiyonetim/vendor/laravel/framework/src/Illuminate/Pipeline/Pipeline.php(171): Illuminate\\Foundation\\Http\\Middleware\\VerifyCsrfToken->handle()
#35 /home/bora/Projeler/enerjiyonetim/vendor/laravel/framework/src/Illuminate/View/Middleware/ShareErrorsFromSession.php(49): Illuminate\\Pipeline\\Pipeline->Illuminate\\Pipeline\\{closure}()
#36 /home/bora/Projeler/enerjiyonetim/vendor/laravel/framework/src/Illuminate/Pipeline/Pipeline.php(171): Illuminate\\View\\Middleware\\ShareErrorsFromSession->handle()
#37 /home/bora/Projeler/enerjiyonetim/vendor/laravel/framework/src/Illuminate/Session/Middleware/StartSession.php(56): Illuminate\\Pipeline\\Pipeline->Illuminate\\Pipeline\\{closure}()
#38 /home/bora/Projeler/enerjiyonetim/vendor/laravel/framework/src/Illuminate/Pipeline/Pipeline.php(171): Illuminate\\Session\\Middleware\\StartSession->handle()
#39 /home/bora/Projeler/enerjiyonetim/vendor/laravel/framework/src/Illuminate/Cookie/Middleware/AddQueuedCookiesToResponse.php(37): Illuminate\\Pipeline\\Pipeline->Illuminate\\Pipeline\\{closure}()
#40 /home/bora/Projeler/enerjiyonetim/vendor/laravel/framework/src/Illuminate/Pipeline/Pipeline.php(171): Illuminate\\Cookie\\Middleware\\AddQueuedCookiesToResponse->handle()
#41 /home/bora/Projeler/enerjiyonetim/vendor/laravel/framework/src/Illuminate/Cookie/Middleware/EncryptCookies.php(67): Illuminate\\Pipeline\\Pipeline->Illuminate\\Pipeline\\{closure}()
#42 /home/bora/Projeler/enerjiyonetim/vendor/laravel/framework/src/Illuminate/Pipeline/Pipeline.php(171): Illuminate\\Cookie\\Middleware\\EncryptCookies->handle()
#43 /home/bora/Projeler/enerjiyonetim/vendor/laravel/framework/src/Illuminate/Pipeline/Pipeline.php(105): Illuminate\\Pipeline\\Pipeline->Illuminate\\Pipeline\\{closure}()
#44 /home/bora/Projeler/enerjiyonetim/vendor/laravel/framework/src/Illuminate/Routing/Router.php(683): Illuminate\\Pipeline\\Pipeline->then()
#45 /home/bora/Projeler/enerjiyonetim/vendor/laravel/framework/src/Illuminate/Routing/Router.php(658): Illuminate\\Routing\\Router->runRouteWithinStack()
#46 /home/bora/Projeler/enerjiyonetim/vendor/laravel/framework/src/Illuminate/Routing/Router.php(624): Illuminate\\Routing\\Router->runRoute()
#47 /home/bora/Projeler/enerjiyonetim/vendor/laravel/framework/src/Illuminate/Routing/Router.php(613): Illuminate\\Routing\\Router->dispatchToRoute()
#48 /home/bora/Projeler/enerjiyonetim/vendor/laravel/framework/src/Illuminate/Foundation/Http/Kernel.php(170): Illuminate\\Routing\\Router->dispatch()
#49 /home/bora/Projeler/enerjiyonetim/vendor/laravel/framework/src/Illuminate/Pipeline/Pipeline.php(130): Illuminate\\Foundation\\Http\\Kernel->Illuminate\\Foundation\\Http\\{closure}()
#50 /home/bora/Projeler/enerjiyonetim/vendor/laravel/framework/src/Illuminate/Foundation/Http/Middleware/TransformsRequest.php(21): Illuminate\\Pipeline\\Pipeline->Illuminate\\Pipeline\\{closure}()
#51 /home/bora/Projeler/enerjiyonetim/vendor/laravel/framework/src/Illuminate/Pipeline/Pipeline.php(171): Illuminate\\Foundation\\Http\\Middleware\\TransformsRequest->handle()
#52 /home/bora/Projeler/enerjiyonetim/vendor/laravel/framework/src/Illuminate/Foundation/Http/Middleware/TransformsRequest.php(21): Illuminate\\Pipeline\\Pipeline->Illuminate\\Pipeline\\{closure}()
#53 /home/bora/Projeler/enerjiyonetim/vendor/laravel/framework/src/Illuminate/Pipeline/Pipeline.php(171): Illuminate\\Foundation\\Http\\Middleware\\TransformsRequest->handle()
#54 /home/bora/Projeler/enerjiyonetim/vendor/laravel/framework/src/Illuminate/Foundation/Http/Middleware/ValidatePostSize.php(27): Illuminate\\Pipeline\\Pipeline->Illuminate\\Pipeline\\{closure}()
#55 /home/bora/Projeler/enerjiyonetim/vendor/laravel/framework/src/Illuminate/Pipeline/Pipeline.php(171): Illuminate\\Foundation\\Http\\Middleware\\ValidatePostSize->handle()
#56 /home/bora/Projeler/enerjiyonetim/vendor/laravel/framework/src/Illuminate/Foundation/Http/Middleware/CheckForMaintenanceMode.php(63): Illuminate\\Pipeline\\Pipeline->Illuminate\\Pipeline\\{closure}()
#57 /home/bora/Projeler/enerjiyonetim/vendor/laravel/framework/src/Illuminate/Pipeline/Pipeline.php(171): Illuminate\\Foundation\\Http\\Middleware\\CheckForMaintenanceMode->handle()
#58 /home/bora/Projeler/enerjiyonetim/vendor/fideloper/proxy/src/TrustProxies.php(57): Illuminate\\Pipeline\\Pipeline->Illuminate\\Pipeline\\{closure}()
#59 /home/bora/Projeler/enerjiyonetim/vendor/laravel/framework/src/Illuminate/Pipeline/Pipeline.php(171): Fideloper\\Proxy\\TrustProxies->handle()
#60 /home/bora/Projeler/enerjiyonetim/vendor/laravel/framework/src/Illuminate/Pipeline/Pipeline.php(105): Illuminate\\Pipeline\\Pipeline->Illuminate\\Pipeline\\{closure}()
#61 /home/bora/Projeler/enerjiyonetim/vendor/laravel/framework/src/Illuminate/Foundation/Http/Kernel.php(145): Illuminate\\Pipeline\\Pipeline->then()
#62 /home/bora/Projeler/enerjiyonetim/vendor/laravel/framework/src/Illuminate/Foundation/Http/Kernel.php(110): Illuminate\\Foundation\\Http\\Kernel->sendRequestThroughRouter()
#63 /home/bora/Projeler/enerjiyonetim/public/index.php(55): Illuminate\\Foundation\\Http\\Kernel->handle()
#64 /home/bora/Projeler/enerjiyonetim/server.php(21): require_once('/home/bora/Proj...')
#65 {main}

[previous exception] [object] (ErrorException(code: 0): Undefined variable: company_avatar at /home/bora/Projeler/enerjiyonetim/storage/framework/views/d75c2f1df9ebfad024243c8161e947a023c382a6.php:22)
[stacktrace]
#0 /home/bora/Projeler/enerjiyonetim/storage/framework/views/d75c2f1df9ebfad024243c8161e947a023c382a6.php(22): Illuminate\\Foundation\\Bootstrap\\HandleExceptions->handleError()
#1 /home/bora/Projeler/enerjiyonetim/vendor/laravel/framework/src/Illuminate/View/Engines/PhpEngine.php(43): include('/home/bora/Proj...')
#2 /home/bora/Projeler/enerjiyonetim/vendor/laravel/framework/src/Illuminate/View/Engines/CompilerEngine.php(59): Illuminate\\View\\Engines\\PhpEngine->evaluatePath()
#3 /home/bora/Projeler/enerjiyonetim/vendor/facade/ignition/src/Views/Engines/CompilerEngine.php(36): Illuminate\\View\\Engines\\CompilerEngine->get()
#4 /home/bora/Projeler/enerjiyonetim/vendor/laravel/framework/src/Illuminate/View/View.php(143): Facade\\Ignition\\Views\\Engines\\CompilerEngine->get()
#5 /home/bora/Projeler/enerjiyonetim/vendor/laravel/framework/src/Illuminate/View/View.php(126): Illuminate\\View\\View->getContents()
#6 /home/bora/Projeler/enerjiyonetim/vendor/laravel/framework/src/Illuminate/View/View.php(91): Illuminate\\View\\View->renderContents()
#7 /home/bora/Projeler/enerjiyonetim/storage/framework/views/dd14314686640a3c4413d3e270234415c06bf6f1.php(78): Illuminate\\View\\View->render()
#8 /home/bora/Projeler/enerjiyonetim/vendor/laravel/framework/src/Illuminate/View/Engines/PhpEngine.php(43): include('/home/bora/Proj...')
#9 /home/bora/Projeler/enerjiyonetim/vendor/laravel/framework/src/Illuminate/View/Engines/CompilerEngine.php(59): Illuminate\\View\\Engines\\PhpEngine->evaluatePath()
#10 /home/bora/Projeler/enerjiyonetim/vendor/facade/ignition/src/Views/Engines/CompilerEngine.php(36): Illuminate\\View\\Engines\\CompilerEngine->get()
#11 /home/bora/Projeler/enerjiyonetim/vendor/laravel/framework/src/Illuminate/View/View.php(143): Facade\\Ignition\\Views\\Engines\\CompilerEngine->get()
#12 /home/bora/Projeler/enerjiyonetim/vendor/laravel/framework/src/Illuminate/View/View.php(126): Illuminate\\View\\View->getContents()
#13 /home/bora/Projeler/enerjiyonetim/vendor/laravel/framework/src/Illuminate/View/View.php(91): Illuminate\\View\\View->renderContents()
#14 /home/bora/Projeler/enerjiyonetim/storage/framework/views/81f6293fce84d6d3ccdbd4ee4d57452b774a20ba.php(475): Illuminate\\View\\View->render()
#15 /home/bora/Projeler/enerjiyonetim/vendor/laravel/framework/src/Illuminate/View/Engines/PhpEngine.php(43): include('/home/bora/Proj...')
#16 /home/bora/Projeler/enerjiyonetim/vendor/laravel/framework/src/Illuminate/View/Engines/CompilerEngine.php(59): Illuminate\\View\\Engines\\PhpEngine->evaluatePath()
#17 /home/bora/Projeler/enerjiyonetim/vendor/facade/ignition/src/Views/Engines/CompilerEngine.php(36): Illuminate\\View\\Engines\\CompilerEngine->get()
#18 /home/bora/Projeler/enerjiyonetim/vendor/laravel/framework/src/Illuminate/View/View.php(143): Facade\\Ignition\\Views\\Engines\\CompilerEngine->get()
#19 /home/bora/Projeler/enerjiyonetim/vendor/laravel/framework/src/Illuminate/View/View.php(126): Illuminate\\View\\View->getContents()
#20 /home/bora/Projeler/enerjiyonetim/vendor/laravel/framework/src/Illuminate/View/View.php(91): Illuminate\\View\\View->renderContents()
#21 /home/bora/Projeler/enerjiyonetim/vendor/laravel/framework/src/Illuminate/Http/Response.php(42): Illuminate\\View\\View->render()
#22 /home/bora/Projeler/enerjiyonetim/vendor/symfony/http-foundation/Response.php(205): Illuminate\\Http\\Response->setContent()
#23 /home/bora/Projeler/enerjiyonetim/vendor/laravel/framework/src/Illuminate/Routing/Router.php(749): Symfony\\Component\\HttpFoundation\\Response->__construct()
#24 /home/bora/Projeler/enerjiyonetim/vendor/laravel/framework/src/Illuminate/Routing/Router.php(721): Illuminate\\Routing\\Router::toResponse()
#25 /home/bora/Projeler/enerjiyonetim/vendor/laravel/framework/src/Illuminate/Routing/Router.php(681): Illuminate\\Routing\\Router->prepareResponse()
#26 /home/bora/Projeler/enerjiyonetim/vendor/laravel/framework/src/Illuminate/Pipeline/Pipeline.php(130): Illuminate\\Routing\\Router->Illuminate\\Routing\\{closure}()
#27 /home/bora/Projeler/enerjiyonetim/vendor/tcg/voyager/src/Http/Middleware/VoyagerAdminMiddleware.php(26): Illuminate\\Pipeline\\Pipeline->Illuminate\\Pipeline\\{closure}()
#28 /home/bora/Projeler/enerjiyonetim/vendor/laravel/framework/src/Illuminate/Pipeline/Pipeline.php(171): TCG\\Voyager\\Http\\Middleware\\VoyagerAdminMiddleware->handle()
#29 /home/bora/Projeler/enerjiyonetim/app/Http/Middleware/SetCompany.php(46): Illuminate\\Pipeline\\Pipeline->Illuminate\\Pipeline\\{closure}()
#30 /home/bora/Projeler/enerjiyonetim/vendor/laravel/framework/src/Illuminate/Pipeline/Pipeline.php(171): App\\Http\\Middleware\\SetCompany->handle()
#31 /home/bora/Projeler/enerjiyonetim/vendor/laravel/framework/src/Illuminate/Routing/Middleware/SubstituteBindings.php(41): Illuminate\\Pipeline\\Pipeline->Illuminate\\Pipeline\\{closure}()
#32 /home/bora/Projeler/enerjiyonetim/vendor/laravel/framework/src/Illuminate/Pipeline/Pipeline.php(171): Illuminate\\Routing\\Middleware\\SubstituteBindings->handle()
#33 /home/bora/Projeler/enerjiyonetim/vendor/laravel/framework/src/Illuminate/Foundation/Http/Middleware/VerifyCsrfToken.php(78): Illuminate\\Pipeline\\Pipeline->Illuminate\\Pipeline\\{closure}()
#34 /home/bora/Projeler/enerjiyonetim/vendor/laravel/framework/src/Illuminate/Pipeline/Pipeline.php(171): Illuminate\\Foundation\\Http\\Middleware\\VerifyCsrfToken->handle()
#35 /home/bora/Projeler/enerjiyonetim/vendor/laravel/framework/src/Illuminate/View/Middleware/ShareErrorsFromSession.php(49): Illuminate\\Pipeline\\Pipeline->Illuminate\\Pipeline\\{closure}()
#36 /home/bora/Projeler/enerjiyonetim/vendor/laravel/framework/src/Illuminate/Pipeline/Pipeline.php(171): Illuminate\\View\\Middleware\\ShareErrorsFromSession->handle()
#37 /home/bora/Projeler/enerjiyonetim/vendor/laravel/framework/src/Illuminate/Session/Middleware/StartSession.php(56): Illuminate\\Pipeline\\Pipeline->Illuminate\\Pipeline\\{closure}()
#38 /home/bora/Projeler/enerjiyonetim/vendor/laravel/framework/src/Illuminate/Pipeline/Pipeline.php(171): Illuminate\\Session\\Middleware\\StartSession->handle()
#39 /home/bora/Projeler/enerjiyonetim/vendor/laravel/framework/src/Illuminate/Cookie/Middleware/AddQueuedCookiesToResponse.php(37): Illuminate\\Pipeline\\Pipeline->Illuminate\\Pipeline\\{closure}()
#40 /home/bora/Projeler/enerjiyonetim/vendor/laravel/framework/src/Illuminate/Pipeline/Pipeline.php(171): Illuminate\\Cookie\\Middleware\\AddQueuedCookiesToResponse->handle()
#41 /home/bora/Projeler/enerjiyonetim/vendor/laravel/framework/src/Illuminate/Cookie/Middleware/EncryptCookies.php(67): Illuminate\\Pipeline\\Pipeline->Illuminate\\Pipeline\\{closure}()
#42 /home/bora/Projeler/enerjiyonetim/vendor/laravel/framework/src/Illuminate/Pipeline/Pipeline.php(171): Illuminate\\Cookie\\Middleware\\EncryptCookies->handle()
#43 /home/bora/Projeler/enerjiyonetim/vendor/laravel/framework/src/Illuminate/Pipeline/Pipeline.php(105): Illuminate\\Pipeline\\Pipeline->Illuminate\\Pipeline\\{closure}()
#44 /home/bora/Projeler/enerjiyonetim/vendor/laravel/framework/src/Illuminate/Routing/Router.php(683): Illuminate\\Pipeline\\Pipeline->then()
#45 /home/bora/Projeler/enerjiyonetim/vendor/laravel/framework/src/Illuminate/Routing/Router.php(658): Illuminate\\Routing\\Router->runRouteWithinStack()
#46 /home/bora/Projeler/enerjiyonetim/vendor/laravel/framework/src/Illuminate/Routing/Router.php(624): Illuminate\\Routing\\Router->runRoute()
#47 /home/bora/Projeler/enerjiyonetim/vendor/laravel/framework/src/Illuminate/Routing/Router.php(613): Illuminate\\Routing\\Router->dispatchToRoute()
#48 /home/bora/Projeler/enerjiyonetim/vendor/laravel/framework/src/Illuminate/Foundation/Http/Kernel.php(170): Illuminate\\Routing\\Router->dispatch()
#49 /home/bora/Projeler/enerjiyonetim/vendor/laravel/framework/src/Illuminate/Pipeline/Pipeline.php(130): Illuminate\\Foundation\\Http\\Kernel->Illuminate\\Foundation\\Http\\{closure}()
#50 /home/bora/Projeler/enerjiyonetim/vendor/laravel/framework/src/Illuminate/Foundation/Http/Middleware/TransformsRequest.php(21): Illuminate\\Pipeline\\Pipeline->Illuminate\\Pipeline\\{closure}()
#51 /home/bora/Projeler/enerjiyonetim/vendor/laravel/framework/src/Illuminate/Pipeline/Pipeline.php(171): Illuminate\\Foundation\\Http\\Middleware\\TransformsRequest->handle()
#52 /home/bora/Projeler/enerjiyonetim/vendor/laravel/framework/src/Illuminate/Foundation/Http/Middleware/TransformsRequest.php(21): Illuminate\\Pipeline\\Pipeline->Illuminate\\Pipeline\\{closure}()
#53 /home/bora/Projeler/enerjiyonetim/vendor/laravel/framework/src/Illuminate/Pipeline/Pipeline.php(171): Illuminate\\Foundation\\Http\\Middleware\\TransformsRequest->handle()
#54 /home/bora/Projeler/enerjiyonetim/vendor/laravel/framework/src/Illuminate/Foundation/Http/Middleware/ValidatePostSize.php(27): Illuminate\\Pipeline\\Pipeline->Illuminate\\Pipeline\\{closure}()
#55 /home/bora/Projeler/enerjiyonetim/vendor/laravel/framework/src/Illuminate/Pipeline/Pipeline.php(171): Illuminate\\Foundation\\Http\\Middleware\\ValidatePostSize->handle()
#56 /home/bora/Projeler/enerjiyonetim/vendor/laravel/framework/src/Illuminate/Foundation/Http/Middleware/CheckForMaintenanceMode.php(63): Illuminate\\Pipeline\\Pipeline->Illuminate\\Pipeline\\{closure}()
#57 /home/bora/Projeler/enerjiyonetim/vendor/laravel/framework/src/Illuminate/Pipeline/Pipeline.php(171): Illuminate\\Foundation\\Http\\Middleware\\CheckForMaintenanceMode->handle()
#58 /home/bora/Projeler/enerjiyonetim/vendor/fideloper/proxy/src/TrustProxies.php(57): Illuminate\\Pipeline\\Pipeline->Illuminate\\Pipeline\\{closure}()
#59 /home/bora/Projeler/enerjiyonetim/vendor/laravel/framework/src/Illuminate/Pipeline/Pipeline.php(171): Fideloper\\Proxy\\TrustProxies->handle()
#60 /home/bora/Projeler/enerjiyonetim/vendor/laravel/framework/src/Illuminate/Pipeline/Pipeline.php(105): Illuminate\\Pipeline\\Pipeline->Illuminate\\Pipeline\\{closure}()
#61 /home/bora/Projeler/enerjiyonetim/vendor/laravel/framework/src/Illuminate/Foundation/Http/Kernel.php(145): Illuminate\\Pipeline\\Pipeline->then()
#62 /home/bora/Projeler/enerjiyonetim/vendor/laravel/framework/src/Illuminate/Foundation/Http/Kernel.php(110): Illuminate\\Foundation\\Http\\Kernel->sendRequestThroughRouter()
#63 /home/bora/Projeler/enerjiyonetim/public/index.php(55): Illuminate\\Foundation\\Http\\Kernel->handle()
#64 /home/bora/Projeler/enerjiyonetim/server.php(21): require_once('/home/bora/Proj...')
#65 {main}
"} 
[2021-09-05 22:30:10] local.ERROR: Undefined variable: company_avatar (View: /home/bora/Projeler/enerjiyonetim/resources/views/vendor/voyager/dashboard/sidebar.blade.php) {"userId":1,"exception":"[object] (Facade\\Ignition\\Exceptions\\ViewException(code: 0): Undefined variable: company_avatar (View: /home/bora/Projeler/enerjiyonetim/resources/views/vendor/voyager/dashboard/sidebar.blade.php) at /home/bora/Projeler/enerjiyonetim/resources/views/vendor/voyager/dashboard/sidebar.blade.php:22)
[stacktrace]
#0 /home/bora/Projeler/enerjiyonetim/resources/views/vendor/voyager/dashboard/sidebar.blade.php(22): Illuminate\\Foundation\\Bootstrap\\HandleExceptions->handleError()
#1 /home/bora/Projeler/enerjiyonetim/vendor/laravel/framework/src/Illuminate/View/Engines/PhpEngine.php(43): include('/home/bora/Proj...')
#2 /home/bora/Projeler/enerjiyonetim/vendor/laravel/framework/src/Illuminate/View/Engines/CompilerEngine.php(59): Illuminate\\View\\Engines\\PhpEngine->evaluatePath()
#3 /home/bora/Projeler/enerjiyonetim/vendor/facade/ignition/src/Views/Engines/CompilerEngine.php(36): Illuminate\\View\\Engines\\CompilerEngine->get()
#4 /home/bora/Projeler/enerjiyonetim/vendor/laravel/framework/src/Illuminate/View/View.php(143): Facade\\Ignition\\Views\\Engines\\CompilerEngine->get()
#5 /home/bora/Projeler/enerjiyonetim/vendor/laravel/framework/src/Illuminate/View/View.php(126): Illuminate\\View\\View->getContents()
#6 /home/bora/Projeler/enerjiyonetim/vendor/laravel/framework/src/Illuminate/View/View.php(91): Illuminate\\View\\View->renderContents()
#7 /home/bora/Projeler/enerjiyonetim/vendor/tcg/voyager/src/../resources/views/master.blade.php(78): Illuminate\\View\\View->render()
#8 /home/bora/Projeler/enerjiyonetim/vendor/laravel/framework/src/Illuminate/View/Engines/PhpEngine.php(43): include('/home/bora/Proj...')
#9 /home/bora/Projeler/enerjiyonetim/vendor/laravel/framework/src/Illuminate/View/Engines/CompilerEngine.php(59): Illuminate\\View\\Engines\\PhpEngine->evaluatePath()
#10 /home/bora/Projeler/enerjiyonetim/vendor/facade/ignition/src/Views/Engines/CompilerEngine.php(36): Illuminate\\View\\Engines\\CompilerEngine->get()
#11 /home/bora/Projeler/enerjiyonetim/vendor/laravel/framework/src/Illuminate/View/View.php(143): Facade\\Ignition\\Views\\Engines\\CompilerEngine->get()
#12 /home/bora/Projeler/enerjiyonetim/vendor/laravel/framework/src/Illuminate/View/View.php(126): Illuminate\\View\\View->getContents()
#13 /home/bora/Projeler/enerjiyonetim/vendor/laravel/framework/src/Illuminate/View/View.php(91): Illuminate\\View\\View->renderContents()
#14 /home/bora/Projeler/enerjiyonetim/vendor/tcg/voyager/src/../resources/views/index.blade.php(475): Illuminate\\View\\View->render()
#15 /home/bora/Projeler/enerjiyonetim/vendor/laravel/framework/src/Illuminate/View/Engines/PhpEngine.php(43): include('/home/bora/Proj...')
#16 /home/bora/Projeler/enerjiyonetim/vendor/laravel/framework/src/Illuminate/View/Engines/CompilerEngine.php(59): Illuminate\\View\\Engines\\PhpEngine->evaluatePath()
#17 /home/bora/Projeler/enerjiyonetim/vendor/facade/ignition/src/Views/Engines/CompilerEngine.php(36): Illuminate\\View\\Engines\\CompilerEngine->get()
#18 /home/bora/Projeler/enerjiyonetim/vendor/laravel/framework/src/Illuminate/View/View.php(143): Facade\\Ignition\\Views\\Engines\\CompilerEngine->get()
#19 /home/bora/Projeler/enerjiyonetim/vendor/laravel/framework/src/Illuminate/View/View.php(126): Illuminate\\View\\View->getContents()
#20 /home/bora/Projeler/enerjiyonetim/vendor/laravel/framework/src/Illuminate/View/View.php(91): Illuminate\\View\\View->renderContents()
#21 /home/bora/Projeler/enerjiyonetim/vendor/laravel/framework/src/Illuminate/Http/Response.php(42): Illuminate\\View\\View->render()
#22 /home/bora/Projeler/enerjiyonetim/vendor/symfony/http-foundation/Response.php(205): Illuminate\\Http\\Response->setContent()
#23 /home/bora/Projeler/enerjiyonetim/vendor/laravel/framework/src/Illuminate/Routing/Router.php(749): Symfony\\Component\\HttpFoundation\\Response->__construct()
#24 /home/bora/Projeler/enerjiyonetim/vendor/laravel/framework/src/Illuminate/Routing/Router.php(721): Illuminate\\Routing\\Router::toResponse()
#25 /home/bora/Projeler/enerjiyonetim/vendor/laravel/framework/src/Illuminate/Routing/Router.php(681): Illuminate\\Routing\\Router->prepareResponse()
#26 /home/bora/Projeler/enerjiyonetim/vendor/laravel/framework/src/Illuminate/Pipeline/Pipeline.php(130): Illuminate\\Routing\\Router->Illuminate\\Routing\\{closure}()
#27 /home/bora/Projeler/enerjiyonetim/vendor/tcg/voyager/src/Http/Middleware/VoyagerAdminMiddleware.php(26): Illuminate\\Pipeline\\Pipeline->Illuminate\\Pipeline\\{closure}()
#28 /home/bora/Projeler/enerjiyonetim/vendor/laravel/framework/src/Illuminate/Pipeline/Pipeline.php(171): TCG\\Voyager\\Http\\Middleware\\VoyagerAdminMiddleware->handle()
#29 /home/bora/Projeler/enerjiyonetim/app/Http/Middleware/SetCompany.php(46): Illuminate\\Pipeline\\Pipeline->Illuminate\\Pipeline\\{closure}()
#30 /home/bora/Projeler/enerjiyonetim/vendor/laravel/framework/src/Illuminate/Pipeline/Pipeline.php(171): App\\Http\\Middleware\\SetCompany->handle()
#31 /home/bora/Projeler/enerjiyonetim/vendor/laravel/framework/src/Illuminate/Routing/Middleware/SubstituteBindings.php(41): Illuminate\\Pipeline\\Pipeline->Illuminate\\Pipeline\\{closure}()
#32 /home/bora/Projeler/enerjiyonetim/vendor/laravel/framework/src/Illuminate/Pipeline/Pipeline.php(171): Illuminate\\Routing\\Middleware\\SubstituteBindings->handle()
#33 /home/bora/Projeler/enerjiyonetim/vendor/laravel/framework/src/Illuminate/Foundation/Http/Middleware/VerifyCsrfToken.php(78): Illuminate\\Pipeline\\Pipeline->Illuminate\\Pipeline\\{closure}()
#34 /home/bora/Projeler/enerjiyonetim/vendor/laravel/framework/src/Illuminate/Pipeline/Pipeline.php(171): Illuminate\\Foundation\\Http\\Middleware\\VerifyCsrfToken->handle()
#35 /home/bora/Projeler/enerjiyonetim/vendor/laravel/framework/src/Illuminate/View/Middleware/ShareErrorsFromSession.php(49): Illuminate\\Pipeline\\Pipeline->Illuminate\\Pipeline\\{closure}()
#36 /home/bora/Projeler/enerjiyonetim/vendor/laravel/framework/src/Illuminate/Pipeline/Pipeline.php(171): Illuminate\\View\\Middleware\\ShareErrorsFromSession->handle()
#37 /home/bora/Projeler/enerjiyonetim/vendor/laravel/framework/src/Illuminate/Session/Middleware/StartSession.php(56): Illuminate\\Pipeline\\Pipeline->Illuminate\\Pipeline\\{closure}()
#38 /home/bora/Projeler/enerjiyonetim/vendor/laravel/framework/src/Illuminate/Pipeline/Pipeline.php(171): Illuminate\\Session\\Middleware\\StartSession->handle()
#39 /home/bora/Projeler/enerjiyonetim/vendor/laravel/framework/src/Illuminate/Cookie/Middleware/AddQueuedCookiesToResponse.php(37): Illuminate\\Pipeline\\Pipeline->Illuminate\\Pipeline\\{closure}()
#40 /home/bora/Projeler/enerjiyonetim/vendor/laravel/framework/src/Illuminate/Pipeline/Pipeline.php(171): Illuminate\\Cookie\\Middleware\\AddQueuedCookiesToResponse->handle()
#41 /home/bora/Projeler/enerjiyonetim/vendor/laravel/framework/src/Illuminate/Cookie/Middleware/EncryptCookies.php(67): Illuminate\\Pipeline\\Pipeline->Illuminate\\Pipeline\\{closure}()
#42 /home/bora/Projeler/enerjiyonetim/vendor/laravel/framework/src/Illuminate/Pipeline/Pipeline.php(171): Illuminate\\Cookie\\Middleware\\EncryptCookies->handle()
#43 /home/bora/Projeler/enerjiyonetim/vendor/laravel/framework/src/Illuminate/Pipeline/Pipeline.php(105): Illuminate\\Pipeline\\Pipeline->Illuminate\\Pipeline\\{closure}()
#44 /home/bora/Projeler/enerjiyonetim/vendor/laravel/framework/src/Illuminate/Routing/Router.php(683): Illuminate\\Pipeline\\Pipeline->then()
#45 /home/bora/Projeler/enerjiyonetim/vendor/laravel/framework/src/Illuminate/Routing/Router.php(658): Illuminate\\Routing\\Router->runRouteWithinStack()
#46 /home/bora/Projeler/enerjiyonetim/vendor/laravel/framework/src/Illuminate/Routing/Router.php(624): Illuminate\\Routing\\Router->runRoute()
#47 /home/bora/Projeler/enerjiyonetim/vendor/laravel/framework/src/Illuminate/Routing/Router.php(613): Illuminate\\Routing\\Router->dispatchToRoute()
#48 /home/bora/Projeler/enerjiyonetim/vendor/laravel/framework/src/Illuminate/Foundation/Http/Kernel.php(170): Illuminate\\Routing\\Router->dispatch()
#49 /home/bora/Projeler/enerjiyonetim/vendor/laravel/framework/src/Illuminate/Pipeline/Pipeline.php(130): Illuminate\\Foundation\\Http\\Kernel->Illuminate\\Foundation\\Http\\{closure}()
#50 /home/bora/Projeler/enerjiyonetim/vendor/laravel/framework/src/Illuminate/Foundation/Http/Middleware/TransformsRequest.php(21): Illuminate\\Pipeline\\Pipeline->Illuminate\\Pipeline\\{closure}()
#51 /home/bora/Projeler/enerjiyonetim/vendor/laravel/framework/src/Illuminate/Pipeline/Pipeline.php(171): Illuminate\\Foundation\\Http\\Middleware\\TransformsRequest->handle()
#52 /home/bora/Projeler/enerjiyonetim/vendor/laravel/framework/src/Illuminate/Foundation/Http/Middleware/TransformsRequest.php(21): Illuminate\\Pipeline\\Pipeline->Illuminate\\Pipeline\\{closure}()
#53 /home/bora/Projeler/enerjiyonetim/vendor/laravel/framework/src/Illuminate/Pipeline/Pipeline.php(171): Illuminate\\Foundation\\Http\\Middleware\\TransformsRequest->handle()
#54 /home/bora/Projeler/enerjiyonetim/vendor/laravel/framework/src/Illuminate/Foundation/Http/Middleware/ValidatePostSize.php(27): Illuminate\\Pipeline\\Pipeline->Illuminate\\Pipeline\\{closure}()
#55 /home/bora/Projeler/enerjiyonetim/vendor/laravel/framework/src/Illuminate/Pipeline/Pipeline.php(171): Illuminate\\Foundation\\Http\\Middleware\\ValidatePostSize->handle()
#56 /home/bora/Projeler/enerjiyonetim/vendor/laravel/framework/src/Illuminate/Foundation/Http/Middleware/CheckForMaintenanceMode.php(63): Illuminate\\Pipeline\\Pipeline->Illuminate\\Pipeline\\{closure}()
#57 /home/bora/Projeler/enerjiyonetim/vendor/laravel/framework/src/Illuminate/Pipeline/Pipeline.php(171): Illuminate\\Foundation\\Http\\Middleware\\CheckForMaintenanceMode->handle()
#58 /home/bora/Projeler/enerjiyonetim/vendor/fideloper/proxy/src/TrustProxies.php(57): Illuminate\\Pipeline\\Pipeline->Illuminate\\Pipeline\\{closure}()
#59 /home/bora/Projeler/enerjiyonetim/vendor/laravel/framework/src/Illuminate/Pipeline/Pipeline.php(171): Fideloper\\Proxy\\TrustProxies->handle()
#60 /home/bora/Projeler/enerjiyonetim/vendor/laravel/framework/src/Illuminate/Pipeline/Pipeline.php(105): Illuminate\\Pipeline\\Pipeline->Illuminate\\Pipeline\\{closure}()
#61 /home/bora/Projeler/enerjiyonetim/vendor/laravel/framework/src/Illuminate/Foundation/Http/Kernel.php(145): Illuminate\\Pipeline\\Pipeline->then()
#62 /home/bora/Projeler/enerjiyonetim/vendor/laravel/framework/src/Illuminate/Foundation/Http/Kernel.php(110): Illuminate\\Foundation\\Http\\Kernel->sendRequestThroughRouter()
#63 /home/bora/Projeler/enerjiyonetim/public/index.php(55): Illuminate\\Foundation\\Http\\Kernel->handle()
#64 /home/bora/Projeler/enerjiyonetim/server.php(21): require_once('/home/bora/Proj...')
#65 {main}

[previous exception] [object] (ErrorException(code: 0): Undefined variable: company_avatar at /home/bora/Projeler/enerjiyonetim/storage/framework/views/d75c2f1df9ebfad024243c8161e947a023c382a6.php:22)
[stacktrace]
#0 /home/bora/Projeler/enerjiyonetim/storage/framework/views/d75c2f1df9ebfad024243c8161e947a023c382a6.php(22): Illuminate\\Foundation\\Bootstrap\\HandleExceptions->handleError()
#1 /home/bora/Projeler/enerjiyonetim/vendor/laravel/framework/src/Illuminate/View/Engines/PhpEngine.php(43): include('/home/bora/Proj...')
#2 /home/bora/Projeler/enerjiyonetim/vendor/laravel/framework/src/Illuminate/View/Engines/CompilerEngine.php(59): Illuminate\\View\\Engines\\PhpEngine->evaluatePath()
#3 /home/bora/Projeler/enerjiyonetim/vendor/facade/ignition/src/Views/Engines/CompilerEngine.php(36): Illuminate\\View\\Engines\\CompilerEngine->get()
#4 /home/bora/Projeler/enerjiyonetim/vendor/laravel/framework/src/Illuminate/View/View.php(143): Facade\\Ignition\\Views\\Engines\\CompilerEngine->get()
#5 /home/bora/Projeler/enerjiyonetim/vendor/laravel/framework/src/Illuminate/View/View.php(126): Illuminate\\View\\View->getContents()
#6 /home/bora/Projeler/enerjiyonetim/vendor/laravel/framework/src/Illuminate/View/View.php(91): Illuminate\\View\\View->renderContents()
#7 /home/bora/Projeler/enerjiyonetim/storage/framework/views/dd14314686640a3c4413d3e270234415c06bf6f1.php(78): Illuminate\\View\\View->render()
#8 /home/bora/Projeler/enerjiyonetim/vendor/laravel/framework/src/Illuminate/View/Engines/PhpEngine.php(43): include('/home/bora/Proj...')
#9 /home/bora/Projeler/enerjiyonetim/vendor/laravel/framework/src/Illuminate/View/Engines/CompilerEngine.php(59): Illuminate\\View\\Engines\\PhpEngine->evaluatePath()
#10 /home/bora/Projeler/enerjiyonetim/vendor/facade/ignition/src/Views/Engines/CompilerEngine.php(36): Illuminate\\View\\Engines\\CompilerEngine->get()
#11 /home/bora/Projeler/enerjiyonetim/vendor/laravel/framework/src/Illuminate/View/View.php(143): Facade\\Ignition\\Views\\Engines\\CompilerEngine->get()
#12 /home/bora/Projeler/enerjiyonetim/vendor/laravel/framework/src/Illuminate/View/View.php(126): Illuminate\\View\\View->getContents()
#13 /home/bora/Projeler/enerjiyonetim/vendor/laravel/framework/src/Illuminate/View/View.php(91): Illuminate\\View\\View->renderContents()
#14 /home/bora/Projeler/enerjiyonetim/storage/framework/views/81f6293fce84d6d3ccdbd4ee4d57452b774a20ba.php(475): Illuminate\\View\\View->render()
#15 /home/bora/Projeler/enerjiyonetim/vendor/laravel/framework/src/Illuminate/View/Engines/PhpEngine.php(43): include('/home/bora/Proj...')
#16 /home/bora/Projeler/enerjiyonetim/vendor/laravel/framework/src/Illuminate/View/Engines/CompilerEngine.php(59): Illuminate\\View\\Engines\\PhpEngine->evaluatePath()
#17 /home/bora/Projeler/enerjiyonetim/vendor/facade/ignition/src/Views/Engines/CompilerEngine.php(36): Illuminate\\View\\Engines\\CompilerEngine->get()
#18 /home/bora/Projeler/enerjiyonetim/vendor/laravel/framework/src/Illuminate/View/View.php(143): Facade\\Ignition\\Views\\Engines\\CompilerEngine->get()
#19 /home/bora/Projeler/enerjiyonetim/vendor/laravel/framework/src/Illuminate/View/View.php(126): Illuminate\\View\\View->getContents()
#20 /home/bora/Projeler/enerjiyonetim/vendor/laravel/framework/src/Illuminate/View/View.php(91): Illuminate\\View\\View->renderContents()
#21 /home/bora/Projeler/enerjiyonetim/vendor/laravel/framework/src/Illuminate/Http/Response.php(42): Illuminate\\View\\View->render()
#22 /home/bora/Projeler/enerjiyonetim/vendor/symfony/http-foundation/Response.php(205): Illuminate\\Http\\Response->setContent()
#23 /home/bora/Projeler/enerjiyonetim/vendor/laravel/framework/src/Illuminate/Routing/Router.php(749): Symfony\\Component\\HttpFoundation\\Response->__construct()
#24 /home/bora/Projeler/enerjiyonetim/vendor/laravel/framework/src/Illuminate/Routing/Router.php(721): Illuminate\\Routing\\Router::toResponse()
#25 /home/bora/Projeler/enerjiyonetim/vendor/laravel/framework/src/Illuminate/Routing/Router.php(681): Illuminate\\Routing\\Router->prepareResponse()
#26 /home/bora/Projeler/enerjiyonetim/vendor/laravel/framework/src/Illuminate/Pipeline/Pipeline.php(130): Illuminate\\Routing\\Router->Illuminate\\Routing\\{closure}()
#27 /home/bora/Projeler/enerjiyonetim/vendor/tcg/voyager/src/Http/Middleware/VoyagerAdminMiddleware.php(26): Illuminate\\Pipeline\\Pipeline->Illuminate\\Pipeline\\{closure}()
#28 /home/bora/Projeler/enerjiyonetim/vendor/laravel/framework/src/Illuminate/Pipeline/Pipeline.php(171): TCG\\Voyager\\Http\\Middleware\\VoyagerAdminMiddleware->handle()
#29 /home/bora/Projeler/enerjiyonetim/app/Http/Middleware/SetCompany.php(46): Illuminate\\Pipeline\\Pipeline->Illuminate\\Pipeline\\{closure}()
#30 /home/bora/Projeler/enerjiyonetim/vendor/laravel/framework/src/Illuminate/Pipeline/Pipeline.php(171): App\\Http\\Middleware\\SetCompany->handle()
#31 /home/bora/Projeler/enerjiyonetim/vendor/laravel/framework/src/Illuminate/Routing/Middleware/SubstituteBindings.php(41): Illuminate\\Pipeline\\Pipeline->Illuminate\\Pipeline\\{closure}()
#32 /home/bora/Projeler/enerjiyonetim/vendor/laravel/framework/src/Illuminate/Pipeline/Pipeline.php(171): Illuminate\\Routing\\Middleware\\SubstituteBindings->handle()
#33 /home/bora/Projeler/enerjiyonetim/vendor/laravel/framework/src/Illuminate/Foundation/Http/Middleware/VerifyCsrfToken.php(78): Illuminate\\Pipeline\\Pipeline->Illuminate\\Pipeline\\{closure}()
#34 /home/bora/Projeler/enerjiyonetim/vendor/laravel/framework/src/Illuminate/Pipeline/Pipeline.php(171): Illuminate\\Foundation\\Http\\Middleware\\VerifyCsrfToken->handle()
#35 /home/bora/Projeler/enerjiyonetim/vendor/laravel/framework/src/Illuminate/View/Middleware/ShareErrorsFromSession.php(49): Illuminate\\Pipeline\\Pipeline->Illuminate\\Pipeline\\{closure}()
#36 /home/bora/Projeler/enerjiyonetim/vendor/laravel/framework/src/Illuminate/Pipeline/Pipeline.php(171): Illuminate\\View\\Middleware\\ShareErrorsFromSession->handle()
#37 /home/bora/Projeler/enerjiyonetim/vendor/laravel/framework/src/Illuminate/Session/Middleware/StartSession.php(56): Illuminate\\Pipeline\\Pipeline->Illuminate\\Pipeline\\{closure}()
#38 /home/bora/Projeler/enerjiyonetim/vendor/laravel/framework/src/Illuminate/Pipeline/Pipeline.php(171): Illuminate\\Session\\Middleware\\StartSession->handle()
#39 /home/bora/Projeler/enerjiyonetim/vendor/laravel/framework/src/Illuminate/Cookie/Middleware/AddQueuedCookiesToResponse.php(37): Illuminate\\Pipeline\\Pipeline->Illuminate\\Pipeline\\{closure}()
#40 /home/bora/Projeler/enerjiyonetim/vendor/laravel/framework/src/Illuminate/Pipeline/Pipeline.php(171): Illuminate\\Cookie\\Middleware\\AddQueuedCookiesToResponse->handle()
#41 /home/bora/Projeler/enerjiyonetim/vendor/laravel/framework/src/Illuminate/Cookie/Middleware/EncryptCookies.php(67): Illuminate\\Pipeline\\Pipeline->Illuminate\\Pipeline\\{closure}()
#42 /home/bora/Projeler/enerjiyonetim/vendor/laravel/framework/src/Illuminate/Pipeline/Pipeline.php(171): Illuminate\\Cookie\\Middleware\\EncryptCookies->handle()
#43 /home/bora/Projeler/enerjiyonetim/vendor/laravel/framework/src/Illuminate/Pipeline/Pipeline.php(105): Illuminate\\Pipeline\\Pipeline->Illuminate\\Pipeline\\{closure}()
#44 /home/bora/Projeler/enerjiyonetim/vendor/laravel/framework/src/Illuminate/Routing/Router.php(683): Illuminate\\Pipeline\\Pipeline->then()
#45 /home/bora/Projeler/enerjiyonetim/vendor/laravel/framework/src/Illuminate/Routing/Router.php(658): Illuminate\\Routing\\Router->runRouteWithinStack()
#46 /home/bora/Projeler/enerjiyonetim/vendor/laravel/framework/src/Illuminate/Routing/Router.php(624): Illuminate\\Routing\\Router->runRoute()
#47 /home/bora/Projeler/enerjiyonetim/vendor/laravel/framework/src/Illuminate/Routing/Router.php(613): Illuminate\\Routing\\Router->dispatchToRoute()
#48 /home/bora/Projeler/enerjiyonetim/vendor/laravel/framework/src/Illuminate/Foundation/Http/Kernel.php(170): Illuminate\\Routing\\Router->dispatch()
#49 /home/bora/Projeler/enerjiyonetim/vendor/laravel/framework/src/Illuminate/Pipeline/Pipeline.php(130): Illuminate\\Foundation\\Http\\Kernel->Illuminate\\Foundation\\Http\\{closure}()
#50 /home/bora/Projeler/enerjiyonetim/vendor/laravel/framework/src/Illuminate/Foundation/Http/Middleware/TransformsRequest.php(21): Illuminate\\Pipeline\\Pipeline->Illuminate\\Pipeline\\{closure}()
#51 /home/bora/Projeler/enerjiyonetim/vendor/laravel/framework/src/Illuminate/Pipeline/Pipeline.php(171): Illuminate\\Foundation\\Http\\Middleware\\TransformsRequest->handle()
#52 /home/bora/Projeler/enerjiyonetim/vendor/laravel/framework/src/Illuminate/Foundation/Http/Middleware/TransformsRequest.php(21): Illuminate\\Pipeline\\Pipeline->Illuminate\\Pipeline\\{closure}()
#53 /home/bora/Projeler/enerjiyonetim/vendor/laravel/framework/src/Illuminate/Pipeline/Pipeline.php(171): Illuminate\\Foundation\\Http\\Middleware\\TransformsRequest->handle()
#54 /home/bora/Projeler/enerjiyonetim/vendor/laravel/framework/src/Illuminate/Foundation/Http/Middleware/ValidatePostSize.php(27): Illuminate\\Pipeline\\Pipeline->Illuminate\\Pipeline\\{closure}()
#55 /home/bora/Projeler/enerjiyonetim/vendor/laravel/framework/src/Illuminate/Pipeline/Pipeline.php(171): Illuminate\\Foundation\\Http\\Middleware\\ValidatePostSize->handle()
#56 /home/bora/Projeler/enerjiyonetim/vendor/laravel/framework/src/Illuminate/Foundation/Http/Middleware/CheckForMaintenanceMode.php(63): Illuminate\\Pipeline\\Pipeline->Illuminate\\Pipeline\\{closure}()
#57 /home/bora/Projeler/enerjiyonetim/vendor/laravel/framework/src/Illuminate/Pipeline/Pipeline.php(171): Illuminate\\Foundation\\Http\\Middleware\\CheckForMaintenanceMode->handle()
#58 /home/bora/Projeler/enerjiyonetim/vendor/fideloper/proxy/src/TrustProxies.php(57): Illuminate\\Pipeline\\Pipeline->Illuminate\\Pipeline\\{closure}()
#59 /home/bora/Projeler/enerjiyonetim/vendor/laravel/framework/src/Illuminate/Pipeline/Pipeline.php(171): Fideloper\\Proxy\\TrustProxies->handle()
#60 /home/bora/Projeler/enerjiyonetim/vendor/laravel/framework/src/Illuminate/Pipeline/Pipeline.php(105): Illuminate\\Pipeline\\Pipeline->Illuminate\\Pipeline\\{closure}()
#61 /home/bora/Projeler/enerjiyonetim/vendor/laravel/framework/src/Illuminate/Foundation/Http/Kernel.php(145): Illuminate\\Pipeline\\Pipeline->then()
#62 /home/bora/Projeler/enerjiyonetim/vendor/laravel/framework/src/Illuminate/Foundation/Http/Kernel.php(110): Illuminate\\Foundation\\Http\\Kernel->sendRequestThroughRouter()
#63 /home/bora/Projeler/enerjiyonetim/public/index.php(55): Illuminate\\Foundation\\Http\\Kernel->handle()
#64 /home/bora/Projeler/enerjiyonetim/server.php(21): require_once('/home/bora/Proj...')
#65 {main}
"} 
[2021-09-05 22:30:26] local.ERROR: Undefined variable: company_avatar (View: /home/bora/Projeler/enerjiyonetim/resources/views/vendor/voyager/dashboard/sidebar.blade.php) {"userId":1,"exception":"[object] (Facade\\Ignition\\Exceptions\\ViewException(code: 0): Undefined variable: company_avatar (View: /home/bora/Projeler/enerjiyonetim/resources/views/vendor/voyager/dashboard/sidebar.blade.php) at /home/bora/Projeler/enerjiyonetim/resources/views/vendor/voyager/dashboard/sidebar.blade.php:22)
[stacktrace]
#0 /home/bora/Projeler/enerjiyonetim/resources/views/vendor/voyager/dashboard/sidebar.blade.php(22): Illuminate\\Foundation\\Bootstrap\\HandleExceptions->handleError()
#1 /home/bora/Projeler/enerjiyonetim/vendor/laravel/framework/src/Illuminate/View/Engines/PhpEngine.php(43): include('/home/bora/Proj...')
#2 /home/bora/Projeler/enerjiyonetim/vendor/laravel/framework/src/Illuminate/View/Engines/CompilerEngine.php(59): Illuminate\\View\\Engines\\PhpEngine->evaluatePath()
#3 /home/bora/Projeler/enerjiyonetim/vendor/facade/ignition/src/Views/Engines/CompilerEngine.php(36): Illuminate\\View\\Engines\\CompilerEngine->get()
#4 /home/bora/Projeler/enerjiyonetim/vendor/laravel/framework/src/Illuminate/View/View.php(143): Facade\\Ignition\\Views\\Engines\\CompilerEngine->get()
#5 /home/bora/Projeler/enerjiyonetim/vendor/laravel/framework/src/Illuminate/View/View.php(126): Illuminate\\View\\View->getContents()
#6 /home/bora/Projeler/enerjiyonetim/vendor/laravel/framework/src/Illuminate/View/View.php(91): Illuminate\\View\\View->renderContents()
#7 /home/bora/Projeler/enerjiyonetim/vendor/tcg/voyager/src/../resources/views/master.blade.php(78): Illuminate\\View\\View->render()
#8 /home/bora/Projeler/enerjiyonetim/vendor/laravel/framework/src/Illuminate/View/Engines/PhpEngine.php(43): include('/home/bora/Proj...')
#9 /home/bora/Projeler/enerjiyonetim/vendor/laravel/framework/src/Illuminate/View/Engines/CompilerEngine.php(59): Illuminate\\View\\Engines\\PhpEngine->evaluatePath()
#10 /home/bora/Projeler/enerjiyonetim/vendor/facade/ignition/src/Views/Engines/CompilerEngine.php(36): Illuminate\\View\\Engines\\CompilerEngine->get()
#11 /home/bora/Projeler/enerjiyonetim/vendor/laravel/framework/src/Illuminate/View/View.php(143): Facade\\Ignition\\Views\\Engines\\CompilerEngine->get()
#12 /home/bora/Projeler/enerjiyonetim/vendor/laravel/framework/src/Illuminate/View/View.php(126): Illuminate\\View\\View->getContents()
#13 /home/bora/Projeler/enerjiyonetim/vendor/laravel/framework/src/Illuminate/View/View.php(91): Illuminate\\View\\View->renderContents()
#14 /home/bora/Projeler/enerjiyonetim/vendor/tcg/voyager/src/../resources/views/index.blade.php(475): Illuminate\\View\\View->render()
#15 /home/bora/Projeler/enerjiyonetim/vendor/laravel/framework/src/Illuminate/View/Engines/PhpEngine.php(43): include('/home/bora/Proj...')
#16 /home/bora/Projeler/enerjiyonetim/vendor/laravel/framework/src/Illuminate/View/Engines/CompilerEngine.php(59): Illuminate\\View\\Engines\\PhpEngine->evaluatePath()
#17 /home/bora/Projeler/enerjiyonetim/vendor/facade/ignition/src/Views/Engines/CompilerEngine.php(36): Illuminate\\View\\Engines\\CompilerEngine->get()
#18 /home/bora/Projeler/enerjiyonetim/vendor/laravel/framework/src/Illuminate/View/View.php(143): Facade\\Ignition\\Views\\Engines\\CompilerEngine->get()
#19 /home/bora/Projeler/enerjiyonetim/vendor/laravel/framework/src/Illuminate/View/View.php(126): Illuminate\\View\\View->getContents()
#20 /home/bora/Projeler/enerjiyonetim/vendor/laravel/framework/src/Illuminate/View/View.php(91): Illuminate\\View\\View->renderContents()
#21 /home/bora/Projeler/enerjiyonetim/vendor/laravel/framework/src/Illuminate/Http/Response.php(42): Illuminate\\View\\View->render()
#22 /home/bora/Projeler/enerjiyonetim/vendor/symfony/http-foundation/Response.php(205): Illuminate\\Http\\Response->setContent()
#23 /home/bora/Projeler/enerjiyonetim/vendor/laravel/framework/src/Illuminate/Routing/Router.php(749): Symfony\\Component\\HttpFoundation\\Response->__construct()
#24 /home/bora/Projeler/enerjiyonetim/vendor/laravel/framework/src/Illuminate/Routing/Router.php(721): Illuminate\\Routing\\Router::toResponse()
#25 /home/bora/Projeler/enerjiyonetim/vendor/laravel/framework/src/Illuminate/Routing/Router.php(681): Illuminate\\Routing\\Router->prepareResponse()
#26 /home/bora/Projeler/enerjiyonetim/vendor/laravel/framework/src/Illuminate/Pipeline/Pipeline.php(130): Illuminate\\Routing\\Router->Illuminate\\Routing\\{closure}()
#27 /home/bora/Projeler/enerjiyonetim/vendor/tcg/voyager/src/Http/Middleware/VoyagerAdminMiddleware.php(26): Illuminate\\Pipeline\\Pipeline->Illuminate\\Pipeline\\{closure}()
#28 /home/bora/Projeler/enerjiyonetim/vendor/laravel/framework/src/Illuminate/Pipeline/Pipeline.php(171): TCG\\Voyager\\Http\\Middleware\\VoyagerAdminMiddleware->handle()
#29 /home/bora/Projeler/enerjiyonetim/app/Http/Middleware/SetCompany.php(46): Illuminate\\Pipeline\\Pipeline->Illuminate\\Pipeline\\{closure}()
#30 /home/bora/Projeler/enerjiyonetim/vendor/laravel/framework/src/Illuminate/Pipeline/Pipeline.php(171): App\\Http\\Middleware\\SetCompany->handle()
#31 /home/bora/Projeler/enerjiyonetim/vendor/laravel/framework/src/Illuminate/Routing/Middleware/SubstituteBindings.php(41): Illuminate\\Pipeline\\Pipeline->Illuminate\\Pipeline\\{closure}()
#32 /home/bora/Projeler/enerjiyonetim/vendor/laravel/framework/src/Illuminate/Pipeline/Pipeline.php(171): Illuminate\\Routing\\Middleware\\SubstituteBindings->handle()
#33 /home/bora/Projeler/enerjiyonetim/vendor/laravel/framework/src/Illuminate/Foundation/Http/Middleware/VerifyCsrfToken.php(78): Illuminate\\Pipeline\\Pipeline->Illuminate\\Pipeline\\{closure}()
#34 /home/bora/Projeler/enerjiyonetim/vendor/laravel/framework/src/Illuminate/Pipeline/Pipeline.php(171): Illuminate\\Foundation\\Http\\Middleware\\VerifyCsrfToken->handle()
#35 /home/bora/Projeler/enerjiyonetim/vendor/laravel/framework/src/Illuminate/View/Middleware/ShareErrorsFromSession.php(49): Illuminate\\Pipeline\\Pipeline->Illuminate\\Pipeline\\{closure}()
#36 /home/bora/Projeler/enerjiyonetim/vendor/laravel/framework/src/Illuminate/Pipeline/Pipeline.php(171): Illuminate\\View\\Middleware\\ShareErrorsFromSession->handle()
#37 /home/bora/Projeler/enerjiyonetim/vendor/laravel/framework/src/Illuminate/Session/Middleware/StartSession.php(56): Illuminate\\Pipeline\\Pipeline->Illuminate\\Pipeline\\{closure}()
#38 /home/bora/Projeler/enerjiyonetim/vendor/laravel/framework/src/Illuminate/Pipeline/Pipeline.php(171): Illuminate\\Session\\Middleware\\StartSession->handle()
#39 /home/bora/Projeler/enerjiyonetim/vendor/laravel/framework/src/Illuminate/Cookie/Middleware/AddQueuedCookiesToResponse.php(37): Illuminate\\Pipeline\\Pipeline->Illuminate\\Pipeline\\{closure}()
#40 /home/bora/Projeler/enerjiyonetim/vendor/laravel/framework/src/Illuminate/Pipeline/Pipeline.php(171): Illuminate\\Cookie\\Middleware\\AddQueuedCookiesToResponse->handle()
#41 /home/bora/Projeler/enerjiyonetim/vendor/laravel/framework/src/Illuminate/Cookie/Middleware/EncryptCookies.php(67): Illuminate\\Pipeline\\Pipeline->Illuminate\\Pipeline\\{closure}()
#42 /home/bora/Projeler/enerjiyonetim/vendor/laravel/framework/src/Illuminate/Pipeline/Pipeline.php(171): Illuminate\\Cookie\\Middleware\\EncryptCookies->handle()
#43 /home/bora/Projeler/enerjiyonetim/vendor/laravel/framework/src/Illuminate/Pipeline/Pipeline.php(105): Illuminate\\Pipeline\\Pipeline->Illuminate\\Pipeline\\{closure}()
#44 /home/bora/Projeler/enerjiyonetim/vendor/laravel/framework/src/Illuminate/Routing/Router.php(683): Illuminate\\Pipeline\\Pipeline->then()
#45 /home/bora/Projeler/enerjiyonetim/vendor/laravel/framework/src/Illuminate/Routing/Router.php(658): Illuminate\\Routing\\Router->runRouteWithinStack()
#46 /home/bora/Projeler/enerjiyonetim/vendor/laravel/framework/src/Illuminate/Routing/Router.php(624): Illuminate\\Routing\\Router->runRoute()
#47 /home/bora/Projeler/enerjiyonetim/vendor/laravel/framework/src/Illuminate/Routing/Router.php(613): Illuminate\\Routing\\Router->dispatchToRoute()
#48 /home/bora/Projeler/enerjiyonetim/vendor/laravel/framework/src/Illuminate/Foundation/Http/Kernel.php(170): Illuminate\\Routing\\Router->dispatch()
#49 /home/bora/Projeler/enerjiyonetim/vendor/laravel/framework/src/Illuminate/Pipeline/Pipeline.php(130): Illuminate\\Foundation\\Http\\Kernel->Illuminate\\Foundation\\Http\\{closure}()
#50 /home/bora/Projeler/enerjiyonetim/vendor/laravel/framework/src/Illuminate/Foundation/Http/Middleware/TransformsRequest.php(21): Illuminate\\Pipeline\\Pipeline->Illuminate\\Pipeline\\{closure}()
#51 /home/bora/Projeler/enerjiyonetim/vendor/laravel/framework/src/Illuminate/Pipeline/Pipeline.php(171): Illuminate\\Foundation\\Http\\Middleware\\TransformsRequest->handle()
#52 /home/bora/Projeler/enerjiyonetim/vendor/laravel/framework/src/Illuminate/Foundation/Http/Middleware/TransformsRequest.php(21): Illuminate\\Pipeline\\Pipeline->Illuminate\\Pipeline\\{closure}()
#53 /home/bora/Projeler/enerjiyonetim/vendor/laravel/framework/src/Illuminate/Pipeline/Pipeline.php(171): Illuminate\\Foundation\\Http\\Middleware\\TransformsRequest->handle()
#54 /home/bora/Projeler/enerjiyonetim/vendor/laravel/framework/src/Illuminate/Foundation/Http/Middleware/ValidatePostSize.php(27): Illuminate\\Pipeline\\Pipeline->Illuminate\\Pipeline\\{closure}()
#55 /home/bora/Projeler/enerjiyonetim/vendor/laravel/framework/src/Illuminate/Pipeline/Pipeline.php(171): Illuminate\\Foundation\\Http\\Middleware\\ValidatePostSize->handle()
#56 /home/bora/Projeler/enerjiyonetim/vendor/laravel/framework/src/Illuminate/Foundation/Http/Middleware/CheckForMaintenanceMode.php(63): Illuminate\\Pipeline\\Pipeline->Illuminate\\Pipeline\\{closure}()
#57 /home/bora/Projeler/enerjiyonetim/vendor/laravel/framework/src/Illuminate/Pipeline/Pipeline.php(171): Illuminate\\Foundation\\Http\\Middleware\\CheckForMaintenanceMode->handle()
#58 /home/bora/Projeler/enerjiyonetim/vendor/fideloper/proxy/src/TrustProxies.php(57): Illuminate\\Pipeline\\Pipeline->Illuminate\\Pipeline\\{closure}()
#59 /home/bora/Projeler/enerjiyonetim/vendor/laravel/framework/src/Illuminate/Pipeline/Pipeline.php(171): Fideloper\\Proxy\\TrustProxies->handle()
#60 /home/bora/Projeler/enerjiyonetim/vendor/laravel/framework/src/Illuminate/Pipeline/Pipeline.php(105): Illuminate\\Pipeline\\Pipeline->Illuminate\\Pipeline\\{closure}()
#61 /home/bora/Projeler/enerjiyonetim/vendor/laravel/framework/src/Illuminate/Foundation/Http/Kernel.php(145): Illuminate\\Pipeline\\Pipeline->then()
#62 /home/bora/Projeler/enerjiyonetim/vendor/laravel/framework/src/Illuminate/Foundation/Http/Kernel.php(110): Illuminate\\Foundation\\Http\\Kernel->sendRequestThroughRouter()
#63 /home/bora/Projeler/enerjiyonetim/public/index.php(55): Illuminate\\Foundation\\Http\\Kernel->handle()
#64 /home/bora/Projeler/enerjiyonetim/server.php(21): require_once('/home/bora/Proj...')
#65 {main}

[previous exception] [object] (ErrorException(code: 0): Undefined variable: company_avatar at /home/bora/Projeler/enerjiyonetim/storage/framework/views/d75c2f1df9ebfad024243c8161e947a023c382a6.php:22)
[stacktrace]
#0 /home/bora/Projeler/enerjiyonetim/storage/framework/views/d75c2f1df9ebfad024243c8161e947a023c382a6.php(22): Illuminate\\Foundation\\Bootstrap\\HandleExceptions->handleError()
#1 /home/bora/Projeler/enerjiyonetim/vendor/laravel/framework/src/Illuminate/View/Engines/PhpEngine.php(43): include('/home/bora/Proj...')
#2 /home/bora/Projeler/enerjiyonetim/vendor/laravel/framework/src/Illuminate/View/Engines/CompilerEngine.php(59): Illuminate\\View\\Engines\\PhpEngine->evaluatePath()
#3 /home/bora/Projeler/enerjiyonetim/vendor/facade/ignition/src/Views/Engines/CompilerEngine.php(36): Illuminate\\View\\Engines\\CompilerEngine->get()
#4 /home/bora/Projeler/enerjiyonetim/vendor/laravel/framework/src/Illuminate/View/View.php(143): Facade\\Ignition\\Views\\Engines\\CompilerEngine->get()
#5 /home/bora/Projeler/enerjiyonetim/vendor/laravel/framework/src/Illuminate/View/View.php(126): Illuminate\\View\\View->getContents()
#6 /home/bora/Projeler/enerjiyonetim/vendor/laravel/framework/src/Illuminate/View/View.php(91): Illuminate\\View\\View->renderContents()
#7 /home/bora/Projeler/enerjiyonetim/storage/framework/views/dd14314686640a3c4413d3e270234415c06bf6f1.php(78): Illuminate\\View\\View->render()
#8 /home/bora/Projeler/enerjiyonetim/vendor/laravel/framework/src/Illuminate/View/Engines/PhpEngine.php(43): include('/home/bora/Proj...')
#9 /home/bora/Projeler/enerjiyonetim/vendor/laravel/framework/src/Illuminate/View/Engines/CompilerEngine.php(59): Illuminate\\View\\Engines\\PhpEngine->evaluatePath()
#10 /home/bora/Projeler/enerjiyonetim/vendor/facade/ignition/src/Views/Engines/CompilerEngine.php(36): Illuminate\\View\\Engines\\CompilerEngine->get()
#11 /home/bora/Projeler/enerjiyonetim/vendor/laravel/framework/src/Illuminate/View/View.php(143): Facade\\Ignition\\Views\\Engines\\CompilerEngine->get()
#12 /home/bora/Projeler/enerjiyonetim/vendor/laravel/framework/src/Illuminate/View/View.php(126): Illuminate\\View\\View->getContents()
#13 /home/bora/Projeler/enerjiyonetim/vendor/laravel/framework/src/Illuminate/View/View.php(91): Illuminate\\View\\View->renderContents()
#14 /home/bora/Projeler/enerjiyonetim/storage/framework/views/81f6293fce84d6d3ccdbd4ee4d57452b774a20ba.php(475): Illuminate\\View\\View->render()
#15 /home/bora/Projeler/enerjiyonetim/vendor/laravel/framework/src/Illuminate/View/Engines/PhpEngine.php(43): include('/home/bora/Proj...')
#16 /home/bora/Projeler/enerjiyonetim/vendor/laravel/framework/src/Illuminate/View/Engines/CompilerEngine.php(59): Illuminate\\View\\Engines\\PhpEngine->evaluatePath()
#17 /home/bora/Projeler/enerjiyonetim/vendor/facade/ignition/src/Views/Engines/CompilerEngine.php(36): Illuminate\\View\\Engines\\CompilerEngine->get()
#18 /home/bora/Projeler/enerjiyonetim/vendor/laravel/framework/src/Illuminate/View/View.php(143): Facade\\Ignition\\Views\\Engines\\CompilerEngine->get()
#19 /home/bora/Projeler/enerjiyonetim/vendor/laravel/framework/src/Illuminate/View/View.php(126): Illuminate\\View\\View->getContents()
#20 /home/bora/Projeler/enerjiyonetim/vendor/laravel/framework/src/Illuminate/View/View.php(91): Illuminate\\View\\View->renderContents()
#21 /home/bora/Projeler/enerjiyonetim/vendor/laravel/framework/src/Illuminate/Http/Response.php(42): Illuminate\\View\\View->render()
#22 /home/bora/Projeler/enerjiyonetim/vendor/symfony/http-foundation/Response.php(205): Illuminate\\Http\\Response->setContent()
#23 /home/bora/Projeler/enerjiyonetim/vendor/laravel/framework/src/Illuminate/Routing/Router.php(749): Symfony\\Component\\HttpFoundation\\Response->__construct()
#24 /home/bora/Projeler/enerjiyonetim/vendor/laravel/framework/src/Illuminate/Routing/Router.php(721): Illuminate\\Routing\\Router::toResponse()
#25 /home/bora/Projeler/enerjiyonetim/vendor/laravel/framework/src/Illuminate/Routing/Router.php(681): Illuminate\\Routing\\Router->prepareResponse()
#26 /home/bora/Projeler/enerjiyonetim/vendor/laravel/framework/src/Illuminate/Pipeline/Pipeline.php(130): Illuminate\\Routing\\Router->Illuminate\\Routing\\{closure}()
#27 /home/bora/Projeler/enerjiyonetim/vendor/tcg/voyager/src/Http/Middleware/VoyagerAdminMiddleware.php(26): Illuminate\\Pipeline\\Pipeline->Illuminate\\Pipeline\\{closure}()
#28 /home/bora/Projeler/enerjiyonetim/vendor/laravel/framework/src/Illuminate/Pipeline/Pipeline.php(171): TCG\\Voyager\\Http\\Middleware\\VoyagerAdminMiddleware->handle()
#29 /home/bora/Projeler/enerjiyonetim/app/Http/Middleware/SetCompany.php(46): Illuminate\\Pipeline\\Pipeline->Illuminate\\Pipeline\\{closure}()
#30 /home/bora/Projeler/enerjiyonetim/vendor/laravel/framework/src/Illuminate/Pipeline/Pipeline.php(171): App\\Http\\Middleware\\SetCompany->handle()
#31 /home/bora/Projeler/enerjiyonetim/vendor/laravel/framework/src/Illuminate/Routing/Middleware/SubstituteBindings.php(41): Illuminate\\Pipeline\\Pipeline->Illuminate\\Pipeline\\{closure}()
#32 /home/bora/Projeler/enerjiyonetim/vendor/laravel/framework/src/Illuminate/Pipeline/Pipeline.php(171): Illuminate\\Routing\\Middleware\\SubstituteBindings->handle()
#33 /home/bora/Projeler/enerjiyonetim/vendor/laravel/framework/src/Illuminate/Foundation/Http/Middleware/VerifyCsrfToken.php(78): Illuminate\\Pipeline\\Pipeline->Illuminate\\Pipeline\\{closure}()
#34 /home/bora/Projeler/enerjiyonetim/vendor/laravel/framework/src/Illuminate/Pipeline/Pipeline.php(171): Illuminate\\Foundation\\Http\\Middleware\\VerifyCsrfToken->handle()
#35 /home/bora/Projeler/enerjiyonetim/vendor/laravel/framework/src/Illuminate/View/Middleware/ShareErrorsFromSession.php(49): Illuminate\\Pipeline\\Pipeline->Illuminate\\Pipeline\\{closure}()
#36 /home/bora/Projeler/enerjiyonetim/vendor/laravel/framework/src/Illuminate/Pipeline/Pipeline.php(171): Illuminate\\View\\Middleware\\ShareErrorsFromSession->handle()
#37 /home/bora/Projeler/enerjiyonetim/vendor/laravel/framework/src/Illuminate/Session/Middleware/StartSession.php(56): Illuminate\\Pipeline\\Pipeline->Illuminate\\Pipeline\\{closure}()
#38 /home/bora/Projeler/enerjiyonetim/vendor/laravel/framework/src/Illuminate/Pipeline/Pipeline.php(171): Illuminate\\Session\\Middleware\\StartSession->handle()
#39 /home/bora/Projeler/enerjiyonetim/vendor/laravel/framework/src/Illuminate/Cookie/Middleware/AddQueuedCookiesToResponse.php(37): Illuminate\\Pipeline\\Pipeline->Illuminate\\Pipeline\\{closure}()
#40 /home/bora/Projeler/enerjiyonetim/vendor/laravel/framework/src/Illuminate/Pipeline/Pipeline.php(171): Illuminate\\Cookie\\Middleware\\AddQueuedCookiesToResponse->handle()
#41 /home/bora/Projeler/enerjiyonetim/vendor/laravel/framework/src/Illuminate/Cookie/Middleware/EncryptCookies.php(67): Illuminate\\Pipeline\\Pipeline->Illuminate\\Pipeline\\{closure}()
#42 /home/bora/Projeler/enerjiyonetim/vendor/laravel/framework/src/Illuminate/Pipeline/Pipeline.php(171): Illuminate\\Cookie\\Middleware\\EncryptCookies->handle()
#43 /home/bora/Projeler/enerjiyonetim/vendor/laravel/framework/src/Illuminate/Pipeline/Pipeline.php(105): Illuminate\\Pipeline\\Pipeline->Illuminate\\Pipeline\\{closure}()
#44 /home/bora/Projeler/enerjiyonetim/vendor/laravel/framework/src/Illuminate/Routing/Router.php(683): Illuminate\\Pipeline\\Pipeline->then()
#45 /home/bora/Projeler/enerjiyonetim/vendor/laravel/framework/src/Illuminate/Routing/Router.php(658): Illuminate\\Routing\\Router->runRouteWithinStack()
#46 /home/bora/Projeler/enerjiyonetim/vendor/laravel/framework/src/Illuminate/Routing/Router.php(624): Illuminate\\Routing\\Router->runRoute()
#47 /home/bora/Projeler/enerjiyonetim/vendor/laravel/framework/src/Illuminate/Routing/Router.php(613): Illuminate\\Routing\\Router->dispatchToRoute()
#48 /home/bora/Projeler/enerjiyonetim/vendor/laravel/framework/src/Illuminate/Foundation/Http/Kernel.php(170): Illuminate\\Routing\\Router->dispatch()
#49 /home/bora/Projeler/enerjiyonetim/vendor/laravel/framework/src/Illuminate/Pipeline/Pipeline.php(130): Illuminate\\Foundation\\Http\\Kernel->Illuminate\\Foundation\\Http\\{closure}()
#50 /home/bora/Projeler/enerjiyonetim/vendor/laravel/framework/src/Illuminate/Foundation/Http/Middleware/TransformsRequest.php(21): Illuminate\\Pipeline\\Pipeline->Illuminate\\Pipeline\\{closure}()
#51 /home/bora/Projeler/enerjiyonetim/vendor/laravel/framework/src/Illuminate/Pipeline/Pipeline.php(171): Illuminate\\Foundation\\Http\\Middleware\\TransformsRequest->handle()
#52 /home/bora/Projeler/enerjiyonetim/vendor/laravel/framework/src/Illuminate/Foundation/Http/Middleware/TransformsRequest.php(21): Illuminate\\Pipeline\\Pipeline->Illuminate\\Pipeline\\{closure}()
#53 /home/bora/Projeler/enerjiyonetim/vendor/laravel/framework/src/Illuminate/Pipeline/Pipeline.php(171): Illuminate\\Foundation\\Http\\Middleware\\TransformsRequest->handle()
#54 /home/bora/Projeler/enerjiyonetim/vendor/laravel/framework/src/Illuminate/Foundation/Http/Middleware/ValidatePostSize.php(27): Illuminate\\Pipeline\\Pipeline->Illuminate\\Pipeline\\{closure}()
#55 /home/bora/Projeler/enerjiyonetim/vendor/laravel/framework/src/Illuminate/Pipeline/Pipeline.php(171): Illuminate\\Foundation\\Http\\Middleware\\ValidatePostSize->handle()
#56 /home/bora/Projeler/enerjiyonetim/vendor/laravel/framework/src/Illuminate/Foundation/Http/Middleware/CheckForMaintenanceMode.php(63): Illuminate\\Pipeline\\Pipeline->Illuminate\\Pipeline\\{closure}()
#57 /home/bora/Projeler/enerjiyonetim/vendor/laravel/framework/src/Illuminate/Pipeline/Pipeline.php(171): Illuminate\\Foundation\\Http\\Middleware\\CheckForMaintenanceMode->handle()
#58 /home/bora/Projeler/enerjiyonetim/vendor/fideloper/proxy/src/TrustProxies.php(57): Illuminate\\Pipeline\\Pipeline->Illuminate\\Pipeline\\{closure}()
#59 /home/bora/Projeler/enerjiyonetim/vendor/laravel/framework/src/Illuminate/Pipeline/Pipeline.php(171): Fideloper\\Proxy\\TrustProxies->handle()
#60 /home/bora/Projeler/enerjiyonetim/vendor/laravel/framework/src/Illuminate/Pipeline/Pipeline.php(105): Illuminate\\Pipeline\\Pipeline->Illuminate\\Pipeline\\{closure}()
#61 /home/bora/Projeler/enerjiyonetim/vendor/laravel/framework/src/Illuminate/Foundation/Http/Kernel.php(145): Illuminate\\Pipeline\\Pipeline->then()
#62 /home/bora/Projeler/enerjiyonetim/vendor/laravel/framework/src/Illuminate/Foundation/Http/Kernel.php(110): Illuminate\\Foundation\\Http\\Kernel->sendRequestThroughRouter()
#63 /home/bora/Projeler/enerjiyonetim/public/index.php(55): Illuminate\\Foundation\\Http\\Kernel->handle()
#64 /home/bora/Projeler/enerjiyonetim/server.php(21): require_once('/home/bora/Proj...')
#65 {main}
"} 
[2021-09-05 22:46:00] local.ERROR: Undefined variable: company_avatar (View: /home/bora/Projeler/enerjiyonetim/resources/views/vendor/voyager/dashboard/sidebar.blade.php) {"userId":1,"exception":"[object] (Facade\\Ignition\\Exceptions\\ViewException(code: 0): Undefined variable: company_avatar (View: /home/bora/Projeler/enerjiyonetim/resources/views/vendor/voyager/dashboard/sidebar.blade.php) at /home/bora/Projeler/enerjiyonetim/resources/views/vendor/voyager/dashboard/sidebar.blade.php:22)
[stacktrace]
#0 /home/bora/Projeler/enerjiyonetim/resources/views/vendor/voyager/dashboard/sidebar.blade.php(22): Illuminate\\Foundation\\Bootstrap\\HandleExceptions->handleError()
#1 /home/bora/Projeler/enerjiyonetim/vendor/laravel/framework/src/Illuminate/View/Engines/PhpEngine.php(43): include('/home/bora/Proj...')
#2 /home/bora/Projeler/enerjiyonetim/vendor/laravel/framework/src/Illuminate/View/Engines/CompilerEngine.php(59): Illuminate\\View\\Engines\\PhpEngine->evaluatePath()
#3 /home/bora/Projeler/enerjiyonetim/vendor/facade/ignition/src/Views/Engines/CompilerEngine.php(36): Illuminate\\View\\Engines\\CompilerEngine->get()
#4 /home/bora/Projeler/enerjiyonetim/vendor/laravel/framework/src/Illuminate/View/View.php(143): Facade\\Ignition\\Views\\Engines\\CompilerEngine->get()
#5 /home/bora/Projeler/enerjiyonetim/vendor/laravel/framework/src/Illuminate/View/View.php(126): Illuminate\\View\\View->getContents()
#6 /home/bora/Projeler/enerjiyonetim/vendor/laravel/framework/src/Illuminate/View/View.php(91): Illuminate\\View\\View->renderContents()
#7 /home/bora/Projeler/enerjiyonetim/vendor/tcg/voyager/src/../resources/views/master.blade.php(78): Illuminate\\View\\View->render()
#8 /home/bora/Projeler/enerjiyonetim/vendor/laravel/framework/src/Illuminate/View/Engines/PhpEngine.php(43): include('/home/bora/Proj...')
#9 /home/bora/Projeler/enerjiyonetim/vendor/laravel/framework/src/Illuminate/View/Engines/CompilerEngine.php(59): Illuminate\\View\\Engines\\PhpEngine->evaluatePath()
#10 /home/bora/Projeler/enerjiyonetim/vendor/facade/ignition/src/Views/Engines/CompilerEngine.php(36): Illuminate\\View\\Engines\\CompilerEngine->get()
#11 /home/bora/Projeler/enerjiyonetim/vendor/laravel/framework/src/Illuminate/View/View.php(143): Facade\\Ignition\\Views\\Engines\\CompilerEngine->get()
#12 /home/bora/Projeler/enerjiyonetim/vendor/laravel/framework/src/Illuminate/View/View.php(126): Illuminate\\View\\View->getContents()
#13 /home/bora/Projeler/enerjiyonetim/vendor/laravel/framework/src/Illuminate/View/View.php(91): Illuminate\\View\\View->renderContents()
#14 /home/bora/Projeler/enerjiyonetim/vendor/tcg/voyager/src/../resources/views/index.blade.php(475): Illuminate\\View\\View->render()
#15 /home/bora/Projeler/enerjiyonetim/vendor/laravel/framework/src/Illuminate/View/Engines/PhpEngine.php(43): include('/home/bora/Proj...')
#16 /home/bora/Projeler/enerjiyonetim/vendor/laravel/framework/src/Illuminate/View/Engines/CompilerEngine.php(59): Illuminate\\View\\Engines\\PhpEngine->evaluatePath()
#17 /home/bora/Projeler/enerjiyonetim/vendor/facade/ignition/src/Views/Engines/CompilerEngine.php(36): Illuminate\\View\\Engines\\CompilerEngine->get()
#18 /home/bora/Projeler/enerjiyonetim/vendor/laravel/framework/src/Illuminate/View/View.php(143): Facade\\Ignition\\Views\\Engines\\CompilerEngine->get()
#19 /home/bora/Projeler/enerjiyonetim/vendor/laravel/framework/src/Illuminate/View/View.php(126): Illuminate\\View\\View->getContents()
#20 /home/bora/Projeler/enerjiyonetim/vendor/laravel/framework/src/Illuminate/View/View.php(91): Illuminate\\View\\View->renderContents()
#21 /home/bora/Projeler/enerjiyonetim/vendor/laravel/framework/src/Illuminate/Http/Response.php(42): Illuminate\\View\\View->render()
#22 /home/bora/Projeler/enerjiyonetim/vendor/symfony/http-foundation/Response.php(205): Illuminate\\Http\\Response->setContent()
#23 /home/bora/Projeler/enerjiyonetim/vendor/laravel/framework/src/Illuminate/Routing/Router.php(749): Symfony\\Component\\HttpFoundation\\Response->__construct()
#24 /home/bora/Projeler/enerjiyonetim/vendor/laravel/framework/src/Illuminate/Routing/Router.php(721): Illuminate\\Routing\\Router::toResponse()
#25 /home/bora/Projeler/enerjiyonetim/vendor/laravel/framework/src/Illuminate/Routing/Router.php(681): Illuminate\\Routing\\Router->prepareResponse()
#26 /home/bora/Projeler/enerjiyonetim/vendor/laravel/framework/src/Illuminate/Pipeline/Pipeline.php(130): Illuminate\\Routing\\Router->Illuminate\\Routing\\{closure}()
#27 /home/bora/Projeler/enerjiyonetim/vendor/tcg/voyager/src/Http/Middleware/VoyagerAdminMiddleware.php(26): Illuminate\\Pipeline\\Pipeline->Illuminate\\Pipeline\\{closure}()
#28 /home/bora/Projeler/enerjiyonetim/vendor/laravel/framework/src/Illuminate/Pipeline/Pipeline.php(171): TCG\\Voyager\\Http\\Middleware\\VoyagerAdminMiddleware->handle()
#29 /home/bora/Projeler/enerjiyonetim/app/Http/Middleware/SetCompany.php(46): Illuminate\\Pipeline\\Pipeline->Illuminate\\Pipeline\\{closure}()
#30 /home/bora/Projeler/enerjiyonetim/vendor/laravel/framework/src/Illuminate/Pipeline/Pipeline.php(171): App\\Http\\Middleware\\SetCompany->handle()
#31 /home/bora/Projeler/enerjiyonetim/vendor/laravel/framework/src/Illuminate/Routing/Middleware/SubstituteBindings.php(41): Illuminate\\Pipeline\\Pipeline->Illuminate\\Pipeline\\{closure}()
#32 /home/bora/Projeler/enerjiyonetim/vendor/laravel/framework/src/Illuminate/Pipeline/Pipeline.php(171): Illuminate\\Routing\\Middleware\\SubstituteBindings->handle()
#33 /home/bora/Projeler/enerjiyonetim/vendor/laravel/framework/src/Illuminate/Foundation/Http/Middleware/VerifyCsrfToken.php(78): Illuminate\\Pipeline\\Pipeline->Illuminate\\Pipeline\\{closure}()
#34 /home/bora/Projeler/enerjiyonetim/vendor/laravel/framework/src/Illuminate/Pipeline/Pipeline.php(171): Illuminate\\Foundation\\Http\\Middleware\\VerifyCsrfToken->handle()
#35 /home/bora/Projeler/enerjiyonetim/vendor/laravel/framework/src/Illuminate/View/Middleware/ShareErrorsFromSession.php(49): Illuminate\\Pipeline\\Pipeline->Illuminate\\Pipeline\\{closure}()
#36 /home/bora/Projeler/enerjiyonetim/vendor/laravel/framework/src/Illuminate/Pipeline/Pipeline.php(171): Illuminate\\View\\Middleware\\ShareErrorsFromSession->handle()
#37 /home/bora/Projeler/enerjiyonetim/vendor/laravel/framework/src/Illuminate/Session/Middleware/StartSession.php(56): Illuminate\\Pipeline\\Pipeline->Illuminate\\Pipeline\\{closure}()
#38 /home/bora/Projeler/enerjiyonetim/vendor/laravel/framework/src/Illuminate/Pipeline/Pipeline.php(171): Illuminate\\Session\\Middleware\\StartSession->handle()
#39 /home/bora/Projeler/enerjiyonetim/vendor/laravel/framework/src/Illuminate/Cookie/Middleware/AddQueuedCookiesToResponse.php(37): Illuminate\\Pipeline\\Pipeline->Illuminate\\Pipeline\\{closure}()
#40 /home/bora/Projeler/enerjiyonetim/vendor/laravel/framework/src/Illuminate/Pipeline/Pipeline.php(171): Illuminate\\Cookie\\Middleware\\AddQueuedCookiesToResponse->handle()
#41 /home/bora/Projeler/enerjiyonetim/vendor/laravel/framework/src/Illuminate/Cookie/Middleware/EncryptCookies.php(67): Illuminate\\Pipeline\\Pipeline->Illuminate\\Pipeline\\{closure}()
#42 /home/bora/Projeler/enerjiyonetim/vendor/laravel/framework/src/Illuminate/Pipeline/Pipeline.php(171): Illuminate\\Cookie\\Middleware\\EncryptCookies->handle()
#43 /home/bora/Projeler/enerjiyonetim/vendor/laravel/framework/src/Illuminate/Pipeline/Pipeline.php(105): Illuminate\\Pipeline\\Pipeline->Illuminate\\Pipeline\\{closure}()
#44 /home/bora/Projeler/enerjiyonetim/vendor/laravel/framework/src/Illuminate/Routing/Router.php(683): Illuminate\\Pipeline\\Pipeline->then()
#45 /home/bora/Projeler/enerjiyonetim/vendor/laravel/framework/src/Illuminate/Routing/Router.php(658): Illuminate\\Routing\\Router->runRouteWithinStack()
#46 /home/bora/Projeler/enerjiyonetim/vendor/laravel/framework/src/Illuminate/Routing/Router.php(624): Illuminate\\Routing\\Router->runRoute()
#47 /home/bora/Projeler/enerjiyonetim/vendor/laravel/framework/src/Illuminate/Routing/Router.php(613): Illuminate\\Routing\\Router->dispatchToRoute()
#48 /home/bora/Projeler/enerjiyonetim/vendor/laravel/framework/src/Illuminate/Foundation/Http/Kernel.php(170): Illuminate\\Routing\\Router->dispatch()
#49 /home/bora/Projeler/enerjiyonetim/vendor/laravel/framework/src/Illuminate/Pipeline/Pipeline.php(130): Illuminate\\Foundation\\Http\\Kernel->Illuminate\\Foundation\\Http\\{closure}()
#50 /home/bora/Projeler/enerjiyonetim/vendor/laravel/framework/src/Illuminate/Foundation/Http/Middleware/TransformsRequest.php(21): Illuminate\\Pipeline\\Pipeline->Illuminate\\Pipeline\\{closure}()
#51 /home/bora/Projeler/enerjiyonetim/vendor/laravel/framework/src/Illuminate/Pipeline/Pipeline.php(171): Illuminate\\Foundation\\Http\\Middleware\\TransformsRequest->handle()
#52 /home/bora/Projeler/enerjiyonetim/vendor/laravel/framework/src/Illuminate/Foundation/Http/Middleware/TransformsRequest.php(21): Illuminate\\Pipeline\\Pipeline->Illuminate\\Pipeline\\{closure}()
#53 /home/bora/Projeler/enerjiyonetim/vendor/laravel/framework/src/Illuminate/Pipeline/Pipeline.php(171): Illuminate\\Foundation\\Http\\Middleware\\TransformsRequest->handle()
#54 /home/bora/Projeler/enerjiyonetim/vendor/laravel/framework/src/Illuminate/Foundation/Http/Middleware/ValidatePostSize.php(27): Illuminate\\Pipeline\\Pipeline->Illuminate\\Pipeline\\{closure}()
#55 /home/bora/Projeler/enerjiyonetim/vendor/laravel/framework/src/Illuminate/Pipeline/Pipeline.php(171): Illuminate\\Foundation\\Http\\Middleware\\ValidatePostSize->handle()
#56 /home/bora/Projeler/enerjiyonetim/vendor/laravel/framework/src/Illuminate/Foundation/Http/Middleware/CheckForMaintenanceMode.php(63): Illuminate\\Pipeline\\Pipeline->Illuminate\\Pipeline\\{closure}()
#57 /home/bora/Projeler/enerjiyonetim/vendor/laravel/framework/src/Illuminate/Pipeline/Pipeline.php(171): Illuminate\\Foundation\\Http\\Middleware\\CheckForMaintenanceMode->handle()
#58 /home/bora/Projeler/enerjiyonetim/vendor/fideloper/proxy/src/TrustProxies.php(57): Illuminate\\Pipeline\\Pipeline->Illuminate\\Pipeline\\{closure}()
#59 /home/bora/Projeler/enerjiyonetim/vendor/laravel/framework/src/Illuminate/Pipeline/Pipeline.php(171): Fideloper\\Proxy\\TrustProxies->handle()
#60 /home/bora/Projeler/enerjiyonetim/vendor/laravel/framework/src/Illuminate/Pipeline/Pipeline.php(105): Illuminate\\Pipeline\\Pipeline->Illuminate\\Pipeline\\{closure}()
#61 /home/bora/Projeler/enerjiyonetim/vendor/laravel/framework/src/Illuminate/Foundation/Http/Kernel.php(145): Illuminate\\Pipeline\\Pipeline->then()
#62 /home/bora/Projeler/enerjiyonetim/vendor/laravel/framework/src/Illuminate/Foundation/Http/Kernel.php(110): Illuminate\\Foundation\\Http\\Kernel->sendRequestThroughRouter()
#63 /home/bora/Projeler/enerjiyonetim/public/index.php(55): Illuminate\\Foundation\\Http\\Kernel->handle()
#64 /home/bora/Projeler/enerjiyonetim/server.php(21): require_once('/home/bora/Proj...')
#65 {main}

[previous exception] [object] (ErrorException(code: 0): Undefined variable: company_avatar at /home/bora/Projeler/enerjiyonetim/storage/framework/views/d75c2f1df9ebfad024243c8161e947a023c382a6.php:22)
[stacktrace]
#0 /home/bora/Projeler/enerjiyonetim/storage/framework/views/d75c2f1df9ebfad024243c8161e947a023c382a6.php(22): Illuminate\\Foundation\\Bootstrap\\HandleExceptions->handleError()
#1 /home/bora/Projeler/enerjiyonetim/vendor/laravel/framework/src/Illuminate/View/Engines/PhpEngine.php(43): include('/home/bora/Proj...')
#2 /home/bora/Projeler/enerjiyonetim/vendor/laravel/framework/src/Illuminate/View/Engines/CompilerEngine.php(59): Illuminate\\View\\Engines\\PhpEngine->evaluatePath()
#3 /home/bora/Projeler/enerjiyonetim/vendor/facade/ignition/src/Views/Engines/CompilerEngine.php(36): Illuminate\\View\\Engines\\CompilerEngine->get()
#4 /home/bora/Projeler/enerjiyonetim/vendor/laravel/framework/src/Illuminate/View/View.php(143): Facade\\Ignition\\Views\\Engines\\CompilerEngine->get()
#5 /home/bora/Projeler/enerjiyonetim/vendor/laravel/framework/src/Illuminate/View/View.php(126): Illuminate\\View\\View->getContents()
#6 /home/bora/Projeler/enerjiyonetim/vendor/laravel/framework/src/Illuminate/View/View.php(91): Illuminate\\View\\View->renderContents()
#7 /home/bora/Projeler/enerjiyonetim/storage/framework/views/dd14314686640a3c4413d3e270234415c06bf6f1.php(78): Illuminate\\View\\View->render()
#8 /home/bora/Projeler/enerjiyonetim/vendor/laravel/framework/src/Illuminate/View/Engines/PhpEngine.php(43): include('/home/bora/Proj...')
#9 /home/bora/Projeler/enerjiyonetim/vendor/laravel/framework/src/Illuminate/View/Engines/CompilerEngine.php(59): Illuminate\\View\\Engines\\PhpEngine->evaluatePath()
#10 /home/bora/Projeler/enerjiyonetim/vendor/facade/ignition/src/Views/Engines/CompilerEngine.php(36): Illuminate\\View\\Engines\\CompilerEngine->get()
#11 /home/bora/Projeler/enerjiyonetim/vendor/laravel/framework/src/Illuminate/View/View.php(143): Facade\\Ignition\\Views\\Engines\\CompilerEngine->get()
#12 /home/bora/Projeler/enerjiyonetim/vendor/laravel/framework/src/Illuminate/View/View.php(126): Illuminate\\View\\View->getContents()
#13 /home/bora/Projeler/enerjiyonetim/vendor/laravel/framework/src/Illuminate/View/View.php(91): Illuminate\\View\\View->renderContents()
#14 /home/bora/Projeler/enerjiyonetim/storage/framework/views/81f6293fce84d6d3ccdbd4ee4d57452b774a20ba.php(475): Illuminate\\View\\View->render()
#15 /home/bora/Projeler/enerjiyonetim/vendor/laravel/framework/src/Illuminate/View/Engines/PhpEngine.php(43): include('/home/bora/Proj...')
#16 /home/bora/Projeler/enerjiyonetim/vendor/laravel/framework/src/Illuminate/View/Engines/CompilerEngine.php(59): Illuminate\\View\\Engines\\PhpEngine->evaluatePath()
#17 /home/bora/Projeler/enerjiyonetim/vendor/facade/ignition/src/Views/Engines/CompilerEngine.php(36): Illuminate\\View\\Engines\\CompilerEngine->get()
#18 /home/bora/Projeler/enerjiyonetim/vendor/laravel/framework/src/Illuminate/View/View.php(143): Facade\\Ignition\\Views\\Engines\\CompilerEngine->get()
#19 /home/bora/Projeler/enerjiyonetim/vendor/laravel/framework/src/Illuminate/View/View.php(126): Illuminate\\View\\View->getContents()
#20 /home/bora/Projeler/enerjiyonetim/vendor/laravel/framework/src/Illuminate/View/View.php(91): Illuminate\\View\\View->renderContents()
#21 /home/bora/Projeler/enerjiyonetim/vendor/laravel/framework/src/Illuminate/Http/Response.php(42): Illuminate\\View\\View->render()
#22 /home/bora/Projeler/enerjiyonetim/vendor/symfony/http-foundation/Response.php(205): Illuminate\\Http\\Response->setContent()
#23 /home/bora/Projeler/enerjiyonetim/vendor/laravel/framework/src/Illuminate/Routing/Router.php(749): Symfony\\Component\\HttpFoundation\\Response->__construct()
#24 /home/bora/Projeler/enerjiyonetim/vendor/laravel/framework/src/Illuminate/Routing/Router.php(721): Illuminate\\Routing\\Router::toResponse()
#25 /home/bora/Projeler/enerjiyonetim/vendor/laravel/framework/src/Illuminate/Routing/Router.php(681): Illuminate\\Routing\\Router->prepareResponse()
#26 /home/bora/Projeler/enerjiyonetim/vendor/laravel/framework/src/Illuminate/Pipeline/Pipeline.php(130): Illuminate\\Routing\\Router->Illuminate\\Routing\\{closure}()
#27 /home/bora/Projeler/enerjiyonetim/vendor/tcg/voyager/src/Http/Middleware/VoyagerAdminMiddleware.php(26): Illuminate\\Pipeline\\Pipeline->Illuminate\\Pipeline\\{closure}()
#28 /home/bora/Projeler/enerjiyonetim/vendor/laravel/framework/src/Illuminate/Pipeline/Pipeline.php(171): TCG\\Voyager\\Http\\Middleware\\VoyagerAdminMiddleware->handle()
#29 /home/bora/Projeler/enerjiyonetim/app/Http/Middleware/SetCompany.php(46): Illuminate\\Pipeline\\Pipeline->Illuminate\\Pipeline\\{closure}()
#30 /home/bora/Projeler/enerjiyonetim/vendor/laravel/framework/src/Illuminate/Pipeline/Pipeline.php(171): App\\Http\\Middleware\\SetCompany->handle()
#31 /home/bora/Projeler/enerjiyonetim/vendor/laravel/framework/src/Illuminate/Routing/Middleware/SubstituteBindings.php(41): Illuminate\\Pipeline\\Pipeline->Illuminate\\Pipeline\\{closure}()
#32 /home/bora/Projeler/enerjiyonetim/vendor/laravel/framework/src/Illuminate/Pipeline/Pipeline.php(171): Illuminate\\Routing\\Middleware\\SubstituteBindings->handle()
#33 /home/bora/Projeler/enerjiyonetim/vendor/laravel/framework/src/Illuminate/Foundation/Http/Middleware/VerifyCsrfToken.php(78): Illuminate\\Pipeline\\Pipeline->Illuminate\\Pipeline\\{closure}()
#34 /home/bora/Projeler/enerjiyonetim/vendor/laravel/framework/src/Illuminate/Pipeline/Pipeline.php(171): Illuminate\\Foundation\\Http\\Middleware\\VerifyCsrfToken->handle()
#35 /home/bora/Projeler/enerjiyonetim/vendor/laravel/framework/src/Illuminate/View/Middleware/ShareErrorsFromSession.php(49): Illuminate\\Pipeline\\Pipeline->Illuminate\\Pipeline\\{closure}()
#36 /home/bora/Projeler/enerjiyonetim/vendor/laravel/framework/src/Illuminate/Pipeline/Pipeline.php(171): Illuminate\\View\\Middleware\\ShareErrorsFromSession->handle()
#37 /home/bora/Projeler/enerjiyonetim/vendor/laravel/framework/src/Illuminate/Session/Middleware/StartSession.php(56): Illuminate\\Pipeline\\Pipeline->Illuminate\\Pipeline\\{closure}()
#38 /home/bora/Projeler/enerjiyonetim/vendor/laravel/framework/src/Illuminate/Pipeline/Pipeline.php(171): Illuminate\\Session\\Middleware\\StartSession->handle()
#39 /home/bora/Projeler/enerjiyonetim/vendor/laravel/framework/src/Illuminate/Cookie/Middleware/AddQueuedCookiesToResponse.php(37): Illuminate\\Pipeline\\Pipeline->Illuminate\\Pipeline\\{closure}()
#40 /home/bora/Projeler/enerjiyonetim/vendor/laravel/framework/src/Illuminate/Pipeline/Pipeline.php(171): Illuminate\\Cookie\\Middleware\\AddQueuedCookiesToResponse->handle()
#41 /home/bora/Projeler/enerjiyonetim/vendor/laravel/framework/src/Illuminate/Cookie/Middleware/EncryptCookies.php(67): Illuminate\\Pipeline\\Pipeline->Illuminate\\Pipeline\\{closure}()
#42 /home/bora/Projeler/enerjiyonetim/vendor/laravel/framework/src/Illuminate/Pipeline/Pipeline.php(171): Illuminate\\Cookie\\Middleware\\EncryptCookies->handle()
#43 /home/bora/Projeler/enerjiyonetim/vendor/laravel/framework/src/Illuminate/Pipeline/Pipeline.php(105): Illuminate\\Pipeline\\Pipeline->Illuminate\\Pipeline\\{closure}()
#44 /home/bora/Projeler/enerjiyonetim/vendor/laravel/framework/src/Illuminate/Routing/Router.php(683): Illuminate\\Pipeline\\Pipeline->then()
#45 /home/bora/Projeler/enerjiyonetim/vendor/laravel/framework/src/Illuminate/Routing/Router.php(658): Illuminate\\Routing\\Router->runRouteWithinStack()
#46 /home/bora/Projeler/enerjiyonetim/vendor/laravel/framework/src/Illuminate/Routing/Router.php(624): Illuminate\\Routing\\Router->runRoute()
#47 /home/bora/Projeler/enerjiyonetim/vendor/laravel/framework/src/Illuminate/Routing/Router.php(613): Illuminate\\Routing\\Router->dispatchToRoute()
#48 /home/bora/Projeler/enerjiyonetim/vendor/laravel/framework/src/Illuminate/Foundation/Http/Kernel.php(170): Illuminate\\Routing\\Router->dispatch()
#49 /home/bora/Projeler/enerjiyonetim/vendor/laravel/framework/src/Illuminate/Pipeline/Pipeline.php(130): Illuminate\\Foundation\\Http\\Kernel->Illuminate\\Foundation\\Http\\{closure}()
#50 /home/bora/Projeler/enerjiyonetim/vendor/laravel/framework/src/Illuminate/Foundation/Http/Middleware/TransformsRequest.php(21): Illuminate\\Pipeline\\Pipeline->Illuminate\\Pipeline\\{closure}()
#51 /home/bora/Projeler/enerjiyonetim/vendor/laravel/framework/src/Illuminate/Pipeline/Pipeline.php(171): Illuminate\\Foundation\\Http\\Middleware\\TransformsRequest->handle()
#52 /home/bora/Projeler/enerjiyonetim/vendor/laravel/framework/src/Illuminate/Foundation/Http/Middleware/TransformsRequest.php(21): Illuminate\\Pipeline\\Pipeline->Illuminate\\Pipeline\\{closure}()
#53 /home/bora/Projeler/enerjiyonetim/vendor/laravel/framework/src/Illuminate/Pipeline/Pipeline.php(171): Illuminate\\Foundation\\Http\\Middleware\\TransformsRequest->handle()
#54 /home/bora/Projeler/enerjiyonetim/vendor/laravel/framework/src/Illuminate/Foundation/Http/Middleware/ValidatePostSize.php(27): Illuminate\\Pipeline\\Pipeline->Illuminate\\Pipeline\\{closure}()
#55 /home/bora/Projeler/enerjiyonetim/vendor/laravel/framework/src/Illuminate/Pipeline/Pipeline.php(171): Illuminate\\Foundation\\Http\\Middleware\\ValidatePostSize->handle()
#56 /home/bora/Projeler/enerjiyonetim/vendor/laravel/framework/src/Illuminate/Foundation/Http/Middleware/CheckForMaintenanceMode.php(63): Illuminate\\Pipeline\\Pipeline->Illuminate\\Pipeline\\{closure}()
#57 /home/bora/Projeler/enerjiyonetim/vendor/laravel/framework/src/Illuminate/Pipeline/Pipeline.php(171): Illuminate\\Foundation\\Http\\Middleware\\CheckForMaintenanceMode->handle()
#58 /home/bora/Projeler/enerjiyonetim/vendor/fideloper/proxy/src/TrustProxies.php(57): Illuminate\\Pipeline\\Pipeline->Illuminate\\Pipeline\\{closure}()
#59 /home/bora/Projeler/enerjiyonetim/vendor/laravel/framework/src/Illuminate/Pipeline/Pipeline.php(171): Fideloper\\Proxy\\TrustProxies->handle()
#60 /home/bora/Projeler/enerjiyonetim/vendor/laravel/framework/src/Illuminate/Pipeline/Pipeline.php(105): Illuminate\\Pipeline\\Pipeline->Illuminate\\Pipeline\\{closure}()
#61 /home/bora/Projeler/enerjiyonetim/vendor/laravel/framework/src/Illuminate/Foundation/Http/Kernel.php(145): Illuminate\\Pipeline\\Pipeline->then()
#62 /home/bora/Projeler/enerjiyonetim/vendor/laravel/framework/src/Illuminate/Foundation/Http/Kernel.php(110): Illuminate\\Foundation\\Http\\Kernel->sendRequestThroughRouter()
#63 /home/bora/Projeler/enerjiyonetim/public/index.php(55): Illuminate\\Foundation\\Http\\Kernel->handle()
#64 /home/bora/Projeler/enerjiyonetim/server.php(21): require_once('/home/bora/Proj...')
#65 {main}
"} 
[2021-09-05 22:46:38] local.ERROR: Undefined variable: company_avatar (View: /home/bora/Projeler/enerjiyonetim/resources/views/vendor/voyager/dashboard/sidebar.blade.php) {"userId":1,"exception":"[object] (Facade\\Ignition\\Exceptions\\ViewException(code: 0): Undefined variable: company_avatar (View: /home/bora/Projeler/enerjiyonetim/resources/views/vendor/voyager/dashboard/sidebar.blade.php) at /home/bora/Projeler/enerjiyonetim/resources/views/vendor/voyager/dashboard/sidebar.blade.php:22)
[stacktrace]
#0 /home/bora/Projeler/enerjiyonetim/resources/views/vendor/voyager/dashboard/sidebar.blade.php(22): Illuminate\\Foundation\\Bootstrap\\HandleExceptions->handleError()
#1 /home/bora/Projeler/enerjiyonetim/vendor/laravel/framework/src/Illuminate/View/Engines/PhpEngine.php(43): include('/home/bora/Proj...')
#2 /home/bora/Projeler/enerjiyonetim/vendor/laravel/framework/src/Illuminate/View/Engines/CompilerEngine.php(59): Illuminate\\View\\Engines\\PhpEngine->evaluatePath()
#3 /home/bora/Projeler/enerjiyonetim/vendor/facade/ignition/src/Views/Engines/CompilerEngine.php(36): Illuminate\\View\\Engines\\CompilerEngine->get()
#4 /home/bora/Projeler/enerjiyonetim/vendor/laravel/framework/src/Illuminate/View/View.php(143): Facade\\Ignition\\Views\\Engines\\CompilerEngine->get()
#5 /home/bora/Projeler/enerjiyonetim/vendor/laravel/framework/src/Illuminate/View/View.php(126): Illuminate\\View\\View->getContents()
#6 /home/bora/Projeler/enerjiyonetim/vendor/laravel/framework/src/Illuminate/View/View.php(91): Illuminate\\View\\View->renderContents()
#7 /home/bora/Projeler/enerjiyonetim/vendor/tcg/voyager/src/../resources/views/master.blade.php(78): Illuminate\\View\\View->render()
#8 /home/bora/Projeler/enerjiyonetim/vendor/laravel/framework/src/Illuminate/View/Engines/PhpEngine.php(43): include('/home/bora/Proj...')
#9 /home/bora/Projeler/enerjiyonetim/vendor/laravel/framework/src/Illuminate/View/Engines/CompilerEngine.php(59): Illuminate\\View\\Engines\\PhpEngine->evaluatePath()
#10 /home/bora/Projeler/enerjiyonetim/vendor/facade/ignition/src/Views/Engines/CompilerEngine.php(36): Illuminate\\View\\Engines\\CompilerEngine->get()
#11 /home/bora/Projeler/enerjiyonetim/vendor/laravel/framework/src/Illuminate/View/View.php(143): Facade\\Ignition\\Views\\Engines\\CompilerEngine->get()
#12 /home/bora/Projeler/enerjiyonetim/vendor/laravel/framework/src/Illuminate/View/View.php(126): Illuminate\\View\\View->getContents()
#13 /home/bora/Projeler/enerjiyonetim/vendor/laravel/framework/src/Illuminate/View/View.php(91): Illuminate\\View\\View->renderContents()
#14 /home/bora/Projeler/enerjiyonetim/vendor/tcg/voyager/src/../resources/views/index.blade.php(475): Illuminate\\View\\View->render()
#15 /home/bora/Projeler/enerjiyonetim/vendor/laravel/framework/src/Illuminate/View/Engines/PhpEngine.php(43): include('/home/bora/Proj...')
#16 /home/bora/Projeler/enerjiyonetim/vendor/laravel/framework/src/Illuminate/View/Engines/CompilerEngine.php(59): Illuminate\\View\\Engines\\PhpEngine->evaluatePath()
#17 /home/bora/Projeler/enerjiyonetim/vendor/facade/ignition/src/Views/Engines/CompilerEngine.php(36): Illuminate\\View\\Engines\\CompilerEngine->get()
#18 /home/bora/Projeler/enerjiyonetim/vendor/laravel/framework/src/Illuminate/View/View.php(143): Facade\\Ignition\\Views\\Engines\\CompilerEngine->get()
#19 /home/bora/Projeler/enerjiyonetim/vendor/laravel/framework/src/Illuminate/View/View.php(126): Illuminate\\View\\View->getContents()
#20 /home/bora/Projeler/enerjiyonetim/vendor/laravel/framework/src/Illuminate/View/View.php(91): Illuminate\\View\\View->renderContents()
#21 /home/bora/Projeler/enerjiyonetim/vendor/laravel/framework/src/Illuminate/Http/Response.php(42): Illuminate\\View\\View->render()
#22 /home/bora/Projeler/enerjiyonetim/vendor/symfony/http-foundation/Response.php(205): Illuminate\\Http\\Response->setContent()
#23 /home/bora/Projeler/enerjiyonetim/vendor/laravel/framework/src/Illuminate/Routing/Router.php(749): Symfony\\Component\\HttpFoundation\\Response->__construct()
#24 /home/bora/Projeler/enerjiyonetim/vendor/laravel/framework/src/Illuminate/Routing/Router.php(721): Illuminate\\Routing\\Router::toResponse()
#25 /home/bora/Projeler/enerjiyonetim/vendor/laravel/framework/src/Illuminate/Routing/Router.php(681): Illuminate\\Routing\\Router->prepareResponse()
#26 /home/bora/Projeler/enerjiyonetim/vendor/laravel/framework/src/Illuminate/Pipeline/Pipeline.php(130): Illuminate\\Routing\\Router->Illuminate\\Routing\\{closure}()
#27 /home/bora/Projeler/enerjiyonetim/vendor/tcg/voyager/src/Http/Middleware/VoyagerAdminMiddleware.php(26): Illuminate\\Pipeline\\Pipeline->Illuminate\\Pipeline\\{closure}()
#28 /home/bora/Projeler/enerjiyonetim/vendor/laravel/framework/src/Illuminate/Pipeline/Pipeline.php(171): TCG\\Voyager\\Http\\Middleware\\VoyagerAdminMiddleware->handle()
#29 /home/bora/Projeler/enerjiyonetim/app/Http/Middleware/SetCompany.php(46): Illuminate\\Pipeline\\Pipeline->Illuminate\\Pipeline\\{closure}()
#30 /home/bora/Projeler/enerjiyonetim/vendor/laravel/framework/src/Illuminate/Pipeline/Pipeline.php(171): App\\Http\\Middleware\\SetCompany->handle()
#31 /home/bora/Projeler/enerjiyonetim/vendor/laravel/framework/src/Illuminate/Routing/Middleware/SubstituteBindings.php(41): Illuminate\\Pipeline\\Pipeline->Illuminate\\Pipeline\\{closure}()
#32 /home/bora/Projeler/enerjiyonetim/vendor/laravel/framework/src/Illuminate/Pipeline/Pipeline.php(171): Illuminate\\Routing\\Middleware\\SubstituteBindings->handle()
#33 /home/bora/Projeler/enerjiyonetim/vendor/laravel/framework/src/Illuminate/Foundation/Http/Middleware/VerifyCsrfToken.php(78): Illuminate\\Pipeline\\Pipeline->Illuminate\\Pipeline\\{closure}()
#34 /home/bora/Projeler/enerjiyonetim/vendor/laravel/framework/src/Illuminate/Pipeline/Pipeline.php(171): Illuminate\\Foundation\\Http\\Middleware\\VerifyCsrfToken->handle()
#35 /home/bora/Projeler/enerjiyonetim/vendor/laravel/framework/src/Illuminate/View/Middleware/ShareErrorsFromSession.php(49): Illuminate\\Pipeline\\Pipeline->Illuminate\\Pipeline\\{closure}()
#36 /home/bora/Projeler/enerjiyonetim/vendor/laravel/framework/src/Illuminate/Pipeline/Pipeline.php(171): Illuminate\\View\\Middleware\\ShareErrorsFromSession->handle()
#37 /home/bora/Projeler/enerjiyonetim/vendor/laravel/framework/src/Illuminate/Session/Middleware/StartSession.php(56): Illuminate\\Pipeline\\Pipeline->Illuminate\\Pipeline\\{closure}()
#38 /home/bora/Projeler/enerjiyonetim/vendor/laravel/framework/src/Illuminate/Pipeline/Pipeline.php(171): Illuminate\\Session\\Middleware\\StartSession->handle()
#39 /home/bora/Projeler/enerjiyonetim/vendor/laravel/framework/src/Illuminate/Cookie/Middleware/AddQueuedCookiesToResponse.php(37): Illuminate\\Pipeline\\Pipeline->Illuminate\\Pipeline\\{closure}()
#40 /home/bora/Projeler/enerjiyonetim/vendor/laravel/framework/src/Illuminate/Pipeline/Pipeline.php(171): Illuminate\\Cookie\\Middleware\\AddQueuedCookiesToResponse->handle()
#41 /home/bora/Projeler/enerjiyonetim/vendor/laravel/framework/src/Illuminate/Cookie/Middleware/EncryptCookies.php(67): Illuminate\\Pipeline\\Pipeline->Illuminate\\Pipeline\\{closure}()
#42 /home/bora/Projeler/enerjiyonetim/vendor/laravel/framework/src/Illuminate/Pipeline/Pipeline.php(171): Illuminate\\Cookie\\Middleware\\EncryptCookies->handle()
#43 /home/bora/Projeler/enerjiyonetim/vendor/laravel/framework/src/Illuminate/Pipeline/Pipeline.php(105): Illuminate\\Pipeline\\Pipeline->Illuminate\\Pipeline\\{closure}()
#44 /home/bora/Projeler/enerjiyonetim/vendor/laravel/framework/src/Illuminate/Routing/Router.php(683): Illuminate\\Pipeline\\Pipeline->then()
#45 /home/bora/Projeler/enerjiyonetim/vendor/laravel/framework/src/Illuminate/Routing/Router.php(658): Illuminate\\Routing\\Router->runRouteWithinStack()
#46 /home/bora/Projeler/enerjiyonetim/vendor/laravel/framework/src/Illuminate/Routing/Router.php(624): Illuminate\\Routing\\Router->runRoute()
#47 /home/bora/Projeler/enerjiyonetim/vendor/laravel/framework/src/Illuminate/Routing/Router.php(613): Illuminate\\Routing\\Router->dispatchToRoute()
#48 /home/bora/Projeler/enerjiyonetim/vendor/laravel/framework/src/Illuminate/Foundation/Http/Kernel.php(170): Illuminate\\Routing\\Router->dispatch()
#49 /home/bora/Projeler/enerjiyonetim/vendor/laravel/framework/src/Illuminate/Pipeline/Pipeline.php(130): Illuminate\\Foundation\\Http\\Kernel->Illuminate\\Foundation\\Http\\{closure}()
#50 /home/bora/Projeler/enerjiyonetim/vendor/laravel/framework/src/Illuminate/Foundation/Http/Middleware/TransformsRequest.php(21): Illuminate\\Pipeline\\Pipeline->Illuminate\\Pipeline\\{closure}()
#51 /home/bora/Projeler/enerjiyonetim/vendor/laravel/framework/src/Illuminate/Pipeline/Pipeline.php(171): Illuminate\\Foundation\\Http\\Middleware\\TransformsRequest->handle()
#52 /home/bora/Projeler/enerjiyonetim/vendor/laravel/framework/src/Illuminate/Foundation/Http/Middleware/TransformsRequest.php(21): Illuminate\\Pipeline\\Pipeline->Illuminate\\Pipeline\\{closure}()
#53 /home/bora/Projeler/enerjiyonetim/vendor/laravel/framework/src/Illuminate/Pipeline/Pipeline.php(171): Illuminate\\Foundation\\Http\\Middleware\\TransformsRequest->handle()
#54 /home/bora/Projeler/enerjiyonetim/vendor/laravel/framework/src/Illuminate/Foundation/Http/Middleware/ValidatePostSize.php(27): Illuminate\\Pipeline\\Pipeline->Illuminate\\Pipeline\\{closure}()
#55 /home/bora/Projeler/enerjiyonetim/vendor/laravel/framework/src/Illuminate/Pipeline/Pipeline.php(171): Illuminate\\Foundation\\Http\\Middleware\\ValidatePostSize->handle()
#56 /home/bora/Projeler/enerjiyonetim/vendor/laravel/framework/src/Illuminate/Foundation/Http/Middleware/CheckForMaintenanceMode.php(63): Illuminate\\Pipeline\\Pipeline->Illuminate\\Pipeline\\{closure}()
#57 /home/bora/Projeler/enerjiyonetim/vendor/laravel/framework/src/Illuminate/Pipeline/Pipeline.php(171): Illuminate\\Foundation\\Http\\Middleware\\CheckForMaintenanceMode->handle()
#58 /home/bora/Projeler/enerjiyonetim/vendor/fideloper/proxy/src/TrustProxies.php(57): Illuminate\\Pipeline\\Pipeline->Illuminate\\Pipeline\\{closure}()
#59 /home/bora/Projeler/enerjiyonetim/vendor/laravel/framework/src/Illuminate/Pipeline/Pipeline.php(171): Fideloper\\Proxy\\TrustProxies->handle()
#60 /home/bora/Projeler/enerjiyonetim/vendor/laravel/framework/src/Illuminate/Pipeline/Pipeline.php(105): Illuminate\\Pipeline\\Pipeline->Illuminate\\Pipeline\\{closure}()
#61 /home/bora/Projeler/enerjiyonetim/vendor/laravel/framework/src/Illuminate/Foundation/Http/Kernel.php(145): Illuminate\\Pipeline\\Pipeline->then()
#62 /home/bora/Projeler/enerjiyonetim/vendor/laravel/framework/src/Illuminate/Foundation/Http/Kernel.php(110): Illuminate\\Foundation\\Http\\Kernel->sendRequestThroughRouter()
#63 /home/bora/Projeler/enerjiyonetim/public/index.php(55): Illuminate\\Foundation\\Http\\Kernel->handle()
#64 /home/bora/Projeler/enerjiyonetim/server.php(21): require_once('/home/bora/Proj...')
#65 {main}

[previous exception] [object] (ErrorException(code: 0): Undefined variable: company_avatar at /home/bora/Projeler/enerjiyonetim/storage/framework/views/d75c2f1df9ebfad024243c8161e947a023c382a6.php:22)
[stacktrace]
#0 /home/bora/Projeler/enerjiyonetim/storage/framework/views/d75c2f1df9ebfad024243c8161e947a023c382a6.php(22): Illuminate\\Foundation\\Bootstrap\\HandleExceptions->handleError()
#1 /home/bora/Projeler/enerjiyonetim/vendor/laravel/framework/src/Illuminate/View/Engines/PhpEngine.php(43): include('/home/bora/Proj...')
#2 /home/bora/Projeler/enerjiyonetim/vendor/laravel/framework/src/Illuminate/View/Engines/CompilerEngine.php(59): Illuminate\\View\\Engines\\PhpEngine->evaluatePath()
#3 /home/bora/Projeler/enerjiyonetim/vendor/facade/ignition/src/Views/Engines/CompilerEngine.php(36): Illuminate\\View\\Engines\\CompilerEngine->get()
#4 /home/bora/Projeler/enerjiyonetim/vendor/laravel/framework/src/Illuminate/View/View.php(143): Facade\\Ignition\\Views\\Engines\\CompilerEngine->get()
#5 /home/bora/Projeler/enerjiyonetim/vendor/laravel/framework/src/Illuminate/View/View.php(126): Illuminate\\View\\View->getContents()
#6 /home/bora/Projeler/enerjiyonetim/vendor/laravel/framework/src/Illuminate/View/View.php(91): Illuminate\\View\\View->renderContents()
#7 /home/bora/Projeler/enerjiyonetim/storage/framework/views/dd14314686640a3c4413d3e270234415c06bf6f1.php(78): Illuminate\\View\\View->render()
#8 /home/bora/Projeler/enerjiyonetim/vendor/laravel/framework/src/Illuminate/View/Engines/PhpEngine.php(43): include('/home/bora/Proj...')
#9 /home/bora/Projeler/enerjiyonetim/vendor/laravel/framework/src/Illuminate/View/Engines/CompilerEngine.php(59): Illuminate\\View\\Engines\\PhpEngine->evaluatePath()
#10 /home/bora/Projeler/enerjiyonetim/vendor/facade/ignition/src/Views/Engines/CompilerEngine.php(36): Illuminate\\View\\Engines\\CompilerEngine->get()
#11 /home/bora/Projeler/enerjiyonetim/vendor/laravel/framework/src/Illuminate/View/View.php(143): Facade\\Ignition\\Views\\Engines\\CompilerEngine->get()
#12 /home/bora/Projeler/enerjiyonetim/vendor/laravel/framework/src/Illuminate/View/View.php(126): Illuminate\\View\\View->getContents()
#13 /home/bora/Projeler/enerjiyonetim/vendor/laravel/framework/src/Illuminate/View/View.php(91): Illuminate\\View\\View->renderContents()
#14 /home/bora/Projeler/enerjiyonetim/storage/framework/views/81f6293fce84d6d3ccdbd4ee4d57452b774a20ba.php(475): Illuminate\\View\\View->render()
#15 /home/bora/Projeler/enerjiyonetim/vendor/laravel/framework/src/Illuminate/View/Engines/PhpEngine.php(43): include('/home/bora/Proj...')
#16 /home/bora/Projeler/enerjiyonetim/vendor/laravel/framework/src/Illuminate/View/Engines/CompilerEngine.php(59): Illuminate\\View\\Engines\\PhpEngine->evaluatePath()
#17 /home/bora/Projeler/enerjiyonetim/vendor/facade/ignition/src/Views/Engines/CompilerEngine.php(36): Illuminate\\View\\Engines\\CompilerEngine->get()
#18 /home/bora/Projeler/enerjiyonetim/vendor/laravel/framework/src/Illuminate/View/View.php(143): Facade\\Ignition\\Views\\Engines\\CompilerEngine->get()
#19 /home/bora/Projeler/enerjiyonetim/vendor/laravel/framework/src/Illuminate/View/View.php(126): Illuminate\\View\\View->getContents()
#20 /home/bora/Projeler/enerjiyonetim/vendor/laravel/framework/src/Illuminate/View/View.php(91): Illuminate\\View\\View->renderContents()
#21 /home/bora/Projeler/enerjiyonetim/vendor/laravel/framework/src/Illuminate/Http/Response.php(42): Illuminate\\View\\View->render()
#22 /home/bora/Projeler/enerjiyonetim/vendor/symfony/http-foundation/Response.php(205): Illuminate\\Http\\Response->setContent()
#23 /home/bora/Projeler/enerjiyonetim/vendor/laravel/framework/src/Illuminate/Routing/Router.php(749): Symfony\\Component\\HttpFoundation\\Response->__construct()
#24 /home/bora/Projeler/enerjiyonetim/vendor/laravel/framework/src/Illuminate/Routing/Router.php(721): Illuminate\\Routing\\Router::toResponse()
#25 /home/bora/Projeler/enerjiyonetim/vendor/laravel/framework/src/Illuminate/Routing/Router.php(681): Illuminate\\Routing\\Router->prepareResponse()
#26 /home/bora/Projeler/enerjiyonetim/vendor/laravel/framework/src/Illuminate/Pipeline/Pipeline.php(130): Illuminate\\Routing\\Router->Illuminate\\Routing\\{closure}()
#27 /home/bora/Projeler/enerjiyonetim/vendor/tcg/voyager/src/Http/Middleware/VoyagerAdminMiddleware.php(26): Illuminate\\Pipeline\\Pipeline->Illuminate\\Pipeline\\{closure}()
#28 /home/bora/Projeler/enerjiyonetim/vendor/laravel/framework/src/Illuminate/Pipeline/Pipeline.php(171): TCG\\Voyager\\Http\\Middleware\\VoyagerAdminMiddleware->handle()
#29 /home/bora/Projeler/enerjiyonetim/app/Http/Middleware/SetCompany.php(46): Illuminate\\Pipeline\\Pipeline->Illuminate\\Pipeline\\{closure}()
#30 /home/bora/Projeler/enerjiyonetim/vendor/laravel/framework/src/Illuminate/Pipeline/Pipeline.php(171): App\\Http\\Middleware\\SetCompany->handle()
#31 /home/bora/Projeler/enerjiyonetim/vendor/laravel/framework/src/Illuminate/Routing/Middleware/SubstituteBindings.php(41): Illuminate\\Pipeline\\Pipeline->Illuminate\\Pipeline\\{closure}()
#32 /home/bora/Projeler/enerjiyonetim/vendor/laravel/framework/src/Illuminate/Pipeline/Pipeline.php(171): Illuminate\\Routing\\Middleware\\SubstituteBindings->handle()
#33 /home/bora/Projeler/enerjiyonetim/vendor/laravel/framework/src/Illuminate/Foundation/Http/Middleware/VerifyCsrfToken.php(78): Illuminate\\Pipeline\\Pipeline->Illuminate\\Pipeline\\{closure}()
#34 /home/bora/Projeler/enerjiyonetim/vendor/laravel/framework/src/Illuminate/Pipeline/Pipeline.php(171): Illuminate\\Foundation\\Http\\Middleware\\VerifyCsrfToken->handle()
#35 /home/bora/Projeler/enerjiyonetim/vendor/laravel/framework/src/Illuminate/View/Middleware/ShareErrorsFromSession.php(49): Illuminate\\Pipeline\\Pipeline->Illuminate\\Pipeline\\{closure}()
#36 /home/bora/Projeler/enerjiyonetim/vendor/laravel/framework/src/Illuminate/Pipeline/Pipeline.php(171): Illuminate\\View\\Middleware\\ShareErrorsFromSession->handle()
#37 /home/bora/Projeler/enerjiyonetim/vendor/laravel/framework/src/Illuminate/Session/Middleware/StartSession.php(56): Illuminate\\Pipeline\\Pipeline->Illuminate\\Pipeline\\{closure}()
#38 /home/bora/Projeler/enerjiyonetim/vendor/laravel/framework/src/Illuminate/Pipeline/Pipeline.php(171): Illuminate\\Session\\Middleware\\StartSession->handle()
#39 /home/bora/Projeler/enerjiyonetim/vendor/laravel/framework/src/Illuminate/Cookie/Middleware/AddQueuedCookiesToResponse.php(37): Illuminate\\Pipeline\\Pipeline->Illuminate\\Pipeline\\{closure}()
#40 /home/bora/Projeler/enerjiyonetim/vendor/laravel/framework/src/Illuminate/Pipeline/Pipeline.php(171): Illuminate\\Cookie\\Middleware\\AddQueuedCookiesToResponse->handle()
#41 /home/bora/Projeler/enerjiyonetim/vendor/laravel/framework/src/Illuminate/Cookie/Middleware/EncryptCookies.php(67): Illuminate\\Pipeline\\Pipeline->Illuminate\\Pipeline\\{closure}()
#42 /home/bora/Projeler/enerjiyonetim/vendor/laravel/framework/src/Illuminate/Pipeline/Pipeline.php(171): Illuminate\\Cookie\\Middleware\\EncryptCookies->handle()
#43 /home/bora/Projeler/enerjiyonetim/vendor/laravel/framework/src/Illuminate/Pipeline/Pipeline.php(105): Illuminate\\Pipeline\\Pipeline->Illuminate\\Pipeline\\{closure}()
#44 /home/bora/Projeler/enerjiyonetim/vendor/laravel/framework/src/Illuminate/Routing/Router.php(683): Illuminate\\Pipeline\\Pipeline->then()
#45 /home/bora/Projeler/enerjiyonetim/vendor/laravel/framework/src/Illuminate/Routing/Router.php(658): Illuminate\\Routing\\Router->runRouteWithinStack()
#46 /home/bora/Projeler/enerjiyonetim/vendor/laravel/framework/src/Illuminate/Routing/Router.php(624): Illuminate\\Routing\\Router->runRoute()
#47 /home/bora/Projeler/enerjiyonetim/vendor/laravel/framework/src/Illuminate/Routing/Router.php(613): Illuminate\\Routing\\Router->dispatchToRoute()
#48 /home/bora/Projeler/enerjiyonetim/vendor/laravel/framework/src/Illuminate/Foundation/Http/Kernel.php(170): Illuminate\\Routing\\Router->dispatch()
#49 /home/bora/Projeler/enerjiyonetim/vendor/laravel/framework/src/Illuminate/Pipeline/Pipeline.php(130): Illuminate\\Foundation\\Http\\Kernel->Illuminate\\Foundation\\Http\\{closure}()
#50 /home/bora/Projeler/enerjiyonetim/vendor/laravel/framework/src/Illuminate/Foundation/Http/Middleware/TransformsRequest.php(21): Illuminate\\Pipeline\\Pipeline->Illuminate\\Pipeline\\{closure}()
#51 /home/bora/Projeler/enerjiyonetim/vendor/laravel/framework/src/Illuminate/Pipeline/Pipeline.php(171): Illuminate\\Foundation\\Http\\Middleware\\TransformsRequest->handle()
#52 /home/bora/Projeler/enerjiyonetim/vendor/laravel/framework/src/Illuminate/Foundation/Http/Middleware/TransformsRequest.php(21): Illuminate\\Pipeline\\Pipeline->Illuminate\\Pipeline\\{closure}()
#53 /home/bora/Projeler/enerjiyonetim/vendor/laravel/framework/src/Illuminate/Pipeline/Pipeline.php(171): Illuminate\\Foundation\\Http\\Middleware\\TransformsRequest->handle()
#54 /home/bora/Projeler/enerjiyonetim/vendor/laravel/framework/src/Illuminate/Foundation/Http/Middleware/ValidatePostSize.php(27): Illuminate\\Pipeline\\Pipeline->Illuminate\\Pipeline\\{closure}()
#55 /home/bora/Projeler/enerjiyonetim/vendor/laravel/framework/src/Illuminate/Pipeline/Pipeline.php(171): Illuminate\\Foundation\\Http\\Middleware\\ValidatePostSize->handle()
#56 /home/bora/Projeler/enerjiyonetim/vendor/laravel/framework/src/Illuminate/Foundation/Http/Middleware/CheckForMaintenanceMode.php(63): Illuminate\\Pipeline\\Pipeline->Illuminate\\Pipeline\\{closure}()
#57 /home/bora/Projeler/enerjiyonetim/vendor/laravel/framework/src/Illuminate/Pipeline/Pipeline.php(171): Illuminate\\Foundation\\Http\\Middleware\\CheckForMaintenanceMode->handle()
#58 /home/bora/Projeler/enerjiyonetim/vendor/fideloper/proxy/src/TrustProxies.php(57): Illuminate\\Pipeline\\Pipeline->Illuminate\\Pipeline\\{closure}()
#59 /home/bora/Projeler/enerjiyonetim/vendor/laravel/framework/src/Illuminate/Pipeline/Pipeline.php(171): Fideloper\\Proxy\\TrustProxies->handle()
#60 /home/bora/Projeler/enerjiyonetim/vendor/laravel/framework/src/Illuminate/Pipeline/Pipeline.php(105): Illuminate\\Pipeline\\Pipeline->Illuminate\\Pipeline\\{closure}()
#61 /home/bora/Projeler/enerjiyonetim/vendor/laravel/framework/src/Illuminate/Foundation/Http/Kernel.php(145): Illuminate\\Pipeline\\Pipeline->then()
#62 /home/bora/Projeler/enerjiyonetim/vendor/laravel/framework/src/Illuminate/Foundation/Http/Kernel.php(110): Illuminate\\Foundation\\Http\\Kernel->sendRequestThroughRouter()
#63 /home/bora/Projeler/enerjiyonetim/public/index.php(55): Illuminate\\Foundation\\Http\\Kernel->handle()
#64 /home/bora/Projeler/enerjiyonetim/server.php(21): require_once('/home/bora/Proj...')
#65 {main}
"} 
[2021-09-05 22:46:57] local.ERROR: Undefined variable: company_avatar (View: /home/bora/Projeler/enerjiyonetim/resources/views/vendor/voyager/dashboard/sidebar.blade.php) {"userId":1,"exception":"[object] (Facade\\Ignition\\Exceptions\\ViewException(code: 0): Undefined variable: company_avatar (View: /home/bora/Projeler/enerjiyonetim/resources/views/vendor/voyager/dashboard/sidebar.blade.php) at /home/bora/Projeler/enerjiyonetim/resources/views/vendor/voyager/dashboard/sidebar.blade.php:22)
[stacktrace]
#0 /home/bora/Projeler/enerjiyonetim/resources/views/vendor/voyager/dashboard/sidebar.blade.php(22): Illuminate\\Foundation\\Bootstrap\\HandleExceptions->handleError()
#1 /home/bora/Projeler/enerjiyonetim/vendor/laravel/framework/src/Illuminate/View/Engines/PhpEngine.php(43): include('/home/bora/Proj...')
#2 /home/bora/Projeler/enerjiyonetim/vendor/laravel/framework/src/Illuminate/View/Engines/CompilerEngine.php(59): Illuminate\\View\\Engines\\PhpEngine->evaluatePath()
#3 /home/bora/Projeler/enerjiyonetim/vendor/facade/ignition/src/Views/Engines/CompilerEngine.php(36): Illuminate\\View\\Engines\\CompilerEngine->get()
#4 /home/bora/Projeler/enerjiyonetim/vendor/laravel/framework/src/Illuminate/View/View.php(143): Facade\\Ignition\\Views\\Engines\\CompilerEngine->get()
#5 /home/bora/Projeler/enerjiyonetim/vendor/laravel/framework/src/Illuminate/View/View.php(126): Illuminate\\View\\View->getContents()
#6 /home/bora/Projeler/enerjiyonetim/vendor/laravel/framework/src/Illuminate/View/View.php(91): Illuminate\\View\\View->renderContents()
#7 /home/bora/Projeler/enerjiyonetim/vendor/tcg/voyager/src/../resources/views/master.blade.php(78): Illuminate\\View\\View->render()
#8 /home/bora/Projeler/enerjiyonetim/vendor/laravel/framework/src/Illuminate/View/Engines/PhpEngine.php(43): include('/home/bora/Proj...')
#9 /home/bora/Projeler/enerjiyonetim/vendor/laravel/framework/src/Illuminate/View/Engines/CompilerEngine.php(59): Illuminate\\View\\Engines\\PhpEngine->evaluatePath()
#10 /home/bora/Projeler/enerjiyonetim/vendor/facade/ignition/src/Views/Engines/CompilerEngine.php(36): Illuminate\\View\\Engines\\CompilerEngine->get()
#11 /home/bora/Projeler/enerjiyonetim/vendor/laravel/framework/src/Illuminate/View/View.php(143): Facade\\Ignition\\Views\\Engines\\CompilerEngine->get()
#12 /home/bora/Projeler/enerjiyonetim/vendor/laravel/framework/src/Illuminate/View/View.php(126): Illuminate\\View\\View->getContents()
#13 /home/bora/Projeler/enerjiyonetim/vendor/laravel/framework/src/Illuminate/View/View.php(91): Illuminate\\View\\View->renderContents()
#14 /home/bora/Projeler/enerjiyonetim/vendor/tcg/voyager/src/../resources/views/index.blade.php(475): Illuminate\\View\\View->render()
#15 /home/bora/Projeler/enerjiyonetim/vendor/laravel/framework/src/Illuminate/View/Engines/PhpEngine.php(43): include('/home/bora/Proj...')
#16 /home/bora/Projeler/enerjiyonetim/vendor/laravel/framework/src/Illuminate/View/Engines/CompilerEngine.php(59): Illuminate\\View\\Engines\\PhpEngine->evaluatePath()
#17 /home/bora/Projeler/enerjiyonetim/vendor/facade/ignition/src/Views/Engines/CompilerEngine.php(36): Illuminate\\View\\Engines\\CompilerEngine->get()
#18 /home/bora/Projeler/enerjiyonetim/vendor/laravel/framework/src/Illuminate/View/View.php(143): Facade\\Ignition\\Views\\Engines\\CompilerEngine->get()
#19 /home/bora/Projeler/enerjiyonetim/vendor/laravel/framework/src/Illuminate/View/View.php(126): Illuminate\\View\\View->getContents()
#20 /home/bora/Projeler/enerjiyonetim/vendor/laravel/framework/src/Illuminate/View/View.php(91): Illuminate\\View\\View->renderContents()
#21 /home/bora/Projeler/enerjiyonetim/vendor/laravel/framework/src/Illuminate/Http/Response.php(42): Illuminate\\View\\View->render()
#22 /home/bora/Projeler/enerjiyonetim/vendor/symfony/http-foundation/Response.php(205): Illuminate\\Http\\Response->setContent()
#23 /home/bora/Projeler/enerjiyonetim/vendor/laravel/framework/src/Illuminate/Routing/Router.php(749): Symfony\\Component\\HttpFoundation\\Response->__construct()
#24 /home/bora/Projeler/enerjiyonetim/vendor/laravel/framework/src/Illuminate/Routing/Router.php(721): Illuminate\\Routing\\Router::toResponse()
#25 /home/bora/Projeler/enerjiyonetim/vendor/laravel/framework/src/Illuminate/Routing/Router.php(681): Illuminate\\Routing\\Router->prepareResponse()
#26 /home/bora/Projeler/enerjiyonetim/vendor/laravel/framework/src/Illuminate/Pipeline/Pipeline.php(130): Illuminate\\Routing\\Router->Illuminate\\Routing\\{closure}()
#27 /home/bora/Projeler/enerjiyonetim/vendor/tcg/voyager/src/Http/Middleware/VoyagerAdminMiddleware.php(26): Illuminate\\Pipeline\\Pipeline->Illuminate\\Pipeline\\{closure}()
#28 /home/bora/Projeler/enerjiyonetim/vendor/laravel/framework/src/Illuminate/Pipeline/Pipeline.php(171): TCG\\Voyager\\Http\\Middleware\\VoyagerAdminMiddleware->handle()
#29 /home/bora/Projeler/enerjiyonetim/app/Http/Middleware/SetCompany.php(46): Illuminate\\Pipeline\\Pipeline->Illuminate\\Pipeline\\{closure}()
#30 /home/bora/Projeler/enerjiyonetim/vendor/laravel/framework/src/Illuminate/Pipeline/Pipeline.php(171): App\\Http\\Middleware\\SetCompany->handle()
#31 /home/bora/Projeler/enerjiyonetim/vendor/laravel/framework/src/Illuminate/Routing/Middleware/SubstituteBindings.php(41): Illuminate\\Pipeline\\Pipeline->Illuminate\\Pipeline\\{closure}()
#32 /home/bora/Projeler/enerjiyonetim/vendor/laravel/framework/src/Illuminate/Pipeline/Pipeline.php(171): Illuminate\\Routing\\Middleware\\SubstituteBindings->handle()
#33 /home/bora/Projeler/enerjiyonetim/vendor/laravel/framework/src/Illuminate/Foundation/Http/Middleware/VerifyCsrfToken.php(78): Illuminate\\Pipeline\\Pipeline->Illuminate\\Pipeline\\{closure}()
#34 /home/bora/Projeler/enerjiyonetim/vendor/laravel/framework/src/Illuminate/Pipeline/Pipeline.php(171): Illuminate\\Foundation\\Http\\Middleware\\VerifyCsrfToken->handle()
#35 /home/bora/Projeler/enerjiyonetim/vendor/laravel/framework/src/Illuminate/View/Middleware/ShareErrorsFromSession.php(49): Illuminate\\Pipeline\\Pipeline->Illuminate\\Pipeline\\{closure}()
#36 /home/bora/Projeler/enerjiyonetim/vendor/laravel/framework/src/Illuminate/Pipeline/Pipeline.php(171): Illuminate\\View\\Middleware\\ShareErrorsFromSession->handle()
#37 /home/bora/Projeler/enerjiyonetim/vendor/laravel/framework/src/Illuminate/Session/Middleware/StartSession.php(56): Illuminate\\Pipeline\\Pipeline->Illuminate\\Pipeline\\{closure}()
#38 /home/bora/Projeler/enerjiyonetim/vendor/laravel/framework/src/Illuminate/Pipeline/Pipeline.php(171): Illuminate\\Session\\Middleware\\StartSession->handle()
#39 /home/bora/Projeler/enerjiyonetim/vendor/laravel/framework/src/Illuminate/Cookie/Middleware/AddQueuedCookiesToResponse.php(37): Illuminate\\Pipeline\\Pipeline->Illuminate\\Pipeline\\{closure}()
#40 /home/bora/Projeler/enerjiyonetim/vendor/laravel/framework/src/Illuminate/Pipeline/Pipeline.php(171): Illuminate\\Cookie\\Middleware\\AddQueuedCookiesToResponse->handle()
#41 /home/bora/Projeler/enerjiyonetim/vendor/laravel/framework/src/Illuminate/Cookie/Middleware/EncryptCookies.php(67): Illuminate\\Pipeline\\Pipeline->Illuminate\\Pipeline\\{closure}()
#42 /home/bora/Projeler/enerjiyonetim/vendor/laravel/framework/src/Illuminate/Pipeline/Pipeline.php(171): Illuminate\\Cookie\\Middleware\\EncryptCookies->handle()
#43 /home/bora/Projeler/enerjiyonetim/vendor/laravel/framework/src/Illuminate/Pipeline/Pipeline.php(105): Illuminate\\Pipeline\\Pipeline->Illuminate\\Pipeline\\{closure}()
#44 /home/bora/Projeler/enerjiyonetim/vendor/laravel/framework/src/Illuminate/Routing/Router.php(683): Illuminate\\Pipeline\\Pipeline->then()
#45 /home/bora/Projeler/enerjiyonetim/vendor/laravel/framework/src/Illuminate/Routing/Router.php(658): Illuminate\\Routing\\Router->runRouteWithinStack()
#46 /home/bora/Projeler/enerjiyonetim/vendor/laravel/framework/src/Illuminate/Routing/Router.php(624): Illuminate\\Routing\\Router->runRoute()
#47 /home/bora/Projeler/enerjiyonetim/vendor/laravel/framework/src/Illuminate/Routing/Router.php(613): Illuminate\\Routing\\Router->dispatchToRoute()
#48 /home/bora/Projeler/enerjiyonetim/vendor/laravel/framework/src/Illuminate/Foundation/Http/Kernel.php(170): Illuminate\\Routing\\Router->dispatch()
#49 /home/bora/Projeler/enerjiyonetim/vendor/laravel/framework/src/Illuminate/Pipeline/Pipeline.php(130): Illuminate\\Foundation\\Http\\Kernel->Illuminate\\Foundation\\Http\\{closure}()
#50 /home/bora/Projeler/enerjiyonetim/vendor/laravel/framework/src/Illuminate/Foundation/Http/Middleware/TransformsRequest.php(21): Illuminate\\Pipeline\\Pipeline->Illuminate\\Pipeline\\{closure}()
#51 /home/bora/Projeler/enerjiyonetim/vendor/laravel/framework/src/Illuminate/Pipeline/Pipeline.php(171): Illuminate\\Foundation\\Http\\Middleware\\TransformsRequest->handle()
#52 /home/bora/Projeler/enerjiyonetim/vendor/laravel/framework/src/Illuminate/Foundation/Http/Middleware/TransformsRequest.php(21): Illuminate\\Pipeline\\Pipeline->Illuminate\\Pipeline\\{closure}()
#53 /home/bora/Projeler/enerjiyonetim/vendor/laravel/framework/src/Illuminate/Pipeline/Pipeline.php(171): Illuminate\\Foundation\\Http\\Middleware\\TransformsRequest->handle()
#54 /home/bora/Projeler/enerjiyonetim/vendor/laravel/framework/src/Illuminate/Foundation/Http/Middleware/ValidatePostSize.php(27): Illuminate\\Pipeline\\Pipeline->Illuminate\\Pipeline\\{closure}()
#55 /home/bora/Projeler/enerjiyonetim/vendor/laravel/framework/src/Illuminate/Pipeline/Pipeline.php(171): Illuminate\\Foundation\\Http\\Middleware\\ValidatePostSize->handle()
#56 /home/bora/Projeler/enerjiyonetim/vendor/laravel/framework/src/Illuminate/Foundation/Http/Middleware/CheckForMaintenanceMode.php(63): Illuminate\\Pipeline\\Pipeline->Illuminate\\Pipeline\\{closure}()
#57 /home/bora/Projeler/enerjiyonetim/vendor/laravel/framework/src/Illuminate/Pipeline/Pipeline.php(171): Illuminate\\Foundation\\Http\\Middleware\\CheckForMaintenanceMode->handle()
#58 /home/bora/Projeler/enerjiyonetim/vendor/fideloper/proxy/src/TrustProxies.php(57): Illuminate\\Pipeline\\Pipeline->Illuminate\\Pipeline\\{closure}()
#59 /home/bora/Projeler/enerjiyonetim/vendor/laravel/framework/src/Illuminate/Pipeline/Pipeline.php(171): Fideloper\\Proxy\\TrustProxies->handle()
#60 /home/bora/Projeler/enerjiyonetim/vendor/laravel/framework/src/Illuminate/Pipeline/Pipeline.php(105): Illuminate\\Pipeline\\Pipeline->Illuminate\\Pipeline\\{closure}()
#61 /home/bora/Projeler/enerjiyonetim/vendor/laravel/framework/src/Illuminate/Foundation/Http/Kernel.php(145): Illuminate\\Pipeline\\Pipeline->then()
#62 /home/bora/Projeler/enerjiyonetim/vendor/laravel/framework/src/Illuminate/Foundation/Http/Kernel.php(110): Illuminate\\Foundation\\Http\\Kernel->sendRequestThroughRouter()
#63 /home/bora/Projeler/enerjiyonetim/public/index.php(55): Illuminate\\Foundation\\Http\\Kernel->handle()
#64 /home/bora/Projeler/enerjiyonetim/server.php(21): require_once('/home/bora/Proj...')
#65 {main}

[previous exception] [object] (ErrorException(code: 0): Undefined variable: company_avatar at /home/bora/Projeler/enerjiyonetim/storage/framework/views/d75c2f1df9ebfad024243c8161e947a023c382a6.php:22)
[stacktrace]
#0 /home/bora/Projeler/enerjiyonetim/storage/framework/views/d75c2f1df9ebfad024243c8161e947a023c382a6.php(22): Illuminate\\Foundation\\Bootstrap\\HandleExceptions->handleError()
#1 /home/bora/Projeler/enerjiyonetim/vendor/laravel/framework/src/Illuminate/View/Engines/PhpEngine.php(43): include('/home/bora/Proj...')
#2 /home/bora/Projeler/enerjiyonetim/vendor/laravel/framework/src/Illuminate/View/Engines/CompilerEngine.php(59): Illuminate\\View\\Engines\\PhpEngine->evaluatePath()
#3 /home/bora/Projeler/enerjiyonetim/vendor/facade/ignition/src/Views/Engines/CompilerEngine.php(36): Illuminate\\View\\Engines\\CompilerEngine->get()
#4 /home/bora/Projeler/enerjiyonetim/vendor/laravel/framework/src/Illuminate/View/View.php(143): Facade\\Ignition\\Views\\Engines\\CompilerEngine->get()
#5 /home/bora/Projeler/enerjiyonetim/vendor/laravel/framework/src/Illuminate/View/View.php(126): Illuminate\\View\\View->getContents()
#6 /home/bora/Projeler/enerjiyonetim/vendor/laravel/framework/src/Illuminate/View/View.php(91): Illuminate\\View\\View->renderContents()
#7 /home/bora/Projeler/enerjiyonetim/storage/framework/views/dd14314686640a3c4413d3e270234415c06bf6f1.php(78): Illuminate\\View\\View->render()
#8 /home/bora/Projeler/enerjiyonetim/vendor/laravel/framework/src/Illuminate/View/Engines/PhpEngine.php(43): include('/home/bora/Proj...')
#9 /home/bora/Projeler/enerjiyonetim/vendor/laravel/framework/src/Illuminate/View/Engines/CompilerEngine.php(59): Illuminate\\View\\Engines\\PhpEngine->evaluatePath()
#10 /home/bora/Projeler/enerjiyonetim/vendor/facade/ignition/src/Views/Engines/CompilerEngine.php(36): Illuminate\\View\\Engines\\CompilerEngine->get()
#11 /home/bora/Projeler/enerjiyonetim/vendor/laravel/framework/src/Illuminate/View/View.php(143): Facade\\Ignition\\Views\\Engines\\CompilerEngine->get()
#12 /home/bora/Projeler/enerjiyonetim/vendor/laravel/framework/src/Illuminate/View/View.php(126): Illuminate\\View\\View->getContents()
#13 /home/bora/Projeler/enerjiyonetim/vendor/laravel/framework/src/Illuminate/View/View.php(91): Illuminate\\View\\View->renderContents()
#14 /home/bora/Projeler/enerjiyonetim/storage/framework/views/81f6293fce84d6d3ccdbd4ee4d57452b774a20ba.php(475): Illuminate\\View\\View->render()
#15 /home/bora/Projeler/enerjiyonetim/vendor/laravel/framework/src/Illuminate/View/Engines/PhpEngine.php(43): include('/home/bora/Proj...')
#16 /home/bora/Projeler/enerjiyonetim/vendor/laravel/framework/src/Illuminate/View/Engines/CompilerEngine.php(59): Illuminate\\View\\Engines\\PhpEngine->evaluatePath()
#17 /home/bora/Projeler/enerjiyonetim/vendor/facade/ignition/src/Views/Engines/CompilerEngine.php(36): Illuminate\\View\\Engines\\CompilerEngine->get()
#18 /home/bora/Projeler/enerjiyonetim/vendor/laravel/framework/src/Illuminate/View/View.php(143): Facade\\Ignition\\Views\\Engines\\CompilerEngine->get()
#19 /home/bora/Projeler/enerjiyonetim/vendor/laravel/framework/src/Illuminate/View/View.php(126): Illuminate\\View\\View->getContents()
#20 /home/bora/Projeler/enerjiyonetim/vendor/laravel/framework/src/Illuminate/View/View.php(91): Illuminate\\View\\View->renderContents()
#21 /home/bora/Projeler/enerjiyonetim/vendor/laravel/framework/src/Illuminate/Http/Response.php(42): Illuminate\\View\\View->render()
#22 /home/bora/Projeler/enerjiyonetim/vendor/symfony/http-foundation/Response.php(205): Illuminate\\Http\\Response->setContent()
#23 /home/bora/Projeler/enerjiyonetim/vendor/laravel/framework/src/Illuminate/Routing/Router.php(749): Symfony\\Component\\HttpFoundation\\Response->__construct()
#24 /home/bora/Projeler/enerjiyonetim/vendor/laravel/framework/src/Illuminate/Routing/Router.php(721): Illuminate\\Routing\\Router::toResponse()
#25 /home/bora/Projeler/enerjiyonetim/vendor/laravel/framework/src/Illuminate/Routing/Router.php(681): Illuminate\\Routing\\Router->prepareResponse()
#26 /home/bora/Projeler/enerjiyonetim/vendor/laravel/framework/src/Illuminate/Pipeline/Pipeline.php(130): Illuminate\\Routing\\Router->Illuminate\\Routing\\{closure}()
#27 /home/bora/Projeler/enerjiyonetim/vendor/tcg/voyager/src/Http/Middleware/VoyagerAdminMiddleware.php(26): Illuminate\\Pipeline\\Pipeline->Illuminate\\Pipeline\\{closure}()
#28 /home/bora/Projeler/enerjiyonetim/vendor/laravel/framework/src/Illuminate/Pipeline/Pipeline.php(171): TCG\\Voyager\\Http\\Middleware\\VoyagerAdminMiddleware->handle()
#29 /home/bora/Projeler/enerjiyonetim/app/Http/Middleware/SetCompany.php(46): Illuminate\\Pipeline\\Pipeline->Illuminate\\Pipeline\\{closure}()
#30 /home/bora/Projeler/enerjiyonetim/vendor/laravel/framework/src/Illuminate/Pipeline/Pipeline.php(171): App\\Http\\Middleware\\SetCompany->handle()
#31 /home/bora/Projeler/enerjiyonetim/vendor/laravel/framework/src/Illuminate/Routing/Middleware/SubstituteBindings.php(41): Illuminate\\Pipeline\\Pipeline->Illuminate\\Pipeline\\{closure}()
#32 /home/bora/Projeler/enerjiyonetim/vendor/laravel/framework/src/Illuminate/Pipeline/Pipeline.php(171): Illuminate\\Routing\\Middleware\\SubstituteBindings->handle()
#33 /home/bora/Projeler/enerjiyonetim/vendor/laravel/framework/src/Illuminate/Foundation/Http/Middleware/VerifyCsrfToken.php(78): Illuminate\\Pipeline\\Pipeline->Illuminate\\Pipeline\\{closure}()
#34 /home/bora/Projeler/enerjiyonetim/vendor/laravel/framework/src/Illuminate/Pipeline/Pipeline.php(171): Illuminate\\Foundation\\Http\\Middleware\\VerifyCsrfToken->handle()
#35 /home/bora/Projeler/enerjiyonetim/vendor/laravel/framework/src/Illuminate/View/Middleware/ShareErrorsFromSession.php(49): Illuminate\\Pipeline\\Pipeline->Illuminate\\Pipeline\\{closure}()
#36 /home/bora/Projeler/enerjiyonetim/vendor/laravel/framework/src/Illuminate/Pipeline/Pipeline.php(171): Illuminate\\View\\Middleware\\ShareErrorsFromSession->handle()
#37 /home/bora/Projeler/enerjiyonetim/vendor/laravel/framework/src/Illuminate/Session/Middleware/StartSession.php(56): Illuminate\\Pipeline\\Pipeline->Illuminate\\Pipeline\\{closure}()
#38 /home/bora/Projeler/enerjiyonetim/vendor/laravel/framework/src/Illuminate/Pipeline/Pipeline.php(171): Illuminate\\Session\\Middleware\\StartSession->handle()
#39 /home/bora/Projeler/enerjiyonetim/vendor/laravel/framework/src/Illuminate/Cookie/Middleware/AddQueuedCookiesToResponse.php(37): Illuminate\\Pipeline\\Pipeline->Illuminate\\Pipeline\\{closure}()
#40 /home/bora/Projeler/enerjiyonetim/vendor/laravel/framework/src/Illuminate/Pipeline/Pipeline.php(171): Illuminate\\Cookie\\Middleware\\AddQueuedCookiesToResponse->handle()
#41 /home/bora/Projeler/enerjiyonetim/vendor/laravel/framework/src/Illuminate/Cookie/Middleware/EncryptCookies.php(67): Illuminate\\Pipeline\\Pipeline->Illuminate\\Pipeline\\{closure}()
#42 /home/bora/Projeler/enerjiyonetim/vendor/laravel/framework/src/Illuminate/Pipeline/Pipeline.php(171): Illuminate\\Cookie\\Middleware\\EncryptCookies->handle()
#43 /home/bora/Projeler/enerjiyonetim/vendor/laravel/framework/src/Illuminate/Pipeline/Pipeline.php(105): Illuminate\\Pipeline\\Pipeline->Illuminate\\Pipeline\\{closure}()
#44 /home/bora/Projeler/enerjiyonetim/vendor/laravel/framework/src/Illuminate/Routing/Router.php(683): Illuminate\\Pipeline\\Pipeline->then()
#45 /home/bora/Projeler/enerjiyonetim/vendor/laravel/framework/src/Illuminate/Routing/Router.php(658): Illuminate\\Routing\\Router->runRouteWithinStack()
#46 /home/bora/Projeler/enerjiyonetim/vendor/laravel/framework/src/Illuminate/Routing/Router.php(624): Illuminate\\Routing\\Router->runRoute()
#47 /home/bora/Projeler/enerjiyonetim/vendor/laravel/framework/src/Illuminate/Routing/Router.php(613): Illuminate\\Routing\\Router->dispatchToRoute()
#48 /home/bora/Projeler/enerjiyonetim/vendor/laravel/framework/src/Illuminate/Foundation/Http/Kernel.php(170): Illuminate\\Routing\\Router->dispatch()
#49 /home/bora/Projeler/enerjiyonetim/vendor/laravel/framework/src/Illuminate/Pipeline/Pipeline.php(130): Illuminate\\Foundation\\Http\\Kernel->Illuminate\\Foundation\\Http\\{closure}()
#50 /home/bora/Projeler/enerjiyonetim/vendor/laravel/framework/src/Illuminate/Foundation/Http/Middleware/TransformsRequest.php(21): Illuminate\\Pipeline\\Pipeline->Illuminate\\Pipeline\\{closure}()
#51 /home/bora/Projeler/enerjiyonetim/vendor/laravel/framework/src/Illuminate/Pipeline/Pipeline.php(171): Illuminate\\Foundation\\Http\\Middleware\\TransformsRequest->handle()
#52 /home/bora/Projeler/enerjiyonetim/vendor/laravel/framework/src/Illuminate/Foundation/Http/Middleware/TransformsRequest.php(21): Illuminate\\Pipeline\\Pipeline->Illuminate\\Pipeline\\{closure}()
#53 /home/bora/Projeler/enerjiyonetim/vendor/laravel/framework/src/Illuminate/Pipeline/Pipeline.php(171): Illuminate\\Foundation\\Http\\Middleware\\TransformsRequest->handle()
#54 /home/bora/Projeler/enerjiyonetim/vendor/laravel/framework/src/Illuminate/Foundation/Http/Middleware/ValidatePostSize.php(27): Illuminate\\Pipeline\\Pipeline->Illuminate\\Pipeline\\{closure}()
#55 /home/bora/Projeler/enerjiyonetim/vendor/laravel/framework/src/Illuminate/Pipeline/Pipeline.php(171): Illuminate\\Foundation\\Http\\Middleware\\ValidatePostSize->handle()
#56 /home/bora/Projeler/enerjiyonetim/vendor/laravel/framework/src/Illuminate/Foundation/Http/Middleware/CheckForMaintenanceMode.php(63): Illuminate\\Pipeline\\Pipeline->Illuminate\\Pipeline\\{closure}()
#57 /home/bora/Projeler/enerjiyonetim/vendor/laravel/framework/src/Illuminate/Pipeline/Pipeline.php(171): Illuminate\\Foundation\\Http\\Middleware\\CheckForMaintenanceMode->handle()
#58 /home/bora/Projeler/enerjiyonetim/vendor/fideloper/proxy/src/TrustProxies.php(57): Illuminate\\Pipeline\\Pipeline->Illuminate\\Pipeline\\{closure}()
#59 /home/bora/Projeler/enerjiyonetim/vendor/laravel/framework/src/Illuminate/Pipeline/Pipeline.php(171): Fideloper\\Proxy\\TrustProxies->handle()
#60 /home/bora/Projeler/enerjiyonetim/vendor/laravel/framework/src/Illuminate/Pipeline/Pipeline.php(105): Illuminate\\Pipeline\\Pipeline->Illuminate\\Pipeline\\{closure}()
#61 /home/bora/Projeler/enerjiyonetim/vendor/laravel/framework/src/Illuminate/Foundation/Http/Kernel.php(145): Illuminate\\Pipeline\\Pipeline->then()
#62 /home/bora/Projeler/enerjiyonetim/vendor/laravel/framework/src/Illuminate/Foundation/Http/Kernel.php(110): Illuminate\\Foundation\\Http\\Kernel->sendRequestThroughRouter()
#63 /home/bora/Projeler/enerjiyonetim/public/index.php(55): Illuminate\\Foundation\\Http\\Kernel->handle()
#64 /home/bora/Projeler/enerjiyonetim/server.php(21): require_once('/home/bora/Proj...')
#65 {main}
"} 
[2021-09-05 22:49:55] local.ERROR: Undefined variable: company_avatar (View: /home/bora/Projeler/enerjiyonetim/resources/views/vendor/voyager/dashboard/sidebar.blade.php) {"userId":1,"exception":"[object] (Facade\\Ignition\\Exceptions\\ViewException(code: 0): Undefined variable: company_avatar (View: /home/bora/Projeler/enerjiyonetim/resources/views/vendor/voyager/dashboard/sidebar.blade.php) at /home/bora/Projeler/enerjiyonetim/resources/views/vendor/voyager/dashboard/sidebar.blade.php:22)
[stacktrace]
#0 /home/bora/Projeler/enerjiyonetim/resources/views/vendor/voyager/dashboard/sidebar.blade.php(22): Illuminate\\Foundation\\Bootstrap\\HandleExceptions->handleError()
#1 /home/bora/Projeler/enerjiyonetim/vendor/laravel/framework/src/Illuminate/View/Engines/PhpEngine.php(43): include('/home/bora/Proj...')
#2 /home/bora/Projeler/enerjiyonetim/vendor/laravel/framework/src/Illuminate/View/Engines/CompilerEngine.php(59): Illuminate\\View\\Engines\\PhpEngine->evaluatePath()
#3 /home/bora/Projeler/enerjiyonetim/vendor/facade/ignition/src/Views/Engines/CompilerEngine.php(36): Illuminate\\View\\Engines\\CompilerEngine->get()
#4 /home/bora/Projeler/enerjiyonetim/vendor/laravel/framework/src/Illuminate/View/View.php(143): Facade\\Ignition\\Views\\Engines\\CompilerEngine->get()
#5 /home/bora/Projeler/enerjiyonetim/vendor/laravel/framework/src/Illuminate/View/View.php(126): Illuminate\\View\\View->getContents()
#6 /home/bora/Projeler/enerjiyonetim/vendor/laravel/framework/src/Illuminate/View/View.php(91): Illuminate\\View\\View->renderContents()
#7 /home/bora/Projeler/enerjiyonetim/vendor/tcg/voyager/src/../resources/views/master.blade.php(78): Illuminate\\View\\View->render()
#8 /home/bora/Projeler/enerjiyonetim/vendor/laravel/framework/src/Illuminate/View/Engines/PhpEngine.php(43): include('/home/bora/Proj...')
#9 /home/bora/Projeler/enerjiyonetim/vendor/laravel/framework/src/Illuminate/View/Engines/CompilerEngine.php(59): Illuminate\\View\\Engines\\PhpEngine->evaluatePath()
#10 /home/bora/Projeler/enerjiyonetim/vendor/facade/ignition/src/Views/Engines/CompilerEngine.php(36): Illuminate\\View\\Engines\\CompilerEngine->get()
#11 /home/bora/Projeler/enerjiyonetim/vendor/laravel/framework/src/Illuminate/View/View.php(143): Facade\\Ignition\\Views\\Engines\\CompilerEngine->get()
#12 /home/bora/Projeler/enerjiyonetim/vendor/laravel/framework/src/Illuminate/View/View.php(126): Illuminate\\View\\View->getContents()
#13 /home/bora/Projeler/enerjiyonetim/vendor/laravel/framework/src/Illuminate/View/View.php(91): Illuminate\\View\\View->renderContents()
#14 /home/bora/Projeler/enerjiyonetim/vendor/tcg/voyager/src/../resources/views/index.blade.php(475): Illuminate\\View\\View->render()
#15 /home/bora/Projeler/enerjiyonetim/vendor/laravel/framework/src/Illuminate/View/Engines/PhpEngine.php(43): include('/home/bora/Proj...')
#16 /home/bora/Projeler/enerjiyonetim/vendor/laravel/framework/src/Illuminate/View/Engines/CompilerEngine.php(59): Illuminate\\View\\Engines\\PhpEngine->evaluatePath()
#17 /home/bora/Projeler/enerjiyonetim/vendor/facade/ignition/src/Views/Engines/CompilerEngine.php(36): Illuminate\\View\\Engines\\CompilerEngine->get()
#18 /home/bora/Projeler/enerjiyonetim/vendor/laravel/framework/src/Illuminate/View/View.php(143): Facade\\Ignition\\Views\\Engines\\CompilerEngine->get()
#19 /home/bora/Projeler/enerjiyonetim/vendor/laravel/framework/src/Illuminate/View/View.php(126): Illuminate\\View\\View->getContents()
#20 /home/bora/Projeler/enerjiyonetim/vendor/laravel/framework/src/Illuminate/View/View.php(91): Illuminate\\View\\View->renderContents()
#21 /home/bora/Projeler/enerjiyonetim/vendor/laravel/framework/src/Illuminate/Http/Response.php(42): Illuminate\\View\\View->render()
#22 /home/bora/Projeler/enerjiyonetim/vendor/symfony/http-foundation/Response.php(205): Illuminate\\Http\\Response->setContent()
#23 /home/bora/Projeler/enerjiyonetim/vendor/laravel/framework/src/Illuminate/Routing/Router.php(749): Symfony\\Component\\HttpFoundation\\Response->__construct()
#24 /home/bora/Projeler/enerjiyonetim/vendor/laravel/framework/src/Illuminate/Routing/Router.php(721): Illuminate\\Routing\\Router::toResponse()
#25 /home/bora/Projeler/enerjiyonetim/vendor/laravel/framework/src/Illuminate/Routing/Router.php(681): Illuminate\\Routing\\Router->prepareResponse()
#26 /home/bora/Projeler/enerjiyonetim/vendor/laravel/framework/src/Illuminate/Pipeline/Pipeline.php(130): Illuminate\\Routing\\Router->Illuminate\\Routing\\{closure}()
#27 /home/bora/Projeler/enerjiyonetim/vendor/tcg/voyager/src/Http/Middleware/VoyagerAdminMiddleware.php(26): Illuminate\\Pipeline\\Pipeline->Illuminate\\Pipeline\\{closure}()
#28 /home/bora/Projeler/enerjiyonetim/vendor/laravel/framework/src/Illuminate/Pipeline/Pipeline.php(171): TCG\\Voyager\\Http\\Middleware\\VoyagerAdminMiddleware->handle()
#29 /home/bora/Projeler/enerjiyonetim/app/Http/Middleware/SetCompany.php(46): Illuminate\\Pipeline\\Pipeline->Illuminate\\Pipeline\\{closure}()
#30 /home/bora/Projeler/enerjiyonetim/vendor/laravel/framework/src/Illuminate/Pipeline/Pipeline.php(171): App\\Http\\Middleware\\SetCompany->handle()
#31 /home/bora/Projeler/enerjiyonetim/vendor/laravel/framework/src/Illuminate/Routing/Middleware/SubstituteBindings.php(41): Illuminate\\Pipeline\\Pipeline->Illuminate\\Pipeline\\{closure}()
#32 /home/bora/Projeler/enerjiyonetim/vendor/laravel/framework/src/Illuminate/Pipeline/Pipeline.php(171): Illuminate\\Routing\\Middleware\\SubstituteBindings->handle()
#33 /home/bora/Projeler/enerjiyonetim/vendor/laravel/framework/src/Illuminate/Foundation/Http/Middleware/VerifyCsrfToken.php(78): Illuminate\\Pipeline\\Pipeline->Illuminate\\Pipeline\\{closure}()
#34 /home/bora/Projeler/enerjiyonetim/vendor/laravel/framework/src/Illuminate/Pipeline/Pipeline.php(171): Illuminate\\Foundation\\Http\\Middleware\\VerifyCsrfToken->handle()
#35 /home/bora/Projeler/enerjiyonetim/vendor/laravel/framework/src/Illuminate/View/Middleware/ShareErrorsFromSession.php(49): Illuminate\\Pipeline\\Pipeline->Illuminate\\Pipeline\\{closure}()
#36 /home/bora/Projeler/enerjiyonetim/vendor/laravel/framework/src/Illuminate/Pipeline/Pipeline.php(171): Illuminate\\View\\Middleware\\ShareErrorsFromSession->handle()
#37 /home/bora/Projeler/enerjiyonetim/vendor/laravel/framework/src/Illuminate/Session/Middleware/StartSession.php(56): Illuminate\\Pipeline\\Pipeline->Illuminate\\Pipeline\\{closure}()
#38 /home/bora/Projeler/enerjiyonetim/vendor/laravel/framework/src/Illuminate/Pipeline/Pipeline.php(171): Illuminate\\Session\\Middleware\\StartSession->handle()
#39 /home/bora/Projeler/enerjiyonetim/vendor/laravel/framework/src/Illuminate/Cookie/Middleware/AddQueuedCookiesToResponse.php(37): Illuminate\\Pipeline\\Pipeline->Illuminate\\Pipeline\\{closure}()
#40 /home/bora/Projeler/enerjiyonetim/vendor/laravel/framework/src/Illuminate/Pipeline/Pipeline.php(171): Illuminate\\Cookie\\Middleware\\AddQueuedCookiesToResponse->handle()
#41 /home/bora/Projeler/enerjiyonetim/vendor/laravel/framework/src/Illuminate/Cookie/Middleware/EncryptCookies.php(67): Illuminate\\Pipeline\\Pipeline->Illuminate\\Pipeline\\{closure}()
#42 /home/bora/Projeler/enerjiyonetim/vendor/laravel/framework/src/Illuminate/Pipeline/Pipeline.php(171): Illuminate\\Cookie\\Middleware\\EncryptCookies->handle()
#43 /home/bora/Projeler/enerjiyonetim/vendor/laravel/framework/src/Illuminate/Pipeline/Pipeline.php(105): Illuminate\\Pipeline\\Pipeline->Illuminate\\Pipeline\\{closure}()
#44 /home/bora/Projeler/enerjiyonetim/vendor/laravel/framework/src/Illuminate/Routing/Router.php(683): Illuminate\\Pipeline\\Pipeline->then()
#45 /home/bora/Projeler/enerjiyonetim/vendor/laravel/framework/src/Illuminate/Routing/Router.php(658): Illuminate\\Routing\\Router->runRouteWithinStack()
#46 /home/bora/Projeler/enerjiyonetim/vendor/laravel/framework/src/Illuminate/Routing/Router.php(624): Illuminate\\Routing\\Router->runRoute()
#47 /home/bora/Projeler/enerjiyonetim/vendor/laravel/framework/src/Illuminate/Routing/Router.php(613): Illuminate\\Routing\\Router->dispatchToRoute()
#48 /home/bora/Projeler/enerjiyonetim/vendor/laravel/framework/src/Illuminate/Foundation/Http/Kernel.php(170): Illuminate\\Routing\\Router->dispatch()
#49 /home/bora/Projeler/enerjiyonetim/vendor/laravel/framework/src/Illuminate/Pipeline/Pipeline.php(130): Illuminate\\Foundation\\Http\\Kernel->Illuminate\\Foundation\\Http\\{closure}()
#50 /home/bora/Projeler/enerjiyonetim/vendor/laravel/framework/src/Illuminate/Foundation/Http/Middleware/TransformsRequest.php(21): Illuminate\\Pipeline\\Pipeline->Illuminate\\Pipeline\\{closure}()
#51 /home/bora/Projeler/enerjiyonetim/vendor/laravel/framework/src/Illuminate/Pipeline/Pipeline.php(171): Illuminate\\Foundation\\Http\\Middleware\\TransformsRequest->handle()
#52 /home/bora/Projeler/enerjiyonetim/vendor/laravel/framework/src/Illuminate/Foundation/Http/Middleware/TransformsRequest.php(21): Illuminate\\Pipeline\\Pipeline->Illuminate\\Pipeline\\{closure}()
#53 /home/bora/Projeler/enerjiyonetim/vendor/laravel/framework/src/Illuminate/Pipeline/Pipeline.php(171): Illuminate\\Foundation\\Http\\Middleware\\TransformsRequest->handle()
#54 /home/bora/Projeler/enerjiyonetim/vendor/laravel/framework/src/Illuminate/Foundation/Http/Middleware/ValidatePostSize.php(27): Illuminate\\Pipeline\\Pipeline->Illuminate\\Pipeline\\{closure}()
#55 /home/bora/Projeler/enerjiyonetim/vendor/laravel/framework/src/Illuminate/Pipeline/Pipeline.php(171): Illuminate\\Foundation\\Http\\Middleware\\ValidatePostSize->handle()
#56 /home/bora/Projeler/enerjiyonetim/vendor/laravel/framework/src/Illuminate/Foundation/Http/Middleware/CheckForMaintenanceMode.php(63): Illuminate\\Pipeline\\Pipeline->Illuminate\\Pipeline\\{closure}()
#57 /home/bora/Projeler/enerjiyonetim/vendor/laravel/framework/src/Illuminate/Pipeline/Pipeline.php(171): Illuminate\\Foundation\\Http\\Middleware\\CheckForMaintenanceMode->handle()
#58 /home/bora/Projeler/enerjiyonetim/vendor/fideloper/proxy/src/TrustProxies.php(57): Illuminate\\Pipeline\\Pipeline->Illuminate\\Pipeline\\{closure}()
#59 /home/bora/Projeler/enerjiyonetim/vendor/laravel/framework/src/Illuminate/Pipeline/Pipeline.php(171): Fideloper\\Proxy\\TrustProxies->handle()
#60 /home/bora/Projeler/enerjiyonetim/vendor/laravel/framework/src/Illuminate/Pipeline/Pipeline.php(105): Illuminate\\Pipeline\\Pipeline->Illuminate\\Pipeline\\{closure}()
#61 /home/bora/Projeler/enerjiyonetim/vendor/laravel/framework/src/Illuminate/Foundation/Http/Kernel.php(145): Illuminate\\Pipeline\\Pipeline->then()
#62 /home/bora/Projeler/enerjiyonetim/vendor/laravel/framework/src/Illuminate/Foundation/Http/Kernel.php(110): Illuminate\\Foundation\\Http\\Kernel->sendRequestThroughRouter()
#63 /home/bora/Projeler/enerjiyonetim/public/index.php(55): Illuminate\\Foundation\\Http\\Kernel->handle()
#64 /home/bora/Projeler/enerjiyonetim/server.php(21): require_once('/home/bora/Proj...')
#65 {main}

[previous exception] [object] (ErrorException(code: 0): Undefined variable: company_avatar at /home/bora/Projeler/enerjiyonetim/storage/framework/views/d75c2f1df9ebfad024243c8161e947a023c382a6.php:22)
[stacktrace]
#0 /home/bora/Projeler/enerjiyonetim/storage/framework/views/d75c2f1df9ebfad024243c8161e947a023c382a6.php(22): Illuminate\\Foundation\\Bootstrap\\HandleExceptions->handleError()
#1 /home/bora/Projeler/enerjiyonetim/vendor/laravel/framework/src/Illuminate/View/Engines/PhpEngine.php(43): include('/home/bora/Proj...')
#2 /home/bora/Projeler/enerjiyonetim/vendor/laravel/framework/src/Illuminate/View/Engines/CompilerEngine.php(59): Illuminate\\View\\Engines\\PhpEngine->evaluatePath()
#3 /home/bora/Projeler/enerjiyonetim/vendor/facade/ignition/src/Views/Engines/CompilerEngine.php(36): Illuminate\\View\\Engines\\CompilerEngine->get()
#4 /home/bora/Projeler/enerjiyonetim/vendor/laravel/framework/src/Illuminate/View/View.php(143): Facade\\Ignition\\Views\\Engines\\CompilerEngine->get()
#5 /home/bora/Projeler/enerjiyonetim/vendor/laravel/framework/src/Illuminate/View/View.php(126): Illuminate\\View\\View->getContents()
#6 /home/bora/Projeler/enerjiyonetim/vendor/laravel/framework/src/Illuminate/View/View.php(91): Illuminate\\View\\View->renderContents()
#7 /home/bora/Projeler/enerjiyonetim/storage/framework/views/dd14314686640a3c4413d3e270234415c06bf6f1.php(78): Illuminate\\View\\View->render()
#8 /home/bora/Projeler/enerjiyonetim/vendor/laravel/framework/src/Illuminate/View/Engines/PhpEngine.php(43): include('/home/bora/Proj...')
#9 /home/bora/Projeler/enerjiyonetim/vendor/laravel/framework/src/Illuminate/View/Engines/CompilerEngine.php(59): Illuminate\\View\\Engines\\PhpEngine->evaluatePath()
#10 /home/bora/Projeler/enerjiyonetim/vendor/facade/ignition/src/Views/Engines/CompilerEngine.php(36): Illuminate\\View\\Engines\\CompilerEngine->get()
#11 /home/bora/Projeler/enerjiyonetim/vendor/laravel/framework/src/Illuminate/View/View.php(143): Facade\\Ignition\\Views\\Engines\\CompilerEngine->get()
#12 /home/bora/Projeler/enerjiyonetim/vendor/laravel/framework/src/Illuminate/View/View.php(126): Illuminate\\View\\View->getContents()
#13 /home/bora/Projeler/enerjiyonetim/vendor/laravel/framework/src/Illuminate/View/View.php(91): Illuminate\\View\\View->renderContents()
#14 /home/bora/Projeler/enerjiyonetim/storage/framework/views/81f6293fce84d6d3ccdbd4ee4d57452b774a20ba.php(475): Illuminate\\View\\View->render()
#15 /home/bora/Projeler/enerjiyonetim/vendor/laravel/framework/src/Illuminate/View/Engines/PhpEngine.php(43): include('/home/bora/Proj...')
#16 /home/bora/Projeler/enerjiyonetim/vendor/laravel/framework/src/Illuminate/View/Engines/CompilerEngine.php(59): Illuminate\\View\\Engines\\PhpEngine->evaluatePath()
#17 /home/bora/Projeler/enerjiyonetim/vendor/facade/ignition/src/Views/Engines/CompilerEngine.php(36): Illuminate\\View\\Engines\\CompilerEngine->get()
#18 /home/bora/Projeler/enerjiyonetim/vendor/laravel/framework/src/Illuminate/View/View.php(143): Facade\\Ignition\\Views\\Engines\\CompilerEngine->get()
#19 /home/bora/Projeler/enerjiyonetim/vendor/laravel/framework/src/Illuminate/View/View.php(126): Illuminate\\View\\View->getContents()
#20 /home/bora/Projeler/enerjiyonetim/vendor/laravel/framework/src/Illuminate/View/View.php(91): Illuminate\\View\\View->renderContents()
#21 /home/bora/Projeler/enerjiyonetim/vendor/laravel/framework/src/Illuminate/Http/Response.php(42): Illuminate\\View\\View->render()
#22 /home/bora/Projeler/enerjiyonetim/vendor/symfony/http-foundation/Response.php(205): Illuminate\\Http\\Response->setContent()
#23 /home/bora/Projeler/enerjiyonetim/vendor/laravel/framework/src/Illuminate/Routing/Router.php(749): Symfony\\Component\\HttpFoundation\\Response->__construct()
#24 /home/bora/Projeler/enerjiyonetim/vendor/laravel/framework/src/Illuminate/Routing/Router.php(721): Illuminate\\Routing\\Router::toResponse()
#25 /home/bora/Projeler/enerjiyonetim/vendor/laravel/framework/src/Illuminate/Routing/Router.php(681): Illuminate\\Routing\\Router->prepareResponse()
#26 /home/bora/Projeler/enerjiyonetim/vendor/laravel/framework/src/Illuminate/Pipeline/Pipeline.php(130): Illuminate\\Routing\\Router->Illuminate\\Routing\\{closure}()
#27 /home/bora/Projeler/enerjiyonetim/vendor/tcg/voyager/src/Http/Middleware/VoyagerAdminMiddleware.php(26): Illuminate\\Pipeline\\Pipeline->Illuminate\\Pipeline\\{closure}()
#28 /home/bora/Projeler/enerjiyonetim/vendor/laravel/framework/src/Illuminate/Pipeline/Pipeline.php(171): TCG\\Voyager\\Http\\Middleware\\VoyagerAdminMiddleware->handle()
#29 /home/bora/Projeler/enerjiyonetim/app/Http/Middleware/SetCompany.php(46): Illuminate\\Pipeline\\Pipeline->Illuminate\\Pipeline\\{closure}()
#30 /home/bora/Projeler/enerjiyonetim/vendor/laravel/framework/src/Illuminate/Pipeline/Pipeline.php(171): App\\Http\\Middleware\\SetCompany->handle()
#31 /home/bora/Projeler/enerjiyonetim/vendor/laravel/framework/src/Illuminate/Routing/Middleware/SubstituteBindings.php(41): Illuminate\\Pipeline\\Pipeline->Illuminate\\Pipeline\\{closure}()
#32 /home/bora/Projeler/enerjiyonetim/vendor/laravel/framework/src/Illuminate/Pipeline/Pipeline.php(171): Illuminate\\Routing\\Middleware\\SubstituteBindings->handle()
#33 /home/bora/Projeler/enerjiyonetim/vendor/laravel/framework/src/Illuminate/Foundation/Http/Middleware/VerifyCsrfToken.php(78): Illuminate\\Pipeline\\Pipeline->Illuminate\\Pipeline\\{closure}()
#34 /home/bora/Projeler/enerjiyonetim/vendor/laravel/framework/src/Illuminate/Pipeline/Pipeline.php(171): Illuminate\\Foundation\\Http\\Middleware\\VerifyCsrfToken->handle()
#35 /home/bora/Projeler/enerjiyonetim/vendor/laravel/framework/src/Illuminate/View/Middleware/ShareErrorsFromSession.php(49): Illuminate\\Pipeline\\Pipeline->Illuminate\\Pipeline\\{closure}()
#36 /home/bora/Projeler/enerjiyonetim/vendor/laravel/framework/src/Illuminate/Pipeline/Pipeline.php(171): Illuminate\\View\\Middleware\\ShareErrorsFromSession->handle()
#37 /home/bora/Projeler/enerjiyonetim/vendor/laravel/framework/src/Illuminate/Session/Middleware/StartSession.php(56): Illuminate\\Pipeline\\Pipeline->Illuminate\\Pipeline\\{closure}()
#38 /home/bora/Projeler/enerjiyonetim/vendor/laravel/framework/src/Illuminate/Pipeline/Pipeline.php(171): Illuminate\\Session\\Middleware\\StartSession->handle()
#39 /home/bora/Projeler/enerjiyonetim/vendor/laravel/framework/src/Illuminate/Cookie/Middleware/AddQueuedCookiesToResponse.php(37): Illuminate\\Pipeline\\Pipeline->Illuminate\\Pipeline\\{closure}()
#40 /home/bora/Projeler/enerjiyonetim/vendor/laravel/framework/src/Illuminate/Pipeline/Pipeline.php(171): Illuminate\\Cookie\\Middleware\\AddQueuedCookiesToResponse->handle()
#41 /home/bora/Projeler/enerjiyonetim/vendor/laravel/framework/src/Illuminate/Cookie/Middleware/EncryptCookies.php(67): Illuminate\\Pipeline\\Pipeline->Illuminate\\Pipeline\\{closure}()
#42 /home/bora/Projeler/enerjiyonetim/vendor/laravel/framework/src/Illuminate/Pipeline/Pipeline.php(171): Illuminate\\Cookie\\Middleware\\EncryptCookies->handle()
#43 /home/bora/Projeler/enerjiyonetim/vendor/laravel/framework/src/Illuminate/Pipeline/Pipeline.php(105): Illuminate\\Pipeline\\Pipeline->Illuminate\\Pipeline\\{closure}()
#44 /home/bora/Projeler/enerjiyonetim/vendor/laravel/framework/src/Illuminate/Routing/Router.php(683): Illuminate\\Pipeline\\Pipeline->then()
#45 /home/bora/Projeler/enerjiyonetim/vendor/laravel/framework/src/Illuminate/Routing/Router.php(658): Illuminate\\Routing\\Router->runRouteWithinStack()
#46 /home/bora/Projeler/enerjiyonetim/vendor/laravel/framework/src/Illuminate/Routing/Router.php(624): Illuminate\\Routing\\Router->runRoute()
#47 /home/bora/Projeler/enerjiyonetim/vendor/laravel/framework/src/Illuminate/Routing/Router.php(613): Illuminate\\Routing\\Router->dispatchToRoute()
#48 /home/bora/Projeler/enerjiyonetim/vendor/laravel/framework/src/Illuminate/Foundation/Http/Kernel.php(170): Illuminate\\Routing\\Router->dispatch()
#49 /home/bora/Projeler/enerjiyonetim/vendor/laravel/framework/src/Illuminate/Pipeline/Pipeline.php(130): Illuminate\\Foundation\\Http\\Kernel->Illuminate\\Foundation\\Http\\{closure}()
#50 /home/bora/Projeler/enerjiyonetim/vendor/laravel/framework/src/Illuminate/Foundation/Http/Middleware/TransformsRequest.php(21): Illuminate\\Pipeline\\Pipeline->Illuminate\\Pipeline\\{closure}()
#51 /home/bora/Projeler/enerjiyonetim/vendor/laravel/framework/src/Illuminate/Pipeline/Pipeline.php(171): Illuminate\\Foundation\\Http\\Middleware\\TransformsRequest->handle()
#52 /home/bora/Projeler/enerjiyonetim/vendor/laravel/framework/src/Illuminate/Foundation/Http/Middleware/TransformsRequest.php(21): Illuminate\\Pipeline\\Pipeline->Illuminate\\Pipeline\\{closure}()
#53 /home/bora/Projeler/enerjiyonetim/vendor/laravel/framework/src/Illuminate/Pipeline/Pipeline.php(171): Illuminate\\Foundation\\Http\\Middleware\\TransformsRequest->handle()
#54 /home/bora/Projeler/enerjiyonetim/vendor/laravel/framework/src/Illuminate/Foundation/Http/Middleware/ValidatePostSize.php(27): Illuminate\\Pipeline\\Pipeline->Illuminate\\Pipeline\\{closure}()
#55 /home/bora/Projeler/enerjiyonetim/vendor/laravel/framework/src/Illuminate/Pipeline/Pipeline.php(171): Illuminate\\Foundation\\Http\\Middleware\\ValidatePostSize->handle()
#56 /home/bora/Projeler/enerjiyonetim/vendor/laravel/framework/src/Illuminate/Foundation/Http/Middleware/CheckForMaintenanceMode.php(63): Illuminate\\Pipeline\\Pipeline->Illuminate\\Pipeline\\{closure}()
#57 /home/bora/Projeler/enerjiyonetim/vendor/laravel/framework/src/Illuminate/Pipeline/Pipeline.php(171): Illuminate\\Foundation\\Http\\Middleware\\CheckForMaintenanceMode->handle()
#58 /home/bora/Projeler/enerjiyonetim/vendor/fideloper/proxy/src/TrustProxies.php(57): Illuminate\\Pipeline\\Pipeline->Illuminate\\Pipeline\\{closure}()
#59 /home/bora/Projeler/enerjiyonetim/vendor/laravel/framework/src/Illuminate/Pipeline/Pipeline.php(171): Fideloper\\Proxy\\TrustProxies->handle()
#60 /home/bora/Projeler/enerjiyonetim/vendor/laravel/framework/src/Illuminate/Pipeline/Pipeline.php(105): Illuminate\\Pipeline\\Pipeline->Illuminate\\Pipeline\\{closure}()
#61 /home/bora/Projeler/enerjiyonetim/vendor/laravel/framework/src/Illuminate/Foundation/Http/Kernel.php(145): Illuminate\\Pipeline\\Pipeline->then()
#62 /home/bora/Projeler/enerjiyonetim/vendor/laravel/framework/src/Illuminate/Foundation/Http/Kernel.php(110): Illuminate\\Foundation\\Http\\Kernel->sendRequestThroughRouter()
#63 /home/bora/Projeler/enerjiyonetim/public/index.php(55): Illuminate\\Foundation\\Http\\Kernel->handle()
#64 /home/bora/Projeler/enerjiyonetim/server.php(21): require_once('/home/bora/Proj...')
#65 {main}
"} 
[2021-09-05 22:55:23] local.ERROR: Undefined variable: company_avatar (View: /home/bora/Projeler/enerjiyonetim/resources/views/vendor/voyager/dashboard/sidebar.blade.php) {"userId":1,"exception":"[object] (Facade\\Ignition\\Exceptions\\ViewException(code: 0): Undefined variable: company_avatar (View: /home/bora/Projeler/enerjiyonetim/resources/views/vendor/voyager/dashboard/sidebar.blade.php) at /home/bora/Projeler/enerjiyonetim/resources/views/vendor/voyager/dashboard/sidebar.blade.php:22)
[stacktrace]
#0 /home/bora/Projeler/enerjiyonetim/resources/views/vendor/voyager/dashboard/sidebar.blade.php(22): Illuminate\\Foundation\\Bootstrap\\HandleExceptions->handleError()
#1 /home/bora/Projeler/enerjiyonetim/vendor/laravel/framework/src/Illuminate/View/Engines/PhpEngine.php(43): include('/home/bora/Proj...')
#2 /home/bora/Projeler/enerjiyonetim/vendor/laravel/framework/src/Illuminate/View/Engines/CompilerEngine.php(59): Illuminate\\View\\Engines\\PhpEngine->evaluatePath()
#3 /home/bora/Projeler/enerjiyonetim/vendor/facade/ignition/src/Views/Engines/CompilerEngine.php(36): Illuminate\\View\\Engines\\CompilerEngine->get()
#4 /home/bora/Projeler/enerjiyonetim/vendor/laravel/framework/src/Illuminate/View/View.php(143): Facade\\Ignition\\Views\\Engines\\CompilerEngine->get()
#5 /home/bora/Projeler/enerjiyonetim/vendor/laravel/framework/src/Illuminate/View/View.php(126): Illuminate\\View\\View->getContents()
#6 /home/bora/Projeler/enerjiyonetim/vendor/laravel/framework/src/Illuminate/View/View.php(91): Illuminate\\View\\View->renderContents()
#7 /home/bora/Projeler/enerjiyonetim/vendor/tcg/voyager/src/../resources/views/master.blade.php(78): Illuminate\\View\\View->render()
#8 /home/bora/Projeler/enerjiyonetim/vendor/laravel/framework/src/Illuminate/View/Engines/PhpEngine.php(43): include('/home/bora/Proj...')
#9 /home/bora/Projeler/enerjiyonetim/vendor/laravel/framework/src/Illuminate/View/Engines/CompilerEngine.php(59): Illuminate\\View\\Engines\\PhpEngine->evaluatePath()
#10 /home/bora/Projeler/enerjiyonetim/vendor/facade/ignition/src/Views/Engines/CompilerEngine.php(36): Illuminate\\View\\Engines\\CompilerEngine->get()
#11 /home/bora/Projeler/enerjiyonetim/vendor/laravel/framework/src/Illuminate/View/View.php(143): Facade\\Ignition\\Views\\Engines\\CompilerEngine->get()
#12 /home/bora/Projeler/enerjiyonetim/vendor/laravel/framework/src/Illuminate/View/View.php(126): Illuminate\\View\\View->getContents()
#13 /home/bora/Projeler/enerjiyonetim/vendor/laravel/framework/src/Illuminate/View/View.php(91): Illuminate\\View\\View->renderContents()
#14 /home/bora/Projeler/enerjiyonetim/vendor/tcg/voyager/src/../resources/views/index.blade.php(475): Illuminate\\View\\View->render()
#15 /home/bora/Projeler/enerjiyonetim/vendor/laravel/framework/src/Illuminate/View/Engines/PhpEngine.php(43): include('/home/bora/Proj...')
#16 /home/bora/Projeler/enerjiyonetim/vendor/laravel/framework/src/Illuminate/View/Engines/CompilerEngine.php(59): Illuminate\\View\\Engines\\PhpEngine->evaluatePath()
#17 /home/bora/Projeler/enerjiyonetim/vendor/facade/ignition/src/Views/Engines/CompilerEngine.php(36): Illuminate\\View\\Engines\\CompilerEngine->get()
#18 /home/bora/Projeler/enerjiyonetim/vendor/laravel/framework/src/Illuminate/View/View.php(143): Facade\\Ignition\\Views\\Engines\\CompilerEngine->get()
#19 /home/bora/Projeler/enerjiyonetim/vendor/laravel/framework/src/Illuminate/View/View.php(126): Illuminate\\View\\View->getContents()
#20 /home/bora/Projeler/enerjiyonetim/vendor/laravel/framework/src/Illuminate/View/View.php(91): Illuminate\\View\\View->renderContents()
#21 /home/bora/Projeler/enerjiyonetim/vendor/laravel/framework/src/Illuminate/Http/Response.php(42): Illuminate\\View\\View->render()
#22 /home/bora/Projeler/enerjiyonetim/vendor/symfony/http-foundation/Response.php(205): Illuminate\\Http\\Response->setContent()
#23 /home/bora/Projeler/enerjiyonetim/vendor/laravel/framework/src/Illuminate/Routing/Router.php(749): Symfony\\Component\\HttpFoundation\\Response->__construct()
#24 /home/bora/Projeler/enerjiyonetim/vendor/laravel/framework/src/Illuminate/Routing/Router.php(721): Illuminate\\Routing\\Router::toResponse()
#25 /home/bora/Projeler/enerjiyonetim/vendor/laravel/framework/src/Illuminate/Routing/Router.php(681): Illuminate\\Routing\\Router->prepareResponse()
#26 /home/bora/Projeler/enerjiyonetim/vendor/laravel/framework/src/Illuminate/Pipeline/Pipeline.php(130): Illuminate\\Routing\\Router->Illuminate\\Routing\\{closure}()
#27 /home/bora/Projeler/enerjiyonetim/vendor/tcg/voyager/src/Http/Middleware/VoyagerAdminMiddleware.php(26): Illuminate\\Pipeline\\Pipeline->Illuminate\\Pipeline\\{closure}()
#28 /home/bora/Projeler/enerjiyonetim/vendor/laravel/framework/src/Illuminate/Pipeline/Pipeline.php(171): TCG\\Voyager\\Http\\Middleware\\VoyagerAdminMiddleware->handle()
#29 /home/bora/Projeler/enerjiyonetim/app/Http/Middleware/SetCompany.php(46): Illuminate\\Pipeline\\Pipeline->Illuminate\\Pipeline\\{closure}()
#30 /home/bora/Projeler/enerjiyonetim/vendor/laravel/framework/src/Illuminate/Pipeline/Pipeline.php(171): App\\Http\\Middleware\\SetCompany->handle()
#31 /home/bora/Projeler/enerjiyonetim/vendor/laravel/framework/src/Illuminate/Routing/Middleware/SubstituteBindings.php(41): Illuminate\\Pipeline\\Pipeline->Illuminate\\Pipeline\\{closure}()
#32 /home/bora/Projeler/enerjiyonetim/vendor/laravel/framework/src/Illuminate/Pipeline/Pipeline.php(171): Illuminate\\Routing\\Middleware\\SubstituteBindings->handle()
#33 /home/bora/Projeler/enerjiyonetim/vendor/laravel/framework/src/Illuminate/Foundation/Http/Middleware/VerifyCsrfToken.php(78): Illuminate\\Pipeline\\Pipeline->Illuminate\\Pipeline\\{closure}()
#34 /home/bora/Projeler/enerjiyonetim/vendor/laravel/framework/src/Illuminate/Pipeline/Pipeline.php(171): Illuminate\\Foundation\\Http\\Middleware\\VerifyCsrfToken->handle()
#35 /home/bora/Projeler/enerjiyonetim/vendor/laravel/framework/src/Illuminate/View/Middleware/ShareErrorsFromSession.php(49): Illuminate\\Pipeline\\Pipeline->Illuminate\\Pipeline\\{closure}()
#36 /home/bora/Projeler/enerjiyonetim/vendor/laravel/framework/src/Illuminate/Pipeline/Pipeline.php(171): Illuminate\\View\\Middleware\\ShareErrorsFromSession->handle()
#37 /home/bora/Projeler/enerjiyonetim/vendor/laravel/framework/src/Illuminate/Session/Middleware/StartSession.php(56): Illuminate\\Pipeline\\Pipeline->Illuminate\\Pipeline\\{closure}()
#38 /home/bora/Projeler/enerjiyonetim/vendor/laravel/framework/src/Illuminate/Pipeline/Pipeline.php(171): Illuminate\\Session\\Middleware\\StartSession->handle()
#39 /home/bora/Projeler/enerjiyonetim/vendor/laravel/framework/src/Illuminate/Cookie/Middleware/AddQueuedCookiesToResponse.php(37): Illuminate\\Pipeline\\Pipeline->Illuminate\\Pipeline\\{closure}()
#40 /home/bora/Projeler/enerjiyonetim/vendor/laravel/framework/src/Illuminate/Pipeline/Pipeline.php(171): Illuminate\\Cookie\\Middleware\\AddQueuedCookiesToResponse->handle()
#41 /home/bora/Projeler/enerjiyonetim/vendor/laravel/framework/src/Illuminate/Cookie/Middleware/EncryptCookies.php(67): Illuminate\\Pipeline\\Pipeline->Illuminate\\Pipeline\\{closure}()
#42 /home/bora/Projeler/enerjiyonetim/vendor/laravel/framework/src/Illuminate/Pipeline/Pipeline.php(171): Illuminate\\Cookie\\Middleware\\EncryptCookies->handle()
#43 /home/bora/Projeler/enerjiyonetim/vendor/laravel/framework/src/Illuminate/Pipeline/Pipeline.php(105): Illuminate\\Pipeline\\Pipeline->Illuminate\\Pipeline\\{closure}()
#44 /home/bora/Projeler/enerjiyonetim/vendor/laravel/framework/src/Illuminate/Routing/Router.php(683): Illuminate\\Pipeline\\Pipeline->then()
#45 /home/bora/Projeler/enerjiyonetim/vendor/laravel/framework/src/Illuminate/Routing/Router.php(658): Illuminate\\Routing\\Router->runRouteWithinStack()
#46 /home/bora/Projeler/enerjiyonetim/vendor/laravel/framework/src/Illuminate/Routing/Router.php(624): Illuminate\\Routing\\Router->runRoute()
#47 /home/bora/Projeler/enerjiyonetim/vendor/laravel/framework/src/Illuminate/Routing/Router.php(613): Illuminate\\Routing\\Router->dispatchToRoute()
#48 /home/bora/Projeler/enerjiyonetim/vendor/laravel/framework/src/Illuminate/Foundation/Http/Kernel.php(170): Illuminate\\Routing\\Router->dispatch()
#49 /home/bora/Projeler/enerjiyonetim/vendor/laravel/framework/src/Illuminate/Pipeline/Pipeline.php(130): Illuminate\\Foundation\\Http\\Kernel->Illuminate\\Foundation\\Http\\{closure}()
#50 /home/bora/Projeler/enerjiyonetim/vendor/laravel/framework/src/Illuminate/Foundation/Http/Middleware/TransformsRequest.php(21): Illuminate\\Pipeline\\Pipeline->Illuminate\\Pipeline\\{closure}()
#51 /home/bora/Projeler/enerjiyonetim/vendor/laravel/framework/src/Illuminate/Pipeline/Pipeline.php(171): Illuminate\\Foundation\\Http\\Middleware\\TransformsRequest->handle()
#52 /home/bora/Projeler/enerjiyonetim/vendor/laravel/framework/src/Illuminate/Foundation/Http/Middleware/TransformsRequest.php(21): Illuminate\\Pipeline\\Pipeline->Illuminate\\Pipeline\\{closure}()
#53 /home/bora/Projeler/enerjiyonetim/vendor/laravel/framework/src/Illuminate/Pipeline/Pipeline.php(171): Illuminate\\Foundation\\Http\\Middleware\\TransformsRequest->handle()
#54 /home/bora/Projeler/enerjiyonetim/vendor/laravel/framework/src/Illuminate/Foundation/Http/Middleware/ValidatePostSize.php(27): Illuminate\\Pipeline\\Pipeline->Illuminate\\Pipeline\\{closure}()
#55 /home/bora/Projeler/enerjiyonetim/vendor/laravel/framework/src/Illuminate/Pipeline/Pipeline.php(171): Illuminate\\Foundation\\Http\\Middleware\\ValidatePostSize->handle()
#56 /home/bora/Projeler/enerjiyonetim/vendor/laravel/framework/src/Illuminate/Foundation/Http/Middleware/CheckForMaintenanceMode.php(63): Illuminate\\Pipeline\\Pipeline->Illuminate\\Pipeline\\{closure}()
#57 /home/bora/Projeler/enerjiyonetim/vendor/laravel/framework/src/Illuminate/Pipeline/Pipeline.php(171): Illuminate\\Foundation\\Http\\Middleware\\CheckForMaintenanceMode->handle()
#58 /home/bora/Projeler/enerjiyonetim/vendor/fideloper/proxy/src/TrustProxies.php(57): Illuminate\\Pipeline\\Pipeline->Illuminate\\Pipeline\\{closure}()
#59 /home/bora/Projeler/enerjiyonetim/vendor/laravel/framework/src/Illuminate/Pipeline/Pipeline.php(171): Fideloper\\Proxy\\TrustProxies->handle()
#60 /home/bora/Projeler/enerjiyonetim/vendor/laravel/framework/src/Illuminate/Pipeline/Pipeline.php(105): Illuminate\\Pipeline\\Pipeline->Illuminate\\Pipeline\\{closure}()
#61 /home/bora/Projeler/enerjiyonetim/vendor/laravel/framework/src/Illuminate/Foundation/Http/Kernel.php(145): Illuminate\\Pipeline\\Pipeline->then()
#62 /home/bora/Projeler/enerjiyonetim/vendor/laravel/framework/src/Illuminate/Foundation/Http/Kernel.php(110): Illuminate\\Foundation\\Http\\Kernel->sendRequestThroughRouter()
#63 /home/bora/Projeler/enerjiyonetim/public/index.php(55): Illuminate\\Foundation\\Http\\Kernel->handle()
#64 /home/bora/Projeler/enerjiyonetim/server.php(21): require_once('/home/bora/Proj...')
#65 {main}

[previous exception] [object] (ErrorException(code: 0): Undefined variable: company_avatar at /home/bora/Projeler/enerjiyonetim/storage/framework/views/d75c2f1df9ebfad024243c8161e947a023c382a6.php:22)
[stacktrace]
#0 /home/bora/Projeler/enerjiyonetim/storage/framework/views/d75c2f1df9ebfad024243c8161e947a023c382a6.php(22): Illuminate\\Foundation\\Bootstrap\\HandleExceptions->handleError()
#1 /home/bora/Projeler/enerjiyonetim/vendor/laravel/framework/src/Illuminate/View/Engines/PhpEngine.php(43): include('/home/bora/Proj...')
#2 /home/bora/Projeler/enerjiyonetim/vendor/laravel/framework/src/Illuminate/View/Engines/CompilerEngine.php(59): Illuminate\\View\\Engines\\PhpEngine->evaluatePath()
#3 /home/bora/Projeler/enerjiyonetim/vendor/facade/ignition/src/Views/Engines/CompilerEngine.php(36): Illuminate\\View\\Engines\\CompilerEngine->get()
#4 /home/bora/Projeler/enerjiyonetim/vendor/laravel/framework/src/Illuminate/View/View.php(143): Facade\\Ignition\\Views\\Engines\\CompilerEngine->get()
#5 /home/bora/Projeler/enerjiyonetim/vendor/laravel/framework/src/Illuminate/View/View.php(126): Illuminate\\View\\View->getContents()
#6 /home/bora/Projeler/enerjiyonetim/vendor/laravel/framework/src/Illuminate/View/View.php(91): Illuminate\\View\\View->renderContents()
#7 /home/bora/Projeler/enerjiyonetim/storage/framework/views/dd14314686640a3c4413d3e270234415c06bf6f1.php(78): Illuminate\\View\\View->render()
#8 /home/bora/Projeler/enerjiyonetim/vendor/laravel/framework/src/Illuminate/View/Engines/PhpEngine.php(43): include('/home/bora/Proj...')
#9 /home/bora/Projeler/enerjiyonetim/vendor/laravel/framework/src/Illuminate/View/Engines/CompilerEngine.php(59): Illuminate\\View\\Engines\\PhpEngine->evaluatePath()
#10 /home/bora/Projeler/enerjiyonetim/vendor/facade/ignition/src/Views/Engines/CompilerEngine.php(36): Illuminate\\View\\Engines\\CompilerEngine->get()
#11 /home/bora/Projeler/enerjiyonetim/vendor/laravel/framework/src/Illuminate/View/View.php(143): Facade\\Ignition\\Views\\Engines\\CompilerEngine->get()
#12 /home/bora/Projeler/enerjiyonetim/vendor/laravel/framework/src/Illuminate/View/View.php(126): Illuminate\\View\\View->getContents()
#13 /home/bora/Projeler/enerjiyonetim/vendor/laravel/framework/src/Illuminate/View/View.php(91): Illuminate\\View\\View->renderContents()
#14 /home/bora/Projeler/enerjiyonetim/storage/framework/views/81f6293fce84d6d3ccdbd4ee4d57452b774a20ba.php(475): Illuminate\\View\\View->render()
#15 /home/bora/Projeler/enerjiyonetim/vendor/laravel/framework/src/Illuminate/View/Engines/PhpEngine.php(43): include('/home/bora/Proj...')
#16 /home/bora/Projeler/enerjiyonetim/vendor/laravel/framework/src/Illuminate/View/Engines/CompilerEngine.php(59): Illuminate\\View\\Engines\\PhpEngine->evaluatePath()
#17 /home/bora/Projeler/enerjiyonetim/vendor/facade/ignition/src/Views/Engines/CompilerEngine.php(36): Illuminate\\View\\Engines\\CompilerEngine->get()
#18 /home/bora/Projeler/enerjiyonetim/vendor/laravel/framework/src/Illuminate/View/View.php(143): Facade\\Ignition\\Views\\Engines\\CompilerEngine->get()
#19 /home/bora/Projeler/enerjiyonetim/vendor/laravel/framework/src/Illuminate/View/View.php(126): Illuminate\\View\\View->getContents()
#20 /home/bora/Projeler/enerjiyonetim/vendor/laravel/framework/src/Illuminate/View/View.php(91): Illuminate\\View\\View->renderContents()
#21 /home/bora/Projeler/enerjiyonetim/vendor/laravel/framework/src/Illuminate/Http/Response.php(42): Illuminate\\View\\View->render()
#22 /home/bora/Projeler/enerjiyonetim/vendor/symfony/http-foundation/Response.php(205): Illuminate\\Http\\Response->setContent()
#23 /home/bora/Projeler/enerjiyonetim/vendor/laravel/framework/src/Illuminate/Routing/Router.php(749): Symfony\\Component\\HttpFoundation\\Response->__construct()
#24 /home/bora/Projeler/enerjiyonetim/vendor/laravel/framework/src/Illuminate/Routing/Router.php(721): Illuminate\\Routing\\Router::toResponse()
#25 /home/bora/Projeler/enerjiyonetim/vendor/laravel/framework/src/Illuminate/Routing/Router.php(681): Illuminate\\Routing\\Router->prepareResponse()
#26 /home/bora/Projeler/enerjiyonetim/vendor/laravel/framework/src/Illuminate/Pipeline/Pipeline.php(130): Illuminate\\Routing\\Router->Illuminate\\Routing\\{closure}()
#27 /home/bora/Projeler/enerjiyonetim/vendor/tcg/voyager/src/Http/Middleware/VoyagerAdminMiddleware.php(26): Illuminate\\Pipeline\\Pipeline->Illuminate\\Pipeline\\{closure}()
#28 /home/bora/Projeler/enerjiyonetim/vendor/laravel/framework/src/Illuminate/Pipeline/Pipeline.php(171): TCG\\Voyager\\Http\\Middleware\\VoyagerAdminMiddleware->handle()
#29 /home/bora/Projeler/enerjiyonetim/app/Http/Middleware/SetCompany.php(46): Illuminate\\Pipeline\\Pipeline->Illuminate\\Pipeline\\{closure}()
#30 /home/bora/Projeler/enerjiyonetim/vendor/laravel/framework/src/Illuminate/Pipeline/Pipeline.php(171): App\\Http\\Middleware\\SetCompany->handle()
#31 /home/bora/Projeler/enerjiyonetim/vendor/laravel/framework/src/Illuminate/Routing/Middleware/SubstituteBindings.php(41): Illuminate\\Pipeline\\Pipeline->Illuminate\\Pipeline\\{closure}()
#32 /home/bora/Projeler/enerjiyonetim/vendor/laravel/framework/src/Illuminate/Pipeline/Pipeline.php(171): Illuminate\\Routing\\Middleware\\SubstituteBindings->handle()
#33 /home/bora/Projeler/enerjiyonetim/vendor/laravel/framework/src/Illuminate/Foundation/Http/Middleware/VerifyCsrfToken.php(78): Illuminate\\Pipeline\\Pipeline->Illuminate\\Pipeline\\{closure}()
#34 /home/bora/Projeler/enerjiyonetim/vendor/laravel/framework/src/Illuminate/Pipeline/Pipeline.php(171): Illuminate\\Foundation\\Http\\Middleware\\VerifyCsrfToken->handle()
#35 /home/bora/Projeler/enerjiyonetim/vendor/laravel/framework/src/Illuminate/View/Middleware/ShareErrorsFromSession.php(49): Illuminate\\Pipeline\\Pipeline->Illuminate\\Pipeline\\{closure}()
#36 /home/bora/Projeler/enerjiyonetim/vendor/laravel/framework/src/Illuminate/Pipeline/Pipeline.php(171): Illuminate\\View\\Middleware\\ShareErrorsFromSession->handle()
#37 /home/bora/Projeler/enerjiyonetim/vendor/laravel/framework/src/Illuminate/Session/Middleware/StartSession.php(56): Illuminate\\Pipeline\\Pipeline->Illuminate\\Pipeline\\{closure}()
#38 /home/bora/Projeler/enerjiyonetim/vendor/laravel/framework/src/Illuminate/Pipeline/Pipeline.php(171): Illuminate\\Session\\Middleware\\StartSession->handle()
#39 /home/bora/Projeler/enerjiyonetim/vendor/laravel/framework/src/Illuminate/Cookie/Middleware/AddQueuedCookiesToResponse.php(37): Illuminate\\Pipeline\\Pipeline->Illuminate\\Pipeline\\{closure}()
#40 /home/bora/Projeler/enerjiyonetim/vendor/laravel/framework/src/Illuminate/Pipeline/Pipeline.php(171): Illuminate\\Cookie\\Middleware\\AddQueuedCookiesToResponse->handle()
#41 /home/bora/Projeler/enerjiyonetim/vendor/laravel/framework/src/Illuminate/Cookie/Middleware/EncryptCookies.php(67): Illuminate\\Pipeline\\Pipeline->Illuminate\\Pipeline\\{closure}()
#42 /home/bora/Projeler/enerjiyonetim/vendor/laravel/framework/src/Illuminate/Pipeline/Pipeline.php(171): Illuminate\\Cookie\\Middleware\\EncryptCookies->handle()
#43 /home/bora/Projeler/enerjiyonetim/vendor/laravel/framework/src/Illuminate/Pipeline/Pipeline.php(105): Illuminate\\Pipeline\\Pipeline->Illuminate\\Pipeline\\{closure}()
#44 /home/bora/Projeler/enerjiyonetim/vendor/laravel/framework/src/Illuminate/Routing/Router.php(683): Illuminate\\Pipeline\\Pipeline->then()
#45 /home/bora/Projeler/enerjiyonetim/vendor/laravel/framework/src/Illuminate/Routing/Router.php(658): Illuminate\\Routing\\Router->runRouteWithinStack()
#46 /home/bora/Projeler/enerjiyonetim/vendor/laravel/framework/src/Illuminate/Routing/Router.php(624): Illuminate\\Routing\\Router->runRoute()
#47 /home/bora/Projeler/enerjiyonetim/vendor/laravel/framework/src/Illuminate/Routing/Router.php(613): Illuminate\\Routing\\Router->dispatchToRoute()
#48 /home/bora/Projeler/enerjiyonetim/vendor/laravel/framework/src/Illuminate/Foundation/Http/Kernel.php(170): Illuminate\\Routing\\Router->dispatch()
#49 /home/bora/Projeler/enerjiyonetim/vendor/laravel/framework/src/Illuminate/Pipeline/Pipeline.php(130): Illuminate\\Foundation\\Http\\Kernel->Illuminate\\Foundation\\Http\\{closure}()
#50 /home/bora/Projeler/enerjiyonetim/vendor/laravel/framework/src/Illuminate/Foundation/Http/Middleware/TransformsRequest.php(21): Illuminate\\Pipeline\\Pipeline->Illuminate\\Pipeline\\{closure}()
#51 /home/bora/Projeler/enerjiyonetim/vendor/laravel/framework/src/Illuminate/Pipeline/Pipeline.php(171): Illuminate\\Foundation\\Http\\Middleware\\TransformsRequest->handle()
#52 /home/bora/Projeler/enerjiyonetim/vendor/laravel/framework/src/Illuminate/Foundation/Http/Middleware/TransformsRequest.php(21): Illuminate\\Pipeline\\Pipeline->Illuminate\\Pipeline\\{closure}()
#53 /home/bora/Projeler/enerjiyonetim/vendor/laravel/framework/src/Illuminate/Pipeline/Pipeline.php(171): Illuminate\\Foundation\\Http\\Middleware\\TransformsRequest->handle()
#54 /home/bora/Projeler/enerjiyonetim/vendor/laravel/framework/src/Illuminate/Foundation/Http/Middleware/ValidatePostSize.php(27): Illuminate\\Pipeline\\Pipeline->Illuminate\\Pipeline\\{closure}()
#55 /home/bora/Projeler/enerjiyonetim/vendor/laravel/framework/src/Illuminate/Pipeline/Pipeline.php(171): Illuminate\\Foundation\\Http\\Middleware\\ValidatePostSize->handle()
#56 /home/bora/Projeler/enerjiyonetim/vendor/laravel/framework/src/Illuminate/Foundation/Http/Middleware/CheckForMaintenanceMode.php(63): Illuminate\\Pipeline\\Pipeline->Illuminate\\Pipeline\\{closure}()
#57 /home/bora/Projeler/enerjiyonetim/vendor/laravel/framework/src/Illuminate/Pipeline/Pipeline.php(171): Illuminate\\Foundation\\Http\\Middleware\\CheckForMaintenanceMode->handle()
#58 /home/bora/Projeler/enerjiyonetim/vendor/fideloper/proxy/src/TrustProxies.php(57): Illuminate\\Pipeline\\Pipeline->Illuminate\\Pipeline\\{closure}()
#59 /home/bora/Projeler/enerjiyonetim/vendor/laravel/framework/src/Illuminate/Pipeline/Pipeline.php(171): Fideloper\\Proxy\\TrustProxies->handle()
#60 /home/bora/Projeler/enerjiyonetim/vendor/laravel/framework/src/Illuminate/Pipeline/Pipeline.php(105): Illuminate\\Pipeline\\Pipeline->Illuminate\\Pipeline\\{closure}()
#61 /home/bora/Projeler/enerjiyonetim/vendor/laravel/framework/src/Illuminate/Foundation/Http/Kernel.php(145): Illuminate\\Pipeline\\Pipeline->then()
#62 /home/bora/Projeler/enerjiyonetim/vendor/laravel/framework/src/Illuminate/Foundation/Http/Kernel.php(110): Illuminate\\Foundation\\Http\\Kernel->sendRequestThroughRouter()
#63 /home/bora/Projeler/enerjiyonetim/public/index.php(55): Illuminate\\Foundation\\Http\\Kernel->handle()
#64 /home/bora/Projeler/enerjiyonetim/server.php(21): require_once('/home/bora/Proj...')
#65 {main}
"} 
[2021-09-05 22:55:54] local.ERROR: Class 'VoyagerBaseController' not found {"exception":"[object] (Symfony\\Component\\Debug\\Exception\\FatalThrowableError(code: 0): Class 'VoyagerBaseController' not found at /home/bora/Projeler/enerjiyonetim/app/Http/Controllers/Controller.php:6)
[stacktrace]
#0 /home/bora/Projeler/enerjiyonetim/vendor/composer/ClassLoader.php(480): include()
#1 /home/bora/Projeler/enerjiyonetim/vendor/composer/ClassLoader.php(346): Composer\\Autoload\\includeFile()
#2 [internal function]: Composer\\Autoload\\ClassLoader->loadClass()
#3 /home/bora/Projeler/enerjiyonetim/app/Http/Controllers/Ajax.php(16): spl_autoload_call()
#4 /home/bora/Projeler/enerjiyonetim/vendor/composer/ClassLoader.php(480): include('/home/bora/Proj...')
#5 /home/bora/Projeler/enerjiyonetim/vendor/composer/ClassLoader.php(346): Composer\\Autoload\\includeFile()
#6 [internal function]: Composer\\Autoload\\ClassLoader->loadClass()
#7 [internal function]: spl_autoload_call()
#8 /home/bora/Projeler/enerjiyonetim/vendor/laravel/framework/src/Illuminate/Container/Container.php(803): ReflectionClass->__construct()
#9 /home/bora/Projeler/enerjiyonetim/vendor/laravel/framework/src/Illuminate/Container/Container.php(681): Illuminate\\Container\\Container->build()
#10 /home/bora/Projeler/enerjiyonetim/vendor/laravel/framework/src/Illuminate/Foundation/Application.php(785): Illuminate\\Container\\Container->resolve()
#11 /home/bora/Projeler/enerjiyonetim/vendor/laravel/framework/src/Illuminate/Container/Container.php(629): Illuminate\\Foundation\\Application->resolve()
#12 /home/bora/Projeler/enerjiyonetim/vendor/laravel/framework/src/Illuminate/Foundation/Application.php(770): Illuminate\\Container\\Container->make()
#13 /home/bora/Projeler/enerjiyonetim/vendor/laravel/framework/src/Illuminate/Routing/Route.php(233): Illuminate\\Foundation\\Application->make()
#14 /home/bora/Projeler/enerjiyonetim/vendor/laravel/framework/src/Illuminate/Routing/Route.php(833): Illuminate\\Routing\\Route->getController()
#15 /home/bora/Projeler/enerjiyonetim/vendor/laravel/framework/src/Illuminate/Routing/Route.php(794): Illuminate\\Routing\\Route->controllerMiddleware()
#16 /home/bora/Projeler/enerjiyonetim/vendor/laravel/framework/src/Illuminate/Routing/Router.php(694): Illuminate\\Routing\\Route->gatherMiddleware()
#17 /home/bora/Projeler/enerjiyonetim/vendor/laravel/framework/src/Illuminate/Routing/Router.php(674): Illuminate\\Routing\\Router->gatherRouteMiddleware()
#18 /home/bora/Projeler/enerjiyonetim/vendor/laravel/framework/src/Illuminate/Routing/Router.php(658): Illuminate\\Routing\\Router->runRouteWithinStack()
#19 /home/bora/Projeler/enerjiyonetim/vendor/laravel/framework/src/Illuminate/Routing/Router.php(624): Illuminate\\Routing\\Router->runRoute()
#20 /home/bora/Projeler/enerjiyonetim/vendor/laravel/framework/src/Illuminate/Routing/Router.php(613): Illuminate\\Routing\\Router->dispatchToRoute()
#21 /home/bora/Projeler/enerjiyonetim/vendor/laravel/framework/src/Illuminate/Foundation/Http/Kernel.php(170): Illuminate\\Routing\\Router->dispatch()
#22 /home/bora/Projeler/enerjiyonetim/vendor/laravel/framework/src/Illuminate/Pipeline/Pipeline.php(130): Illuminate\\Foundation\\Http\\Kernel->Illuminate\\Foundation\\Http\\{closure}()
#23 /home/bora/Projeler/enerjiyonetim/vendor/laravel/framework/src/Illuminate/Foundation/Http/Middleware/TransformsRequest.php(21): Illuminate\\Pipeline\\Pipeline->Illuminate\\Pipeline\\{closure}()
#24 /home/bora/Projeler/enerjiyonetim/vendor/laravel/framework/src/Illuminate/Pipeline/Pipeline.php(171): Illuminate\\Foundation\\Http\\Middleware\\TransformsRequest->handle()
#25 /home/bora/Projeler/enerjiyonetim/vendor/laravel/framework/src/Illuminate/Foundation/Http/Middleware/TransformsRequest.php(21): Illuminate\\Pipeline\\Pipeline->Illuminate\\Pipeline\\{closure}()
#26 /home/bora/Projeler/enerjiyonetim/vendor/laravel/framework/src/Illuminate/Pipeline/Pipeline.php(171): Illuminate\\Foundation\\Http\\Middleware\\TransformsRequest->handle()
#27 /home/bora/Projeler/enerjiyonetim/vendor/laravel/framework/src/Illuminate/Foundation/Http/Middleware/ValidatePostSize.php(27): Illuminate\\Pipeline\\Pipeline->Illuminate\\Pipeline\\{closure}()
#28 /home/bora/Projeler/enerjiyonetim/vendor/laravel/framework/src/Illuminate/Pipeline/Pipeline.php(171): Illuminate\\Foundation\\Http\\Middleware\\ValidatePostSize->handle()
#29 /home/bora/Projeler/enerjiyonetim/vendor/laravel/framework/src/Illuminate/Foundation/Http/Middleware/CheckForMaintenanceMode.php(63): Illuminate\\Pipeline\\Pipeline->Illuminate\\Pipeline\\{closure}()
#30 /home/bora/Projeler/enerjiyonetim/vendor/laravel/framework/src/Illuminate/Pipeline/Pipeline.php(171): Illuminate\\Foundation\\Http\\Middleware\\CheckForMaintenanceMode->handle()
#31 /home/bora/Projeler/enerjiyonetim/vendor/fideloper/proxy/src/TrustProxies.php(57): Illuminate\\Pipeline\\Pipeline->Illuminate\\Pipeline\\{closure}()
#32 /home/bora/Projeler/enerjiyonetim/vendor/laravel/framework/src/Illuminate/Pipeline/Pipeline.php(171): Fideloper\\Proxy\\TrustProxies->handle()
#33 /home/bora/Projeler/enerjiyonetim/vendor/laravel/framework/src/Illuminate/Pipeline/Pipeline.php(105): Illuminate\\Pipeline\\Pipeline->Illuminate\\Pipeline\\{closure}()
#34 /home/bora/Projeler/enerjiyonetim/vendor/laravel/framework/src/Illuminate/Foundation/Http/Kernel.php(145): Illuminate\\Pipeline\\Pipeline->then()
#35 /home/bora/Projeler/enerjiyonetim/vendor/laravel/framework/src/Illuminate/Foundation/Http/Kernel.php(110): Illuminate\\Foundation\\Http\\Kernel->sendRequestThroughRouter()
#36 /home/bora/Projeler/enerjiyonetim/public/index.php(55): Illuminate\\Foundation\\Http\\Kernel->handle()
#37 /home/bora/Projeler/enerjiyonetim/server.php(21): require_once('/home/bora/Proj...')
#38 {main}
"} 
[2021-09-05 22:56:05] local.ERROR: Class 'VoyagerBaseController' not found {"exception":"[object] (Symfony\\Component\\Debug\\Exception\\FatalThrowableError(code: 0): Class 'VoyagerBaseController' not found at /home/bora/Projeler/enerjiyonetim/app/Http/Controllers/Controller.php:6)
[stacktrace]
#0 /home/bora/Projeler/enerjiyonetim/vendor/composer/ClassLoader.php(480): include()
#1 /home/bora/Projeler/enerjiyonetim/vendor/composer/ClassLoader.php(346): Composer\\Autoload\\includeFile()
#2 [internal function]: Composer\\Autoload\\ClassLoader->loadClass()
#3 /home/bora/Projeler/enerjiyonetim/app/Http/Controllers/Ajax.php(16): spl_autoload_call()
#4 /home/bora/Projeler/enerjiyonetim/vendor/composer/ClassLoader.php(480): include('/home/bora/Proj...')
#5 /home/bora/Projeler/enerjiyonetim/vendor/composer/ClassLoader.php(346): Composer\\Autoload\\includeFile()
#6 [internal function]: Composer\\Autoload\\ClassLoader->loadClass()
#7 [internal function]: spl_autoload_call()
#8 /home/bora/Projeler/enerjiyonetim/vendor/laravel/framework/src/Illuminate/Container/Container.php(803): ReflectionClass->__construct()
#9 /home/bora/Projeler/enerjiyonetim/vendor/laravel/framework/src/Illuminate/Container/Container.php(681): Illuminate\\Container\\Container->build()
#10 /home/bora/Projeler/enerjiyonetim/vendor/laravel/framework/src/Illuminate/Foundation/Application.php(785): Illuminate\\Container\\Container->resolve()
#11 /home/bora/Projeler/enerjiyonetim/vendor/laravel/framework/src/Illuminate/Container/Container.php(629): Illuminate\\Foundation\\Application->resolve()
#12 /home/bora/Projeler/enerjiyonetim/vendor/laravel/framework/src/Illuminate/Foundation/Application.php(770): Illuminate\\Container\\Container->make()
#13 /home/bora/Projeler/enerjiyonetim/vendor/laravel/framework/src/Illuminate/Routing/Route.php(233): Illuminate\\Foundation\\Application->make()
#14 /home/bora/Projeler/enerjiyonetim/vendor/laravel/framework/src/Illuminate/Routing/Route.php(833): Illuminate\\Routing\\Route->getController()
#15 /home/bora/Projeler/enerjiyonetim/vendor/laravel/framework/src/Illuminate/Routing/Route.php(794): Illuminate\\Routing\\Route->controllerMiddleware()
#16 /home/bora/Projeler/enerjiyonetim/vendor/laravel/framework/src/Illuminate/Routing/Router.php(694): Illuminate\\Routing\\Route->gatherMiddleware()
#17 /home/bora/Projeler/enerjiyonetim/vendor/laravel/framework/src/Illuminate/Routing/Router.php(674): Illuminate\\Routing\\Router->gatherRouteMiddleware()
#18 /home/bora/Projeler/enerjiyonetim/vendor/laravel/framework/src/Illuminate/Routing/Router.php(658): Illuminate\\Routing\\Router->runRouteWithinStack()
#19 /home/bora/Projeler/enerjiyonetim/vendor/laravel/framework/src/Illuminate/Routing/Router.php(624): Illuminate\\Routing\\Router->runRoute()
#20 /home/bora/Projeler/enerjiyonetim/vendor/laravel/framework/src/Illuminate/Routing/Router.php(613): Illuminate\\Routing\\Router->dispatchToRoute()
#21 /home/bora/Projeler/enerjiyonetim/vendor/laravel/framework/src/Illuminate/Foundation/Http/Kernel.php(170): Illuminate\\Routing\\Router->dispatch()
#22 /home/bora/Projeler/enerjiyonetim/vendor/laravel/framework/src/Illuminate/Pipeline/Pipeline.php(130): Illuminate\\Foundation\\Http\\Kernel->Illuminate\\Foundation\\Http\\{closure}()
#23 /home/bora/Projeler/enerjiyonetim/vendor/laravel/framework/src/Illuminate/Foundation/Http/Middleware/TransformsRequest.php(21): Illuminate\\Pipeline\\Pipeline->Illuminate\\Pipeline\\{closure}()
#24 /home/bora/Projeler/enerjiyonetim/vendor/laravel/framework/src/Illuminate/Pipeline/Pipeline.php(171): Illuminate\\Foundation\\Http\\Middleware\\TransformsRequest->handle()
#25 /home/bora/Projeler/enerjiyonetim/vendor/laravel/framework/src/Illuminate/Foundation/Http/Middleware/TransformsRequest.php(21): Illuminate\\Pipeline\\Pipeline->Illuminate\\Pipeline\\{closure}()
#26 /home/bora/Projeler/enerjiyonetim/vendor/laravel/framework/src/Illuminate/Pipeline/Pipeline.php(171): Illuminate\\Foundation\\Http\\Middleware\\TransformsRequest->handle()
#27 /home/bora/Projeler/enerjiyonetim/vendor/laravel/framework/src/Illuminate/Foundation/Http/Middleware/ValidatePostSize.php(27): Illuminate\\Pipeline\\Pipeline->Illuminate\\Pipeline\\{closure}()
#28 /home/bora/Projeler/enerjiyonetim/vendor/laravel/framework/src/Illuminate/Pipeline/Pipeline.php(171): Illuminate\\Foundation\\Http\\Middleware\\ValidatePostSize->handle()
#29 /home/bora/Projeler/enerjiyonetim/vendor/laravel/framework/src/Illuminate/Foundation/Http/Middleware/CheckForMaintenanceMode.php(63): Illuminate\\Pipeline\\Pipeline->Illuminate\\Pipeline\\{closure}()
#30 /home/bora/Projeler/enerjiyonetim/vendor/laravel/framework/src/Illuminate/Pipeline/Pipeline.php(171): Illuminate\\Foundation\\Http\\Middleware\\CheckForMaintenanceMode->handle()
#31 /home/bora/Projeler/enerjiyonetim/vendor/fideloper/proxy/src/TrustProxies.php(57): Illuminate\\Pipeline\\Pipeline->Illuminate\\Pipeline\\{closure}()
#32 /home/bora/Projeler/enerjiyonetim/vendor/laravel/framework/src/Illuminate/Pipeline/Pipeline.php(171): Fideloper\\Proxy\\TrustProxies->handle()
#33 /home/bora/Projeler/enerjiyonetim/vendor/laravel/framework/src/Illuminate/Pipeline/Pipeline.php(105): Illuminate\\Pipeline\\Pipeline->Illuminate\\Pipeline\\{closure}()
#34 /home/bora/Projeler/enerjiyonetim/vendor/laravel/framework/src/Illuminate/Foundation/Http/Kernel.php(145): Illuminate\\Pipeline\\Pipeline->then()
#35 /home/bora/Projeler/enerjiyonetim/vendor/laravel/framework/src/Illuminate/Foundation/Http/Kernel.php(110): Illuminate\\Foundation\\Http\\Kernel->sendRequestThroughRouter()
#36 /home/bora/Projeler/enerjiyonetim/public/index.php(55): Illuminate\\Foundation\\Http\\Kernel->handle()
#37 /home/bora/Projeler/enerjiyonetim/server.php(21): require_once('/home/bora/Proj...')
#38 {main}
"} 
[2021-09-05 22:56:12] local.ERROR: Class 'VoyagerBaseController' not found {"exception":"[object] (Symfony\\Component\\Debug\\Exception\\FatalThrowableError(code: 0): Class 'VoyagerBaseController' not found at /home/bora/Projeler/enerjiyonetim/app/Http/Controllers/Controller.php:6)
[stacktrace]
#0 /home/bora/Projeler/enerjiyonetim/vendor/composer/ClassLoader.php(480): include()
#1 /home/bora/Projeler/enerjiyonetim/vendor/composer/ClassLoader.php(346): Composer\\Autoload\\includeFile()
#2 [internal function]: Composer\\Autoload\\ClassLoader->loadClass()
#3 /home/bora/Projeler/enerjiyonetim/app/Http/Controllers/Ajax.php(16): spl_autoload_call()
#4 /home/bora/Projeler/enerjiyonetim/vendor/composer/ClassLoader.php(480): include('/home/bora/Proj...')
#5 /home/bora/Projeler/enerjiyonetim/vendor/composer/ClassLoader.php(346): Composer\\Autoload\\includeFile()
#6 [internal function]: Composer\\Autoload\\ClassLoader->loadClass()
#7 [internal function]: spl_autoload_call()
#8 /home/bora/Projeler/enerjiyonetim/vendor/laravel/framework/src/Illuminate/Container/Container.php(803): ReflectionClass->__construct()
#9 /home/bora/Projeler/enerjiyonetim/vendor/laravel/framework/src/Illuminate/Container/Container.php(681): Illuminate\\Container\\Container->build()
#10 /home/bora/Projeler/enerjiyonetim/vendor/laravel/framework/src/Illuminate/Foundation/Application.php(785): Illuminate\\Container\\Container->resolve()
#11 /home/bora/Projeler/enerjiyonetim/vendor/laravel/framework/src/Illuminate/Container/Container.php(629): Illuminate\\Foundation\\Application->resolve()
#12 /home/bora/Projeler/enerjiyonetim/vendor/laravel/framework/src/Illuminate/Foundation/Application.php(770): Illuminate\\Container\\Container->make()
#13 /home/bora/Projeler/enerjiyonetim/vendor/laravel/framework/src/Illuminate/Routing/Route.php(233): Illuminate\\Foundation\\Application->make()
#14 /home/bora/Projeler/enerjiyonetim/vendor/laravel/framework/src/Illuminate/Routing/Route.php(833): Illuminate\\Routing\\Route->getController()
#15 /home/bora/Projeler/enerjiyonetim/vendor/laravel/framework/src/Illuminate/Routing/Route.php(794): Illuminate\\Routing\\Route->controllerMiddleware()
#16 /home/bora/Projeler/enerjiyonetim/vendor/laravel/framework/src/Illuminate/Routing/Router.php(694): Illuminate\\Routing\\Route->gatherMiddleware()
#17 /home/bora/Projeler/enerjiyonetim/vendor/laravel/framework/src/Illuminate/Routing/Router.php(674): Illuminate\\Routing\\Router->gatherRouteMiddleware()
#18 /home/bora/Projeler/enerjiyonetim/vendor/laravel/framework/src/Illuminate/Routing/Router.php(658): Illuminate\\Routing\\Router->runRouteWithinStack()
#19 /home/bora/Projeler/enerjiyonetim/vendor/laravel/framework/src/Illuminate/Routing/Router.php(624): Illuminate\\Routing\\Router->runRoute()
#20 /home/bora/Projeler/enerjiyonetim/vendor/laravel/framework/src/Illuminate/Routing/Router.php(613): Illuminate\\Routing\\Router->dispatchToRoute()
#21 /home/bora/Projeler/enerjiyonetim/vendor/laravel/framework/src/Illuminate/Foundation/Http/Kernel.php(170): Illuminate\\Routing\\Router->dispatch()
#22 /home/bora/Projeler/enerjiyonetim/vendor/laravel/framework/src/Illuminate/Pipeline/Pipeline.php(130): Illuminate\\Foundation\\Http\\Kernel->Illuminate\\Foundation\\Http\\{closure}()
#23 /home/bora/Projeler/enerjiyonetim/vendor/laravel/framework/src/Illuminate/Foundation/Http/Middleware/TransformsRequest.php(21): Illuminate\\Pipeline\\Pipeline->Illuminate\\Pipeline\\{closure}()
#24 /home/bora/Projeler/enerjiyonetim/vendor/laravel/framework/src/Illuminate/Pipeline/Pipeline.php(171): Illuminate\\Foundation\\Http\\Middleware\\TransformsRequest->handle()
#25 /home/bora/Projeler/enerjiyonetim/vendor/laravel/framework/src/Illuminate/Foundation/Http/Middleware/TransformsRequest.php(21): Illuminate\\Pipeline\\Pipeline->Illuminate\\Pipeline\\{closure}()
#26 /home/bora/Projeler/enerjiyonetim/vendor/laravel/framework/src/Illuminate/Pipeline/Pipeline.php(171): Illuminate\\Foundation\\Http\\Middleware\\TransformsRequest->handle()
#27 /home/bora/Projeler/enerjiyonetim/vendor/laravel/framework/src/Illuminate/Foundation/Http/Middleware/ValidatePostSize.php(27): Illuminate\\Pipeline\\Pipeline->Illuminate\\Pipeline\\{closure}()
#28 /home/bora/Projeler/enerjiyonetim/vendor/laravel/framework/src/Illuminate/Pipeline/Pipeline.php(171): Illuminate\\Foundation\\Http\\Middleware\\ValidatePostSize->handle()
#29 /home/bora/Projeler/enerjiyonetim/vendor/laravel/framework/src/Illuminate/Foundation/Http/Middleware/CheckForMaintenanceMode.php(63): Illuminate\\Pipeline\\Pipeline->Illuminate\\Pipeline\\{closure}()
#30 /home/bora/Projeler/enerjiyonetim/vendor/laravel/framework/src/Illuminate/Pipeline/Pipeline.php(171): Illuminate\\Foundation\\Http\\Middleware\\CheckForMaintenanceMode->handle()
#31 /home/bora/Projeler/enerjiyonetim/vendor/fideloper/proxy/src/TrustProxies.php(57): Illuminate\\Pipeline\\Pipeline->Illuminate\\Pipeline\\{closure}()
#32 /home/bora/Projeler/enerjiyonetim/vendor/laravel/framework/src/Illuminate/Pipeline/Pipeline.php(171): Fideloper\\Proxy\\TrustProxies->handle()
#33 /home/bora/Projeler/enerjiyonetim/vendor/laravel/framework/src/Illuminate/Pipeline/Pipeline.php(105): Illuminate\\Pipeline\\Pipeline->Illuminate\\Pipeline\\{closure}()
#34 /home/bora/Projeler/enerjiyonetim/vendor/laravel/framework/src/Illuminate/Foundation/Http/Kernel.php(145): Illuminate\\Pipeline\\Pipeline->then()
#35 /home/bora/Projeler/enerjiyonetim/vendor/laravel/framework/src/Illuminate/Foundation/Http/Kernel.php(110): Illuminate\\Foundation\\Http\\Kernel->sendRequestThroughRouter()
#36 /home/bora/Projeler/enerjiyonetim/public/index.php(55): Illuminate\\Foundation\\Http\\Kernel->handle()
#37 /home/bora/Projeler/enerjiyonetim/server.php(21): require_once('/home/bora/Proj...')
#38 {main}
"} 
[2021-09-05 22:56:16] local.ERROR: Class 'VoyagerBaseController' not found {"exception":"[object] (Symfony\\Component\\Debug\\Exception\\FatalThrowableError(code: 0): Class 'VoyagerBaseController' not found at /home/bora/Projeler/enerjiyonetim/app/Http/Controllers/Devices.php:23)
[stacktrace]
#0 /home/bora/Projeler/enerjiyonetim/vendor/composer/ClassLoader.php(480): include()
#1 /home/bora/Projeler/enerjiyonetim/vendor/composer/ClassLoader.php(346): Composer\\Autoload\\includeFile()
#2 [internal function]: Composer\\Autoload\\ClassLoader->loadClass()
#3 [internal function]: spl_autoload_call()
#4 /home/bora/Projeler/enerjiyonetim/vendor/laravel/framework/src/Illuminate/Container/Container.php(803): ReflectionClass->__construct()
#5 /home/bora/Projeler/enerjiyonetim/vendor/laravel/framework/src/Illuminate/Container/Container.php(681): Illuminate\\Container\\Container->build()
#6 /home/bora/Projeler/enerjiyonetim/vendor/laravel/framework/src/Illuminate/Foundation/Application.php(785): Illuminate\\Container\\Container->resolve()
#7 /home/bora/Projeler/enerjiyonetim/vendor/laravel/framework/src/Illuminate/Container/Container.php(629): Illuminate\\Foundation\\Application->resolve()
#8 /home/bora/Projeler/enerjiyonetim/vendor/laravel/framework/src/Illuminate/Foundation/Application.php(770): Illuminate\\Container\\Container->make()
#9 /home/bora/Projeler/enerjiyonetim/vendor/laravel/framework/src/Illuminate/Routing/Route.php(233): Illuminate\\Foundation\\Application->make()
#10 /home/bora/Projeler/enerjiyonetim/vendor/laravel/framework/src/Illuminate/Routing/Route.php(833): Illuminate\\Routing\\Route->getController()
#11 /home/bora/Projeler/enerjiyonetim/vendor/laravel/framework/src/Illuminate/Routing/Route.php(794): Illuminate\\Routing\\Route->controllerMiddleware()
#12 /home/bora/Projeler/enerjiyonetim/vendor/laravel/framework/src/Illuminate/Routing/Router.php(694): Illuminate\\Routing\\Route->gatherMiddleware()
#13 /home/bora/Projeler/enerjiyonetim/vendor/laravel/framework/src/Illuminate/Routing/Router.php(674): Illuminate\\Routing\\Router->gatherRouteMiddleware()
#14 /home/bora/Projeler/enerjiyonetim/vendor/laravel/framework/src/Illuminate/Routing/Router.php(658): Illuminate\\Routing\\Router->runRouteWithinStack()
#15 /home/bora/Projeler/enerjiyonetim/vendor/laravel/framework/src/Illuminate/Routing/Router.php(624): Illuminate\\Routing\\Router->runRoute()
#16 /home/bora/Projeler/enerjiyonetim/vendor/laravel/framework/src/Illuminate/Routing/Router.php(613): Illuminate\\Routing\\Router->dispatchToRoute()
#17 /home/bora/Projeler/enerjiyonetim/vendor/laravel/framework/src/Illuminate/Foundation/Http/Kernel.php(170): Illuminate\\Routing\\Router->dispatch()
#18 /home/bora/Projeler/enerjiyonetim/vendor/laravel/framework/src/Illuminate/Pipeline/Pipeline.php(130): Illuminate\\Foundation\\Http\\Kernel->Illuminate\\Foundation\\Http\\{closure}()
#19 /home/bora/Projeler/enerjiyonetim/vendor/laravel/framework/src/Illuminate/Foundation/Http/Middleware/TransformsRequest.php(21): Illuminate\\Pipeline\\Pipeline->Illuminate\\Pipeline\\{closure}()
#20 /home/bora/Projeler/enerjiyonetim/vendor/laravel/framework/src/Illuminate/Pipeline/Pipeline.php(171): Illuminate\\Foundation\\Http\\Middleware\\TransformsRequest->handle()
#21 /home/bora/Projeler/enerjiyonetim/vendor/laravel/framework/src/Illuminate/Foundation/Http/Middleware/TransformsRequest.php(21): Illuminate\\Pipeline\\Pipeline->Illuminate\\Pipeline\\{closure}()
#22 /home/bora/Projeler/enerjiyonetim/vendor/laravel/framework/src/Illuminate/Pipeline/Pipeline.php(171): Illuminate\\Foundation\\Http\\Middleware\\TransformsRequest->handle()
#23 /home/bora/Projeler/enerjiyonetim/vendor/laravel/framework/src/Illuminate/Foundation/Http/Middleware/ValidatePostSize.php(27): Illuminate\\Pipeline\\Pipeline->Illuminate\\Pipeline\\{closure}()
#24 /home/bora/Projeler/enerjiyonetim/vendor/laravel/framework/src/Illuminate/Pipeline/Pipeline.php(171): Illuminate\\Foundation\\Http\\Middleware\\ValidatePostSize->handle()
#25 /home/bora/Projeler/enerjiyonetim/vendor/laravel/framework/src/Illuminate/Foundation/Http/Middleware/CheckForMaintenanceMode.php(63): Illuminate\\Pipeline\\Pipeline->Illuminate\\Pipeline\\{closure}()
#26 /home/bora/Projeler/enerjiyonetim/vendor/laravel/framework/src/Illuminate/Pipeline/Pipeline.php(171): Illuminate\\Foundation\\Http\\Middleware\\CheckForMaintenanceMode->handle()
#27 /home/bora/Projeler/enerjiyonetim/vendor/fideloper/proxy/src/TrustProxies.php(57): Illuminate\\Pipeline\\Pipeline->Illuminate\\Pipeline\\{closure}()
#28 /home/bora/Projeler/enerjiyonetim/vendor/laravel/framework/src/Illuminate/Pipeline/Pipeline.php(171): Fideloper\\Proxy\\TrustProxies->handle()
#29 /home/bora/Projeler/enerjiyonetim/vendor/laravel/framework/src/Illuminate/Pipeline/Pipeline.php(105): Illuminate\\Pipeline\\Pipeline->Illuminate\\Pipeline\\{closure}()
#30 /home/bora/Projeler/enerjiyonetim/vendor/laravel/framework/src/Illuminate/Foundation/Http/Kernel.php(145): Illuminate\\Pipeline\\Pipeline->then()
#31 /home/bora/Projeler/enerjiyonetim/vendor/laravel/framework/src/Illuminate/Foundation/Http/Kernel.php(110): Illuminate\\Foundation\\Http\\Kernel->sendRequestThroughRouter()
#32 /home/bora/Projeler/enerjiyonetim/public/index.php(55): Illuminate\\Foundation\\Http\\Kernel->handle()
#33 /home/bora/Projeler/enerjiyonetim/server.php(21): require_once('/home/bora/Proj...')
#34 {main}
"} 
[2021-09-05 23:00:38] local.ERROR: Declaration of App\Http\Controllers\VoyagerBaseController::deleteBreadImages($data, $rows) should be compatible with TCG\Voyager\Http\Controllers\VoyagerBaseController::deleteBreadImages($data, $rows, $single_image = NULL) {"exception":"[object] (ErrorException(code: 0): Declaration of App\\Http\\Controllers\\VoyagerBaseController::deleteBreadImages($data, $rows) should be compatible with TCG\\Voyager\\Http\\Controllers\\VoyagerBaseController::deleteBreadImages($data, $rows, $single_image = NULL) at /home/bora/Projeler/enerjiyonetim/app/Http/Controllers/VoyagerBaseController.php:745)
[stacktrace]
#0 /home/bora/Projeler/enerjiyonetim/app/Http/Controllers/VoyagerBaseController.php(21): Illuminate\\Foundation\\Bootstrap\\HandleExceptions->handleError()
#1 /home/bora/Projeler/enerjiyonetim/vendor/composer/ClassLoader.php(480): include('/home/bora/Proj...')
#2 /home/bora/Projeler/enerjiyonetim/vendor/composer/ClassLoader.php(346): Composer\\Autoload\\includeFile()
#3 [internal function]: Composer\\Autoload\\ClassLoader->loadClass()
#4 /home/bora/Projeler/enerjiyonetim/app/Http/Controllers/Devices.php(23): spl_autoload_call()
#5 /home/bora/Projeler/enerjiyonetim/vendor/composer/ClassLoader.php(480): include('/home/bora/Proj...')
#6 /home/bora/Projeler/enerjiyonetim/vendor/composer/ClassLoader.php(346): Composer\\Autoload\\includeFile()
#7 [internal function]: Composer\\Autoload\\ClassLoader->loadClass()
#8 [internal function]: spl_autoload_call()
#9 /home/bora/Projeler/enerjiyonetim/vendor/laravel/framework/src/Illuminate/Container/Container.php(803): ReflectionClass->__construct()
#10 /home/bora/Projeler/enerjiyonetim/vendor/laravel/framework/src/Illuminate/Container/Container.php(681): Illuminate\\Container\\Container->build()
#11 /home/bora/Projeler/enerjiyonetim/vendor/laravel/framework/src/Illuminate/Foundation/Application.php(785): Illuminate\\Container\\Container->resolve()
#12 /home/bora/Projeler/enerjiyonetim/vendor/laravel/framework/src/Illuminate/Container/Container.php(629): Illuminate\\Foundation\\Application->resolve()
#13 /home/bora/Projeler/enerjiyonetim/vendor/laravel/framework/src/Illuminate/Foundation/Application.php(770): Illuminate\\Container\\Container->make()
#14 /home/bora/Projeler/enerjiyonetim/vendor/laravel/framework/src/Illuminate/Routing/Route.php(233): Illuminate\\Foundation\\Application->make()
#15 /home/bora/Projeler/enerjiyonetim/vendor/laravel/framework/src/Illuminate/Routing/Route.php(833): Illuminate\\Routing\\Route->getController()
#16 /home/bora/Projeler/enerjiyonetim/vendor/laravel/framework/src/Illuminate/Routing/Route.php(794): Illuminate\\Routing\\Route->controllerMiddleware()
#17 /home/bora/Projeler/enerjiyonetim/vendor/laravel/framework/src/Illuminate/Routing/Router.php(694): Illuminate\\Routing\\Route->gatherMiddleware()
#18 /home/bora/Projeler/enerjiyonetim/vendor/laravel/framework/src/Illuminate/Routing/Router.php(674): Illuminate\\Routing\\Router->gatherRouteMiddleware()
#19 /home/bora/Projeler/enerjiyonetim/vendor/laravel/framework/src/Illuminate/Routing/Router.php(658): Illuminate\\Routing\\Router->runRouteWithinStack()
#20 /home/bora/Projeler/enerjiyonetim/vendor/laravel/framework/src/Illuminate/Routing/Router.php(624): Illuminate\\Routing\\Router->runRoute()
#21 /home/bora/Projeler/enerjiyonetim/vendor/laravel/framework/src/Illuminate/Routing/Router.php(613): Illuminate\\Routing\\Router->dispatchToRoute()
#22 /home/bora/Projeler/enerjiyonetim/vendor/laravel/framework/src/Illuminate/Foundation/Http/Kernel.php(170): Illuminate\\Routing\\Router->dispatch()
#23 /home/bora/Projeler/enerjiyonetim/vendor/laravel/framework/src/Illuminate/Pipeline/Pipeline.php(130): Illuminate\\Foundation\\Http\\Kernel->Illuminate\\Foundation\\Http\\{closure}()
#24 /home/bora/Projeler/enerjiyonetim/vendor/laravel/framework/src/Illuminate/Foundation/Http/Middleware/TransformsRequest.php(21): Illuminate\\Pipeline\\Pipeline->Illuminate\\Pipeline\\{closure}()
#25 /home/bora/Projeler/enerjiyonetim/vendor/laravel/framework/src/Illuminate/Pipeline/Pipeline.php(171): Illuminate\\Foundation\\Http\\Middleware\\TransformsRequest->handle()
#26 /home/bora/Projeler/enerjiyonetim/vendor/laravel/framework/src/Illuminate/Foundation/Http/Middleware/TransformsRequest.php(21): Illuminate\\Pipeline\\Pipeline->Illuminate\\Pipeline\\{closure}()
#27 /home/bora/Projeler/enerjiyonetim/vendor/laravel/framework/src/Illuminate/Pipeline/Pipeline.php(171): Illuminate\\Foundation\\Http\\Middleware\\TransformsRequest->handle()
#28 /home/bora/Projeler/enerjiyonetim/vendor/laravel/framework/src/Illuminate/Foundation/Http/Middleware/ValidatePostSize.php(27): Illuminate\\Pipeline\\Pipeline->Illuminate\\Pipeline\\{closure}()
#29 /home/bora/Projeler/enerjiyonetim/vendor/laravel/framework/src/Illuminate/Pipeline/Pipeline.php(171): Illuminate\\Foundation\\Http\\Middleware\\ValidatePostSize->handle()
#30 /home/bora/Projeler/enerjiyonetim/vendor/laravel/framework/src/Illuminate/Foundation/Http/Middleware/CheckForMaintenanceMode.php(63): Illuminate\\Pipeline\\Pipeline->Illuminate\\Pipeline\\{closure}()
#31 /home/bora/Projeler/enerjiyonetim/vendor/laravel/framework/src/Illuminate/Pipeline/Pipeline.php(171): Illuminate\\Foundation\\Http\\Middleware\\CheckForMaintenanceMode->handle()
#32 /home/bora/Projeler/enerjiyonetim/vendor/fideloper/proxy/src/TrustProxies.php(57): Illuminate\\Pipeline\\Pipeline->Illuminate\\Pipeline\\{closure}()
#33 /home/bora/Projeler/enerjiyonetim/vendor/laravel/framework/src/Illuminate/Pipeline/Pipeline.php(171): Fideloper\\Proxy\\TrustProxies->handle()
#34 /home/bora/Projeler/enerjiyonetim/vendor/laravel/framework/src/Illuminate/Pipeline/Pipeline.php(105): Illuminate\\Pipeline\\Pipeline->Illuminate\\Pipeline\\{closure}()
#35 /home/bora/Projeler/enerjiyonetim/vendor/laravel/framework/src/Illuminate/Foundation/Http/Kernel.php(145): Illuminate\\Pipeline\\Pipeline->then()
#36 /home/bora/Projeler/enerjiyonetim/vendor/laravel/framework/src/Illuminate/Foundation/Http/Kernel.php(110): Illuminate\\Foundation\\Http\\Kernel->sendRequestThroughRouter()
#37 /home/bora/Projeler/enerjiyonetim/public/index.php(55): Illuminate\\Foundation\\Http\\Kernel->handle()
#38 /home/bora/Projeler/enerjiyonetim/server.php(21): require_once('/home/bora/Proj...')
#39 {main}
"} 
[2021-09-05 23:02:56] local.ERROR: Class 'VoyagerBaseController' not found {"exception":"[object] (Symfony\\Component\\Debug\\Exception\\FatalThrowableError(code: 0): Class 'VoyagerBaseController' not found at /home/bora/Projeler/enerjiyonetim/app/Http/Controllers/Controller.php:6)
[stacktrace]
#0 /home/bora/Projeler/enerjiyonetim/vendor/composer/ClassLoader.php(480): include()
#1 /home/bora/Projeler/enerjiyonetim/vendor/composer/ClassLoader.php(346): Composer\\Autoload\\includeFile()
#2 [internal function]: Composer\\Autoload\\ClassLoader->loadClass()
#3 /home/bora/Projeler/enerjiyonetim/app/Http/Controllers/Ajax.php(16): spl_autoload_call()
#4 /home/bora/Projeler/enerjiyonetim/vendor/composer/ClassLoader.php(480): include('/home/bora/Proj...')
#5 /home/bora/Projeler/enerjiyonetim/vendor/composer/ClassLoader.php(346): Composer\\Autoload\\includeFile()
#6 [internal function]: Composer\\Autoload\\ClassLoader->loadClass()
#7 [internal function]: spl_autoload_call()
#8 /home/bora/Projeler/enerjiyonetim/vendor/laravel/framework/src/Illuminate/Container/Container.php(803): ReflectionClass->__construct()
#9 /home/bora/Projeler/enerjiyonetim/vendor/laravel/framework/src/Illuminate/Container/Container.php(681): Illuminate\\Container\\Container->build()
#10 /home/bora/Projeler/enerjiyonetim/vendor/laravel/framework/src/Illuminate/Foundation/Application.php(785): Illuminate\\Container\\Container->resolve()
#11 /home/bora/Projeler/enerjiyonetim/vendor/laravel/framework/src/Illuminate/Container/Container.php(629): Illuminate\\Foundation\\Application->resolve()
#12 /home/bora/Projeler/enerjiyonetim/vendor/laravel/framework/src/Illuminate/Foundation/Application.php(770): Illuminate\\Container\\Container->make()
#13 /home/bora/Projeler/enerjiyonetim/vendor/laravel/framework/src/Illuminate/Routing/Route.php(233): Illuminate\\Foundation\\Application->make()
#14 /home/bora/Projeler/enerjiyonetim/vendor/laravel/framework/src/Illuminate/Routing/Route.php(833): Illuminate\\Routing\\Route->getController()
#15 /home/bora/Projeler/enerjiyonetim/vendor/laravel/framework/src/Illuminate/Routing/Route.php(794): Illuminate\\Routing\\Route->controllerMiddleware()
#16 /home/bora/Projeler/enerjiyonetim/vendor/laravel/framework/src/Illuminate/Routing/Router.php(694): Illuminate\\Routing\\Route->gatherMiddleware()
#17 /home/bora/Projeler/enerjiyonetim/vendor/laravel/framework/src/Illuminate/Routing/Router.php(674): Illuminate\\Routing\\Router->gatherRouteMiddleware()
#18 /home/bora/Projeler/enerjiyonetim/vendor/laravel/framework/src/Illuminate/Routing/Router.php(658): Illuminate\\Routing\\Router->runRouteWithinStack()
#19 /home/bora/Projeler/enerjiyonetim/vendor/laravel/framework/src/Illuminate/Routing/Router.php(624): Illuminate\\Routing\\Router->runRoute()
#20 /home/bora/Projeler/enerjiyonetim/vendor/laravel/framework/src/Illuminate/Routing/Router.php(613): Illuminate\\Routing\\Router->dispatchToRoute()
#21 /home/bora/Projeler/enerjiyonetim/vendor/laravel/framework/src/Illuminate/Foundation/Http/Kernel.php(170): Illuminate\\Routing\\Router->dispatch()
#22 /home/bora/Projeler/enerjiyonetim/vendor/laravel/framework/src/Illuminate/Pipeline/Pipeline.php(130): Illuminate\\Foundation\\Http\\Kernel->Illuminate\\Foundation\\Http\\{closure}()
#23 /home/bora/Projeler/enerjiyonetim/vendor/laravel/framework/src/Illuminate/Foundation/Http/Middleware/TransformsRequest.php(21): Illuminate\\Pipeline\\Pipeline->Illuminate\\Pipeline\\{closure}()
#24 /home/bora/Projeler/enerjiyonetim/vendor/laravel/framework/src/Illuminate/Pipeline/Pipeline.php(171): Illuminate\\Foundation\\Http\\Middleware\\TransformsRequest->handle()
#25 /home/bora/Projeler/enerjiyonetim/vendor/laravel/framework/src/Illuminate/Foundation/Http/Middleware/TransformsRequest.php(21): Illuminate\\Pipeline\\Pipeline->Illuminate\\Pipeline\\{closure}()
#26 /home/bora/Projeler/enerjiyonetim/vendor/laravel/framework/src/Illuminate/Pipeline/Pipeline.php(171): Illuminate\\Foundation\\Http\\Middleware\\TransformsRequest->handle()
#27 /home/bora/Projeler/enerjiyonetim/vendor/laravel/framework/src/Illuminate/Foundation/Http/Middleware/ValidatePostSize.php(27): Illuminate\\Pipeline\\Pipeline->Illuminate\\Pipeline\\{closure}()
#28 /home/bora/Projeler/enerjiyonetim/vendor/laravel/framework/src/Illuminate/Pipeline/Pipeline.php(171): Illuminate\\Foundation\\Http\\Middleware\\ValidatePostSize->handle()
#29 /home/bora/Projeler/enerjiyonetim/vendor/laravel/framework/src/Illuminate/Foundation/Http/Middleware/CheckForMaintenanceMode.php(63): Illuminate\\Pipeline\\Pipeline->Illuminate\\Pipeline\\{closure}()
#30 /home/bora/Projeler/enerjiyonetim/vendor/laravel/framework/src/Illuminate/Pipeline/Pipeline.php(171): Illuminate\\Foundation\\Http\\Middleware\\CheckForMaintenanceMode->handle()
#31 /home/bora/Projeler/enerjiyonetim/vendor/fideloper/proxy/src/TrustProxies.php(57): Illuminate\\Pipeline\\Pipeline->Illuminate\\Pipeline\\{closure}()
#32 /home/bora/Projeler/enerjiyonetim/vendor/laravel/framework/src/Illuminate/Pipeline/Pipeline.php(171): Fideloper\\Proxy\\TrustProxies->handle()
#33 /home/bora/Projeler/enerjiyonetim/vendor/laravel/framework/src/Illuminate/Pipeline/Pipeline.php(105): Illuminate\\Pipeline\\Pipeline->Illuminate\\Pipeline\\{closure}()
#34 /home/bora/Projeler/enerjiyonetim/vendor/laravel/framework/src/Illuminate/Foundation/Http/Kernel.php(145): Illuminate\\Pipeline\\Pipeline->then()
#35 /home/bora/Projeler/enerjiyonetim/vendor/laravel/framework/src/Illuminate/Foundation/Http/Kernel.php(110): Illuminate\\Foundation\\Http\\Kernel->sendRequestThroughRouter()
#36 /home/bora/Projeler/enerjiyonetim/public/index.php(55): Illuminate\\Foundation\\Http\\Kernel->handle()
#37 /home/bora/Projeler/enerjiyonetim/server.php(21): require_once('/home/bora/Proj...')
#38 {main}
"} 
[2021-09-05 23:03:02] local.ERROR: Class 'VoyagerBaseController' not found {"exception":"[object] (Symfony\\Component\\Debug\\Exception\\FatalThrowableError(code: 0): Class 'VoyagerBaseController' not found at /home/bora/Projeler/enerjiyonetim/app/Http/Controllers/Controller.php:6)
[stacktrace]
#0 /home/bora/Projeler/enerjiyonetim/vendor/composer/ClassLoader.php(480): include()
#1 /home/bora/Projeler/enerjiyonetim/vendor/composer/ClassLoader.php(346): Composer\\Autoload\\includeFile()
#2 [internal function]: Composer\\Autoload\\ClassLoader->loadClass()
#3 /home/bora/Projeler/enerjiyonetim/app/Http/Controllers/Ajax.php(16): spl_autoload_call()
#4 /home/bora/Projeler/enerjiyonetim/vendor/composer/ClassLoader.php(480): include('/home/bora/Proj...')
#5 /home/bora/Projeler/enerjiyonetim/vendor/composer/ClassLoader.php(346): Composer\\Autoload\\includeFile()
#6 [internal function]: Composer\\Autoload\\ClassLoader->loadClass()
#7 [internal function]: spl_autoload_call()
#8 /home/bora/Projeler/enerjiyonetim/vendor/laravel/framework/src/Illuminate/Container/Container.php(803): ReflectionClass->__construct()
#9 /home/bora/Projeler/enerjiyonetim/vendor/laravel/framework/src/Illuminate/Container/Container.php(681): Illuminate\\Container\\Container->build()
#10 /home/bora/Projeler/enerjiyonetim/vendor/laravel/framework/src/Illuminate/Foundation/Application.php(785): Illuminate\\Container\\Container->resolve()
#11 /home/bora/Projeler/enerjiyonetim/vendor/laravel/framework/src/Illuminate/Container/Container.php(629): Illuminate\\Foundation\\Application->resolve()
#12 /home/bora/Projeler/enerjiyonetim/vendor/laravel/framework/src/Illuminate/Foundation/Application.php(770): Illuminate\\Container\\Container->make()
#13 /home/bora/Projeler/enerjiyonetim/vendor/laravel/framework/src/Illuminate/Routing/Route.php(233): Illuminate\\Foundation\\Application->make()
#14 /home/bora/Projeler/enerjiyonetim/vendor/laravel/framework/src/Illuminate/Routing/Route.php(833): Illuminate\\Routing\\Route->getController()
#15 /home/bora/Projeler/enerjiyonetim/vendor/laravel/framework/src/Illuminate/Routing/Route.php(794): Illuminate\\Routing\\Route->controllerMiddleware()
#16 /home/bora/Projeler/enerjiyonetim/vendor/laravel/framework/src/Illuminate/Routing/Router.php(694): Illuminate\\Routing\\Route->gatherMiddleware()
#17 /home/bora/Projeler/enerjiyonetim/vendor/laravel/framework/src/Illuminate/Routing/Router.php(674): Illuminate\\Routing\\Router->gatherRouteMiddleware()
#18 /home/bora/Projeler/enerjiyonetim/vendor/laravel/framework/src/Illuminate/Routing/Router.php(658): Illuminate\\Routing\\Router->runRouteWithinStack()
#19 /home/bora/Projeler/enerjiyonetim/vendor/laravel/framework/src/Illuminate/Routing/Router.php(624): Illuminate\\Routing\\Router->runRoute()
#20 /home/bora/Projeler/enerjiyonetim/vendor/laravel/framework/src/Illuminate/Routing/Router.php(613): Illuminate\\Routing\\Router->dispatchToRoute()
#21 /home/bora/Projeler/enerjiyonetim/vendor/laravel/framework/src/Illuminate/Foundation/Http/Kernel.php(170): Illuminate\\Routing\\Router->dispatch()
#22 /home/bora/Projeler/enerjiyonetim/vendor/laravel/framework/src/Illuminate/Pipeline/Pipeline.php(130): Illuminate\\Foundation\\Http\\Kernel->Illuminate\\Foundation\\Http\\{closure}()
#23 /home/bora/Projeler/enerjiyonetim/vendor/laravel/framework/src/Illuminate/Foundation/Http/Middleware/TransformsRequest.php(21): Illuminate\\Pipeline\\Pipeline->Illuminate\\Pipeline\\{closure}()
#24 /home/bora/Projeler/enerjiyonetim/vendor/laravel/framework/src/Illuminate/Pipeline/Pipeline.php(171): Illuminate\\Foundation\\Http\\Middleware\\TransformsRequest->handle()
#25 /home/bora/Projeler/enerjiyonetim/vendor/laravel/framework/src/Illuminate/Foundation/Http/Middleware/TransformsRequest.php(21): Illuminate\\Pipeline\\Pipeline->Illuminate\\Pipeline\\{closure}()
#26 /home/bora/Projeler/enerjiyonetim/vendor/laravel/framework/src/Illuminate/Pipeline/Pipeline.php(171): Illuminate\\Foundation\\Http\\Middleware\\TransformsRequest->handle()
#27 /home/bora/Projeler/enerjiyonetim/vendor/laravel/framework/src/Illuminate/Foundation/Http/Middleware/ValidatePostSize.php(27): Illuminate\\Pipeline\\Pipeline->Illuminate\\Pipeline\\{closure}()
#28 /home/bora/Projeler/enerjiyonetim/vendor/laravel/framework/src/Illuminate/Pipeline/Pipeline.php(171): Illuminate\\Foundation\\Http\\Middleware\\ValidatePostSize->handle()
#29 /home/bora/Projeler/enerjiyonetim/vendor/laravel/framework/src/Illuminate/Foundation/Http/Middleware/CheckForMaintenanceMode.php(63): Illuminate\\Pipeline\\Pipeline->Illuminate\\Pipeline\\{closure}()
#30 /home/bora/Projeler/enerjiyonetim/vendor/laravel/framework/src/Illuminate/Pipeline/Pipeline.php(171): Illuminate\\Foundation\\Http\\Middleware\\CheckForMaintenanceMode->handle()
#31 /home/bora/Projeler/enerjiyonetim/vendor/fideloper/proxy/src/TrustProxies.php(57): Illuminate\\Pipeline\\Pipeline->Illuminate\\Pipeline\\{closure}()
#32 /home/bora/Projeler/enerjiyonetim/vendor/laravel/framework/src/Illuminate/Pipeline/Pipeline.php(171): Fideloper\\Proxy\\TrustProxies->handle()
#33 /home/bora/Projeler/enerjiyonetim/vendor/laravel/framework/src/Illuminate/Pipeline/Pipeline.php(105): Illuminate\\Pipeline\\Pipeline->Illuminate\\Pipeline\\{closure}()
#34 /home/bora/Projeler/enerjiyonetim/vendor/laravel/framework/src/Illuminate/Foundation/Http/Kernel.php(145): Illuminate\\Pipeline\\Pipeline->then()
#35 /home/bora/Projeler/enerjiyonetim/vendor/laravel/framework/src/Illuminate/Foundation/Http/Kernel.php(110): Illuminate\\Foundation\\Http\\Kernel->sendRequestThroughRouter()
#36 /home/bora/Projeler/enerjiyonetim/public/index.php(55): Illuminate\\Foundation\\Http\\Kernel->handle()
#37 /home/bora/Projeler/enerjiyonetim/server.php(21): require_once('/home/bora/Proj...')
#38 {main}
"} 
[2021-09-05 23:03:06] local.ERROR: Class 'VoyagerBaseController' not found {"exception":"[object] (Symfony\\Component\\Debug\\Exception\\FatalThrowableError(code: 0): Class 'VoyagerBaseController' not found at /home/bora/Projeler/enerjiyonetim/app/Http/Controllers/Controller.php:6)
[stacktrace]
#0 /home/bora/Projeler/enerjiyonetim/vendor/composer/ClassLoader.php(480): include()
#1 /home/bora/Projeler/enerjiyonetim/vendor/composer/ClassLoader.php(346): Composer\\Autoload\\includeFile()
#2 [internal function]: Composer\\Autoload\\ClassLoader->loadClass()
#3 /home/bora/Projeler/enerjiyonetim/app/Http/Controllers/Ajax.php(16): spl_autoload_call()
#4 /home/bora/Projeler/enerjiyonetim/vendor/composer/ClassLoader.php(480): include('/home/bora/Proj...')
#5 /home/bora/Projeler/enerjiyonetim/vendor/composer/ClassLoader.php(346): Composer\\Autoload\\includeFile()
#6 [internal function]: Composer\\Autoload\\ClassLoader->loadClass()
#7 [internal function]: spl_autoload_call()
#8 /home/bora/Projeler/enerjiyonetim/vendor/laravel/framework/src/Illuminate/Container/Container.php(803): ReflectionClass->__construct()
#9 /home/bora/Projeler/enerjiyonetim/vendor/laravel/framework/src/Illuminate/Container/Container.php(681): Illuminate\\Container\\Container->build()
#10 /home/bora/Projeler/enerjiyonetim/vendor/laravel/framework/src/Illuminate/Foundation/Application.php(785): Illuminate\\Container\\Container->resolve()
#11 /home/bora/Projeler/enerjiyonetim/vendor/laravel/framework/src/Illuminate/Container/Container.php(629): Illuminate\\Foundation\\Application->resolve()
#12 /home/bora/Projeler/enerjiyonetim/vendor/laravel/framework/src/Illuminate/Foundation/Application.php(770): Illuminate\\Container\\Container->make()
#13 /home/bora/Projeler/enerjiyonetim/vendor/laravel/framework/src/Illuminate/Routing/Route.php(233): Illuminate\\Foundation\\Application->make()
#14 /home/bora/Projeler/enerjiyonetim/vendor/laravel/framework/src/Illuminate/Routing/Route.php(833): Illuminate\\Routing\\Route->getController()
#15 /home/bora/Projeler/enerjiyonetim/vendor/laravel/framework/src/Illuminate/Routing/Route.php(794): Illuminate\\Routing\\Route->controllerMiddleware()
#16 /home/bora/Projeler/enerjiyonetim/vendor/laravel/framework/src/Illuminate/Routing/Router.php(694): Illuminate\\Routing\\Route->gatherMiddleware()
#17 /home/bora/Projeler/enerjiyonetim/vendor/laravel/framework/src/Illuminate/Routing/Router.php(674): Illuminate\\Routing\\Router->gatherRouteMiddleware()
#18 /home/bora/Projeler/enerjiyonetim/vendor/laravel/framework/src/Illuminate/Routing/Router.php(658): Illuminate\\Routing\\Router->runRouteWithinStack()
#19 /home/bora/Projeler/enerjiyonetim/vendor/laravel/framework/src/Illuminate/Routing/Router.php(624): Illuminate\\Routing\\Router->runRoute()
#20 /home/bora/Projeler/enerjiyonetim/vendor/laravel/framework/src/Illuminate/Routing/Router.php(613): Illuminate\\Routing\\Router->dispatchToRoute()
#21 /home/bora/Projeler/enerjiyonetim/vendor/laravel/framework/src/Illuminate/Foundation/Http/Kernel.php(170): Illuminate\\Routing\\Router->dispatch()
#22 /home/bora/Projeler/enerjiyonetim/vendor/laravel/framework/src/Illuminate/Pipeline/Pipeline.php(130): Illuminate\\Foundation\\Http\\Kernel->Illuminate\\Foundation\\Http\\{closure}()
#23 /home/bora/Projeler/enerjiyonetim/vendor/laravel/framework/src/Illuminate/Foundation/Http/Middleware/TransformsRequest.php(21): Illuminate\\Pipeline\\Pipeline->Illuminate\\Pipeline\\{closure}()
#24 /home/bora/Projeler/enerjiyonetim/vendor/laravel/framework/src/Illuminate/Pipeline/Pipeline.php(171): Illuminate\\Foundation\\Http\\Middleware\\TransformsRequest->handle()
#25 /home/bora/Projeler/enerjiyonetim/vendor/laravel/framework/src/Illuminate/Foundation/Http/Middleware/TransformsRequest.php(21): Illuminate\\Pipeline\\Pipeline->Illuminate\\Pipeline\\{closure}()
#26 /home/bora/Projeler/enerjiyonetim/vendor/laravel/framework/src/Illuminate/Pipeline/Pipeline.php(171): Illuminate\\Foundation\\Http\\Middleware\\TransformsRequest->handle()
#27 /home/bora/Projeler/enerjiyonetim/vendor/laravel/framework/src/Illuminate/Foundation/Http/Middleware/ValidatePostSize.php(27): Illuminate\\Pipeline\\Pipeline->Illuminate\\Pipeline\\{closure}()
#28 /home/bora/Projeler/enerjiyonetim/vendor/laravel/framework/src/Illuminate/Pipeline/Pipeline.php(171): Illuminate\\Foundation\\Http\\Middleware\\ValidatePostSize->handle()
#29 /home/bora/Projeler/enerjiyonetim/vendor/laravel/framework/src/Illuminate/Foundation/Http/Middleware/CheckForMaintenanceMode.php(63): Illuminate\\Pipeline\\Pipeline->Illuminate\\Pipeline\\{closure}()
#30 /home/bora/Projeler/enerjiyonetim/vendor/laravel/framework/src/Illuminate/Pipeline/Pipeline.php(171): Illuminate\\Foundation\\Http\\Middleware\\CheckForMaintenanceMode->handle()
#31 /home/bora/Projeler/enerjiyonetim/vendor/fideloper/proxy/src/TrustProxies.php(57): Illuminate\\Pipeline\\Pipeline->Illuminate\\Pipeline\\{closure}()
#32 /home/bora/Projeler/enerjiyonetim/vendor/laravel/framework/src/Illuminate/Pipeline/Pipeline.php(171): Fideloper\\Proxy\\TrustProxies->handle()
#33 /home/bora/Projeler/enerjiyonetim/vendor/laravel/framework/src/Illuminate/Pipeline/Pipeline.php(105): Illuminate\\Pipeline\\Pipeline->Illuminate\\Pipeline\\{closure}()
#34 /home/bora/Projeler/enerjiyonetim/vendor/laravel/framework/src/Illuminate/Foundation/Http/Kernel.php(145): Illuminate\\Pipeline\\Pipeline->then()
#35 /home/bora/Projeler/enerjiyonetim/vendor/laravel/framework/src/Illuminate/Foundation/Http/Kernel.php(110): Illuminate\\Foundation\\Http\\Kernel->sendRequestThroughRouter()
#36 /home/bora/Projeler/enerjiyonetim/public/index.php(55): Illuminate\\Foundation\\Http\\Kernel->handle()
#37 /home/bora/Projeler/enerjiyonetim/server.php(21): require_once('/home/bora/Proj...')
#38 {main}
"} 
[2021-09-05 23:03:09] local.ERROR: Class 'VoyagerBaseController' not found {"exception":"[object] (Symfony\\Component\\Debug\\Exception\\FatalThrowableError(code: 0): Class 'VoyagerBaseController' not found at /home/bora/Projeler/enerjiyonetim/app/Http/Controllers/Faults.php:13)
[stacktrace]
#0 /home/bora/Projeler/enerjiyonetim/vendor/composer/ClassLoader.php(480): include()
#1 /home/bora/Projeler/enerjiyonetim/vendor/composer/ClassLoader.php(346): Composer\\Autoload\\includeFile()
#2 [internal function]: Composer\\Autoload\\ClassLoader->loadClass()
#3 [internal function]: spl_autoload_call()
#4 /home/bora/Projeler/enerjiyonetim/vendor/laravel/framework/src/Illuminate/Container/Container.php(803): ReflectionClass->__construct()
#5 /home/bora/Projeler/enerjiyonetim/vendor/laravel/framework/src/Illuminate/Container/Container.php(681): Illuminate\\Container\\Container->build()
#6 /home/bora/Projeler/enerjiyonetim/vendor/laravel/framework/src/Illuminate/Foundation/Application.php(785): Illuminate\\Container\\Container->resolve()
#7 /home/bora/Projeler/enerjiyonetim/vendor/laravel/framework/src/Illuminate/Container/Container.php(629): Illuminate\\Foundation\\Application->resolve()
#8 /home/bora/Projeler/enerjiyonetim/vendor/laravel/framework/src/Illuminate/Foundation/Application.php(770): Illuminate\\Container\\Container->make()
#9 /home/bora/Projeler/enerjiyonetim/vendor/laravel/framework/src/Illuminate/Routing/Route.php(233): Illuminate\\Foundation\\Application->make()
#10 /home/bora/Projeler/enerjiyonetim/vendor/laravel/framework/src/Illuminate/Routing/Route.php(833): Illuminate\\Routing\\Route->getController()
#11 /home/bora/Projeler/enerjiyonetim/vendor/laravel/framework/src/Illuminate/Routing/Route.php(794): Illuminate\\Routing\\Route->controllerMiddleware()
#12 /home/bora/Projeler/enerjiyonetim/vendor/laravel/framework/src/Illuminate/Routing/Router.php(694): Illuminate\\Routing\\Route->gatherMiddleware()
#13 /home/bora/Projeler/enerjiyonetim/vendor/laravel/framework/src/Illuminate/Routing/Router.php(674): Illuminate\\Routing\\Router->gatherRouteMiddleware()
#14 /home/bora/Projeler/enerjiyonetim/vendor/laravel/framework/src/Illuminate/Routing/Router.php(658): Illuminate\\Routing\\Router->runRouteWithinStack()
#15 /home/bora/Projeler/enerjiyonetim/vendor/laravel/framework/src/Illuminate/Routing/Router.php(624): Illuminate\\Routing\\Router->runRoute()
#16 /home/bora/Projeler/enerjiyonetim/vendor/laravel/framework/src/Illuminate/Routing/Router.php(613): Illuminate\\Routing\\Router->dispatchToRoute()
#17 /home/bora/Projeler/enerjiyonetim/vendor/laravel/framework/src/Illuminate/Foundation/Http/Kernel.php(170): Illuminate\\Routing\\Router->dispatch()
#18 /home/bora/Projeler/enerjiyonetim/vendor/laravel/framework/src/Illuminate/Pipeline/Pipeline.php(130): Illuminate\\Foundation\\Http\\Kernel->Illuminate\\Foundation\\Http\\{closure}()
#19 /home/bora/Projeler/enerjiyonetim/vendor/laravel/framework/src/Illuminate/Foundation/Http/Middleware/TransformsRequest.php(21): Illuminate\\Pipeline\\Pipeline->Illuminate\\Pipeline\\{closure}()
#20 /home/bora/Projeler/enerjiyonetim/vendor/laravel/framework/src/Illuminate/Pipeline/Pipeline.php(171): Illuminate\\Foundation\\Http\\Middleware\\TransformsRequest->handle()
#21 /home/bora/Projeler/enerjiyonetim/vendor/laravel/framework/src/Illuminate/Foundation/Http/Middleware/TransformsRequest.php(21): Illuminate\\Pipeline\\Pipeline->Illuminate\\Pipeline\\{closure}()
#22 /home/bora/Projeler/enerjiyonetim/vendor/laravel/framework/src/Illuminate/Pipeline/Pipeline.php(171): Illuminate\\Foundation\\Http\\Middleware\\TransformsRequest->handle()
#23 /home/bora/Projeler/enerjiyonetim/vendor/laravel/framework/src/Illuminate/Foundation/Http/Middleware/ValidatePostSize.php(27): Illuminate\\Pipeline\\Pipeline->Illuminate\\Pipeline\\{closure}()
#24 /home/bora/Projeler/enerjiyonetim/vendor/laravel/framework/src/Illuminate/Pipeline/Pipeline.php(171): Illuminate\\Foundation\\Http\\Middleware\\ValidatePostSize->handle()
#25 /home/bora/Projeler/enerjiyonetim/vendor/laravel/framework/src/Illuminate/Foundation/Http/Middleware/CheckForMaintenanceMode.php(63): Illuminate\\Pipeline\\Pipeline->Illuminate\\Pipeline\\{closure}()
#26 /home/bora/Projeler/enerjiyonetim/vendor/laravel/framework/src/Illuminate/Pipeline/Pipeline.php(171): Illuminate\\Foundation\\Http\\Middleware\\CheckForMaintenanceMode->handle()
#27 /home/bora/Projeler/enerjiyonetim/vendor/fideloper/proxy/src/TrustProxies.php(57): Illuminate\\Pipeline\\Pipeline->Illuminate\\Pipeline\\{closure}()
#28 /home/bora/Projeler/enerjiyonetim/vendor/laravel/framework/src/Illuminate/Pipeline/Pipeline.php(171): Fideloper\\Proxy\\TrustProxies->handle()
#29 /home/bora/Projeler/enerjiyonetim/vendor/laravel/framework/src/Illuminate/Pipeline/Pipeline.php(105): Illuminate\\Pipeline\\Pipeline->Illuminate\\Pipeline\\{closure}()
#30 /home/bora/Projeler/enerjiyonetim/vendor/laravel/framework/src/Illuminate/Foundation/Http/Kernel.php(145): Illuminate\\Pipeline\\Pipeline->then()
#31 /home/bora/Projeler/enerjiyonetim/vendor/laravel/framework/src/Illuminate/Foundation/Http/Kernel.php(110): Illuminate\\Foundation\\Http\\Kernel->sendRequestThroughRouter()
#32 /home/bora/Projeler/enerjiyonetim/public/index.php(55): Illuminate\\Foundation\\Http\\Kernel->handle()
#33 /home/bora/Projeler/enerjiyonetim/server.php(21): require_once('/home/bora/Proj...')
#34 {main}
"} 
